ADMINISTRATIVE CODE, ADAMS,3
ADMINISTRATIVE CODE, BOSTON SECOR,1
ADMINISTRATIVE CODE, BRONXDALE,2
ADMINISTRATIVE CODE, BUTLER,2
ADMINISTRATIVE CODE, CASTLE HILL,4
ADMINISTRATIVE CODE, CLAREMONT REHAB GROUP 2,2
ADMINISTRATIVE CODE, CLAREMONT REHAB GROUP 5,1
ADMINISTRATIVE CODE, CLASON POINT GARDENS,1
ADMINISTRATIVE CODE, EAST 165TH STREET-BRYANT AVENUE,2
ADMINISTRATIVE CODE, EAST 180TH STREET-MONTEREY AVENUE,2
ADMINISTRATIVE CODE, EASTCHESTER GARDENS,3
ADMINISTRATIVE CODE, EDENWALD,1
ADMINISTRATIVE CODE, GUN HILL,1
ADMINISTRATIVE CODE, HIGHBRIDGE GARDENS,1
ADMINISTRATIVE CODE, HOE AVENUE-EAST 173RD STREET,1
ADMINISTRATIVE CODE, MACOMBS ROAD,1
ADMINISTRATIVE CODE, MARBLE HILL,1
ADMINISTRATIVE CODE, MITCHEL,2
ADMINISTRATIVE CODE, MONROE,4
ADMINISTRATIVE CODE, PARKSIDE,2
ADMINISTRATIVE CODE, PATTERSON,4
ADMINISTRATIVE CODE, PELHAM PARKWAY,3
ADMINISTRATIVE CODE, SEDGWICK,1
ADMINISTRATIVE CODE, SOUNDVIEW,1
ADMINISTRATIVE CODE, SOUTH BRONX AREA SITE 402,2
ADMINISTRATIVE CODE, THROGGS NECK,4
ADMINISTRATIVE CODE, UNIVERSITY AVENUE REHAB,1
AGRICULTURE & MRKTS LAW-UNCLASSIFIED, CASTLE HILL,1
AGRICULTURE & MRKTS LAW-UNCLASSIFIED, CLAREMONT REHAB GROUP 5,1
AGRICULTURE & MRKTS LAW-UNCLASSIFIED, MORRIS I,1
AGRICULTURE & MRKTS LAW-UNCLASSIFIED, MORRIS II,2
AGRICULTURE & MRKTS LAW-UNCLASSIFIED, SOUNDVIEW,1
AGRICULTURE & MRKTS LAW-UNCLASSIFIED, THROGGS NECK,1
ALCOHOLIC BEVERAGE CONTROL LAW, BRONX RIVER,1
ARSON, 1162-1176 WASHINGTON AVENUE,5
ARSON, ADAMS,23
ARSON, BAILEY AVENUE-WEST 193RD STREET,3
ARSON, BETANCES I,9
ARSON, BOSTON ROAD PLAZA,1
ARSON, BOSTON SECOR,17
ARSON, BOYNTON AVENUE REHAB,1
ARSON, BRONX RIVER,15
ARSON, BRONXDALE,23
ARSON, BRYANT AVENUE-EAST 174TH STREET,1
ARSON, BUTLER,123
ARSON, CASTLE HILL,74
ARSON, CLAREMONT PARKWAY-FRANKLIN AVENUE,2
ARSON, CLAREMONT REHAB GROUP 2,1
ARSON, CLAREMONT REHAB GROUP 3,1
ARSON, CLAREMONT REHAB GROUP 4,2
ARSON, CLASON POINT GARDENS,1
ARSON, DAVIDSON,5
ARSON, EAGLE AVENUE-EAST 163RD STREET,4
ARSON, EAST 173RD STREET-VYSE AVENUE,2
ARSON, EAST 180TH STREET-MONTEREY AVENUE,4
ARSON, EASTCHESTER GARDENS,20
ARSON, EDENWALD,2
ARSON, FOREST,7
ARSON, FORT INDEPENDENCE STREET-HEATH AVENUE,11
ARSON, GUN HILL,3
ARSON, HARRISON AVENUE REHAB GROUP B,1
ARSON, HIGHBRIDGE GARDENS,8
ARSON, HIGHBRIDGE REHABS ANDERSON AVENUE,2
ARSON, HIGHBRIDGE REHABS NELSON AVENUE,1
ARSON, HOE AVENUE-EAST 173RD STREET,1
ARSON, JACKSON,20
ARSON, LONGFELLOW AVENUE REHAB,1
ARSON, MARBLE HILL,35
ARSON, MCKINLEY,6
ARSON, MELROSE,7
ARSON, MILL BROOK,19
ARSON, MILL BROOK EXTENSION,7
ARSON, MITCHEL,33
ARSON, MONROE,22
ARSON, MOORE,8
ARSON, MORRIS HEIGHTS REHAB,1
ARSON, MORRIS I,33
ARSON, MORRIS II,22
ARSON, MORRISANIA,3
ARSON, MORRISANIA AIR RIGHTS 42,8
ARSON, MOTT HAVEN,5
ARSON, MURPHY,12
ARSON, PARKSIDE,13
ARSON, PATTERSON,8
ARSON, PELHAM PARKWAY,14
ARSON, RANDALL AVENUE-BALCOM AVENUE,1
ARSON, SACK WERN,4
ARSON, "SAINT MARYS PARK",36
ARSON, SEDGWICK,3
ARSON, SOUNDVIEW,14
ARSON, SOUTH BRONX AREA SITE 402,2
ARSON, STEBBINS AVENUE-HEWITT PLACE,2
ARSON, TELLER AVENUE-EAST 166TH STREET,1
ARSON, THROGGS NECK,10
ARSON, THROGGS NECK ADDITION,7
ARSON, TWIN PARKS EAST SITE 9,1
ARSON, TWIN PARKS WEST SITE 1 & 2,18
ARSON, UNIVERSITY AVENUE REHAB,1
ARSON, WEBSTER,13
ARSON, WEST FARMS ROAD REHAB,2
ASSAULT 3 & RELATED OFFENSES, 1010 EAST 178TH STREET,1
ASSAULT 3 & RELATED OFFENSES, 1162-1176 WASHINGTON AVENUE,38
ASSAULT 3 & RELATED OFFENSES, 1471 WATSON AVENUE,26
ASSAULT 3 & RELATED OFFENSES, ADAMS,281
ASSAULT 3 & RELATED OFFENSES, BAILEY AVENUE-WEST 193RD STREET,70
ASSAULT 3 & RELATED OFFENSES, BAYCHESTER,8
ASSAULT 3 & RELATED OFFENSES, BETANCES I,64
ASSAULT 3 & RELATED OFFENSES, BETANCES III,12
ASSAULT 3 & RELATED OFFENSES, BETANCES VI,3
ASSAULT 3 & RELATED OFFENSES, BOSTON ROAD PLAZA,8
ASSAULT 3 & RELATED OFFENSES, BOSTON SECOR,217
ASSAULT 3 & RELATED OFFENSES, BOYNTON AVENUE REHAB,35
ASSAULT 3 & RELATED OFFENSES, BRONX RIVER,356
ASSAULT 3 & RELATED OFFENSES, BRONX RIVER ADDITION,12
ASSAULT 3 & RELATED OFFENSES, BRONXDALE,562
ASSAULT 3 & RELATED OFFENSES, BRYANT AVENUE-EAST 174TH STREET,11
ASSAULT 3 & RELATED OFFENSES, BUTLER,587
ASSAULT 3 & RELATED OFFENSES, CASTLE HILL,1034
ASSAULT 3 & RELATED OFFENSES, CLAREMONT PARKWAY-FRANKLIN AVENUE,17
ASSAULT 3 & RELATED OFFENSES, CLAREMONT REHAB GROUP 2,21
ASSAULT 3 & RELATED OFFENSES, CLAREMONT REHAB GROUP 3,24
ASSAULT 3 & RELATED OFFENSES, CLAREMONT REHAB GROUP 4,42
ASSAULT 3 & RELATED OFFENSES, CLAREMONT REHAB GROUP 5,30
ASSAULT 3 & RELATED OFFENSES, CLASON POINT GARDENS,163
ASSAULT 3 & RELATED OFFENSES, COLLEGE AVENUE-EAST 165TH STREET,4
ASSAULT 3 & RELATED OFFENSES, DAVIDSON,59
ASSAULT 3 & RELATED OFFENSES, EAGLE AVENUE-EAST 163RD STREET,35
ASSAULT 3 & RELATED OFFENSES, EAST 165TH STREET-BRYANT AVENUE,17
ASSAULT 3 & RELATED OFFENSES, EAST 173RD STREET-VYSE AVENUE,63
ASSAULT 3 & RELATED OFFENSES, EAST 180TH STREET-MONTEREY AVENUE,44
ASSAULT 3 & RELATED OFFENSES, EASTCHESTER GARDENS,250
ASSAULT 3 & RELATED OFFENSES, EDENWALD,101
ASSAULT 3 & RELATED OFFENSES, FOREST,128
ASSAULT 3 & RELATED OFFENSES, FORT INDEPENDENCE STREET-HEATH AVENUE,125
ASSAULT 3 & RELATED OFFENSES, FRANKLIN AVENUE I CONVENTIONAL,19
ASSAULT 3 & RELATED OFFENSES, FRANKLIN AVENUE I MHOP,1
ASSAULT 3 & RELATED OFFENSES, FRANKLIN AVENUE II CONVENTIONAL,19
ASSAULT 3 & RELATED OFFENSES, FRANKLIN AVENUE III CONVENTIONAL,2
ASSAULT 3 & RELATED OFFENSES, GLEBE AVENUE-WESTCHESTER AVENUE,6
ASSAULT 3 & RELATED OFFENSES, GUN HILL,153
ASSAULT 3 & RELATED OFFENSES, HARRISON AVENUE REHAB GROUP A,14
ASSAULT 3 & RELATED OFFENSES, HARRISON AVENUE REHAB GROUP B,38
ASSAULT 3 & RELATED OFFENSES, HIGHBRIDGE GARDENS,163
ASSAULT 3 & RELATED OFFENSES, HIGHBRIDGE REHABS ANDERSON AVENUE,23
ASSAULT 3 & RELATED OFFENSES, HIGHBRIDGE REHABS NELSON AVENUE,25
ASSAULT 3 & RELATED OFFENSES, HOE AVENUE-EAST 173RD STREET,21
ASSAULT 3 & RELATED OFFENSES, JACKSON,253
ASSAULT 3 & RELATED OFFENSES, JENNINGS STREET,4
ASSAULT 3 & RELATED OFFENSES, LONGFELLOW AVENUE REHAB,47
ASSAULT 3 & RELATED OFFENSES, MACOMBS ROAD,14
ASSAULT 3 & RELATED OFFENSES, MARBLE HILL,274
ASSAULT 3 & RELATED OFFENSES, MCKINLEY,58
ASSAULT 3 & RELATED OFFENSES, MELROSE,131
ASSAULT 3 & RELATED OFFENSES, MIDDLETOWN PLAZA,3
ASSAULT 3 & RELATED OFFENSES, MILL BROOK,152
ASSAULT 3 & RELATED OFFENSES, MILL BROOK EXTENSION,63
ASSAULT 3 & RELATED OFFENSES, MITCHEL,361
ASSAULT 3 & RELATED OFFENSES, MONROE,443
ASSAULT 3 & RELATED OFFENSES, MOORE,109
ASSAULT 3 & RELATED OFFENSES, MORRIS HEIGHTS REHAB,30
ASSAULT 3 & RELATED OFFENSES, MORRIS I,302
ASSAULT 3 & RELATED OFFENSES, MORRIS II,242
ASSAULT 3 & RELATED OFFENSES, MORRISANIA,49
ASSAULT 3 & RELATED OFFENSES, MORRISANIA AIR RIGHTS 42,39
ASSAULT 3 & RELATED OFFENSES, MOTT HAVEN,84
ASSAULT 3 & RELATED OFFENSES, MURPHY,123
ASSAULT 3 & RELATED OFFENSES, PARKSIDE,214
ASSAULT 3 & RELATED OFFENSES, PATTERSON,164
ASSAULT 3 & RELATED OFFENSES, PELHAM PARKWAY,294
ASSAULT 3 & RELATED OFFENSES, RANDALL AVENUE-BALCOM AVENUE,3
ASSAULT 3 & RELATED OFFENSES, SACK WERN,134
ASSAULT 3 & RELATED OFFENSES, "SAINT MARYS PARK",290
ASSAULT 3 & RELATED OFFENSES, SEDGWICK,42
ASSAULT 3 & RELATED OFFENSES, SOUNDVIEW,583
ASSAULT 3 & RELATED OFFENSES, SOUTH BRONX AREA SITE 402,46
ASSAULT 3 & RELATED OFFENSES, SOUTHERN BOULEVARD,9
ASSAULT 3 & RELATED OFFENSES, STEBBINS AVENUE-HEWITT PLACE,18
ASSAULT 3 & RELATED OFFENSES, TELLER AVENUE-EAST 166TH STREET,20
ASSAULT 3 & RELATED OFFENSES, THROGGS NECK,580
ASSAULT 3 & RELATED OFFENSES, THROGGS NECK ADDITION,113
ASSAULT 3 & RELATED OFFENSES, TWIN PARKS EAST SITE 9,8
ASSAULT 3 & RELATED OFFENSES, TWIN PARKS WEST SITE 1 & 2,55
ASSAULT 3 & RELATED OFFENSES, UNION AVENUE-EAST 163RD STREET,9
ASSAULT 3 & RELATED OFFENSES, UNION AVENUE-EAST 166TH STREET,25
ASSAULT 3 & RELATED OFFENSES, UNIVERSITY AVENUE REHAB,73
ASSAULT 3 & RELATED OFFENSES, WEBSTER,161
ASSAULT 3 & RELATED OFFENSES, WEST FARMS ROAD REHAB,40
ASSAULT 3 & RELATED OFFENSES, WEST TREMONT AVENUE-SEDGWICK AVENUE AREA,12
ASSAULT 3 & RELATED OFFENSES, WEST TREMONT REHAB GROUP 1,3
ASSAULT 3 & RELATED OFFENSES, WEST TREMONT REHAB GROUP 2,8
ASSAULT 3 & RELATED OFFENSES, WEST TREMONT REHAB GROUP 3,20
"BURGLARS TOOLS", BRONXDALE,1
"BURGLARS TOOLS", PARKSIDE,1
"BURGLARS TOOLS", PATTERSON,1
"BURGLARS TOOLS", PELHAM PARKWAY,2
"BURGLARS TOOLS", UNIVERSITY AVENUE REHAB,1
BURGLARY, 1162-1176 WASHINGTON AVENUE,9
BURGLARY, 1471 WATSON AVENUE,3
BURGLARY, ADAMS,22
BURGLARY, BAILEY AVENUE-WEST 193RD STREET,16
BURGLARY, BAYCHESTER,1
BURGLARY, BETANCES I,6
BURGLARY, BETANCES III,2
BURGLARY, BETANCES VI,2
BURGLARY, BOSTON ROAD PLAZA,3
BURGLARY, BOSTON SECOR,9
BURGLARY, BOYNTON AVENUE REHAB,5
BURGLARY, BRONX RIVER,16
BURGLARY, BRONX RIVER ADDITION,1
BURGLARY, BRONXDALE,34
BURGLARY, BRYANT AVENUE-EAST 174TH STREET,2
BURGLARY, BUTLER,51
BURGLARY, CASTLE HILL,57
BURGLARY, CLAREMONT REHAB GROUP 2,3
BURGLARY, CLAREMONT REHAB GROUP 3,5
BURGLARY, CLAREMONT REHAB GROUP 4,13
BURGLARY, CLAREMONT REHAB GROUP 5,5
BURGLARY, CLASON POINT GARDENS,12
BURGLARY, COLLEGE AVENUE-EAST 165TH STREET,3
BURGLARY, DAVIDSON,12
BURGLARY, EAGLE AVENUE-EAST 163RD STREET,5
BURGLARY, EAST 165TH STREET-BRYANT AVENUE,1
BURGLARY, EAST 173RD STREET-VYSE AVENUE,6
BURGLARY, EAST 180TH STREET-MONTEREY AVENUE,5
BURGLARY, EASTCHESTER GARDENS,16
BURGLARY, EDENWALD,5
BURGLARY, FOREST,6
BURGLARY, FORT INDEPENDENCE STREET-HEATH AVENUE,4
BURGLARY, FRANKLIN AVENUE I CONVENTIONAL,1
BURGLARY, FRANKLIN AVENUE II CONVENTIONAL,1
BURGLARY, FRANKLIN AVENUE III CONVENTIONAL,1
BURGLARY, GLEBE AVENUE-WESTCHESTER AVENUE,1
BURGLARY, GUN HILL,9
BURGLARY, HARRISON AVENUE REHAB GROUP A,2
BURGLARY, HARRISON AVENUE REHAB GROUP B,3
BURGLARY, HIGHBRIDGE GARDENS,15
BURGLARY, HIGHBRIDGE REHABS ANDERSON AVENUE,3
BURGLARY, HIGHBRIDGE REHABS NELSON AVENUE,2
BURGLARY, HOE AVENUE-EAST 173RD STREET,6
BURGLARY, JACKSON,7
BURGLARY, LONGFELLOW AVENUE REHAB,2
BURGLARY, MACOMBS ROAD,5
BURGLARY, MARBLE HILL,21
BURGLARY, MELROSE,1
BURGLARY, MIDDLETOWN PLAZA,3
BURGLARY, MILL BROOK,7
BURGLARY, MILL BROOK EXTENSION,4
BURGLARY, MITCHEL,11
BURGLARY, MONROE,20
BURGLARY, MOORE,5
BURGLARY, MORRIS HEIGHTS REHAB,2
BURGLARY, MORRIS I,17
BURGLARY, MORRIS II,10
BURGLARY, MORRISANIA,1
BURGLARY, MORRISANIA AIR RIGHTS 42,5
BURGLARY, MOTT HAVEN,2
BURGLARY, MURPHY,12
BURGLARY, PARKSIDE,19
BURGLARY, PATTERSON,16
BURGLARY, PELHAM PARKWAY,34
BURGLARY, RANDALL AVENUE-BALCOM AVENUE,5
BURGLARY, SACK WERN,13
BURGLARY, "SAINT MARYS PARK",23
BURGLARY, SEDGWICK,3
BURGLARY, SOUNDVIEW,55
BURGLARY, SOUTH BRONX AREA SITE 402,1
BURGLARY, STEBBINS AVENUE-HEWITT PLACE,1
BURGLARY, TELLER AVENUE-EAST 166TH STREET,5
BURGLARY, THROGGS NECK,26
BURGLARY, THROGGS NECK ADDITION,7
BURGLARY, TWIN PARKS EAST SITE 9,6
BURGLARY, TWIN PARKS WEST SITE 1 & 2,6
BURGLARY, UNION AVENUE-EAST 163RD STREET,2
BURGLARY, UNION AVENUE-EAST 166TH STREET,1
BURGLARY, UNIVERSITY AVENUE REHAB,8
BURGLARY, WEBSTER,8
BURGLARY, WEST FARMS ROAD REHAB,10
BURGLARY, WEST TREMONT REHAB GROUP 1,2
BURGLARY, WEST TREMONT REHAB GROUP 2,1
BURGLARY, WEST TREMONT REHAB GROUP 3,4
CHILD ABANDONMENT/NON SUPPORT, BRONXDALE,2
CHILD ABANDONMENT/NON SUPPORT, FOREST,1
CHILD ABANDONMENT/NON SUPPORT, GUN HILL,2
CHILD ABANDONMENT/NON SUPPORT, HIGHBRIDGE GARDENS,1
CHILD ABANDONMENT/NON SUPPORT, MITCHEL,1
CHILD ABANDONMENT/NON SUPPORT, MURPHY,1
CHILD ABANDONMENT/NON SUPPORT, THROGGS NECK,1
CRIMINAL MISCHIEF & RELATED OF, 1162-1176 WASHINGTON AVENUE,22
CRIMINAL MISCHIEF & RELATED OF, 1471 WATSON AVENUE,16
CRIMINAL MISCHIEF & RELATED OF, ADAMS,128
CRIMINAL MISCHIEF & RELATED OF, BAILEY AVENUE-WEST 193RD STREET,57
CRIMINAL MISCHIEF & RELATED OF, BAYCHESTER,1
CRIMINAL MISCHIEF & RELATED OF, BETANCES I,58
CRIMINAL MISCHIEF & RELATED OF, BETANCES III,2
CRIMINAL MISCHIEF & RELATED OF, BETANCES VI,1
CRIMINAL MISCHIEF & RELATED OF, BOSTON ROAD PLAZA,20
CRIMINAL MISCHIEF & RELATED OF, BOSTON SECOR,142
CRIMINAL MISCHIEF & RELATED OF, BOYNTON AVENUE REHAB,20
CRIMINAL MISCHIEF & RELATED OF, BRONX RIVER,168
CRIMINAL MISCHIEF & RELATED OF, BRONX RIVER ADDITION,14
CRIMINAL MISCHIEF & RELATED OF, BRONXDALE,340
CRIMINAL MISCHIEF & RELATED OF, BRYANT AVENUE-EAST 174TH STREET,8
CRIMINAL MISCHIEF & RELATED OF, BUTLER,350
CRIMINAL MISCHIEF & RELATED OF, CASTLE HILL,600
CRIMINAL MISCHIEF & RELATED OF, CLAREMONT PARKWAY-FRANKLIN AVENUE,10
CRIMINAL MISCHIEF & RELATED OF, CLAREMONT REHAB GROUP 2,28
CRIMINAL MISCHIEF & RELATED OF, CLAREMONT REHAB GROUP 3,14
CRIMINAL MISCHIEF & RELATED OF, CLAREMONT REHAB GROUP 4,20
CRIMINAL MISCHIEF & RELATED OF, CLAREMONT REHAB GROUP 5,14
CRIMINAL MISCHIEF & RELATED OF, CLASON POINT GARDENS,133
CRIMINAL MISCHIEF & RELATED OF, CLINTON,1
CRIMINAL MISCHIEF & RELATED OF, COLLEGE AVENUE-EAST 165TH STREET,11
CRIMINAL MISCHIEF & RELATED OF, DAVIDSON,59
CRIMINAL MISCHIEF & RELATED OF, EAGLE AVENUE-EAST 163RD STREET,25
CRIMINAL MISCHIEF & RELATED OF, EAST 165TH STREET-BRYANT AVENUE,12
CRIMINAL MISCHIEF & RELATED OF, EAST 173RD STREET-VYSE AVENUE,37
CRIMINAL MISCHIEF & RELATED OF, EAST 180TH STREET-MONTEREY AVENUE,29
CRIMINAL MISCHIEF & RELATED OF, EASTCHESTER GARDENS,158
CRIMINAL MISCHIEF & RELATED OF, EDENWALD,52
CRIMINAL MISCHIEF & RELATED OF, FOREST,88
CRIMINAL MISCHIEF & RELATED OF, FORT INDEPENDENCE STREET-HEATH AVENUE,92
CRIMINAL MISCHIEF & RELATED OF, FRANKLIN AVENUE I CONVENTIONAL,3
CRIMINAL MISCHIEF & RELATED OF, FRANKLIN AVENUE I MHOP,10
CRIMINAL MISCHIEF & RELATED OF, FRANKLIN AVENUE II CONVENTIONAL,10
CRIMINAL MISCHIEF & RELATED OF, FRANKLIN AVENUE II MHOP,1
CRIMINAL MISCHIEF & RELATED OF, FRANKLIN AVENUE III CONVENTIONAL,3
CRIMINAL MISCHIEF & RELATED OF, GLEBE AVENUE-WESTCHESTER AVENUE,10
CRIMINAL MISCHIEF & RELATED OF, GUN HILL,79
CRIMINAL MISCHIEF & RELATED OF, HARRISON AVENUE REHAB GROUP A,3
CRIMINAL MISCHIEF & RELATED OF, HARRISON AVENUE REHAB GROUP B,22
CRIMINAL MISCHIEF & RELATED OF, HIGHBRIDGE GARDENS,105
CRIMINAL MISCHIEF & RELATED OF, HIGHBRIDGE REHABS ANDERSON AVENUE,5
CRIMINAL MISCHIEF & RELATED OF, HIGHBRIDGE REHABS NELSON AVENUE,19
CRIMINAL MISCHIEF & RELATED OF, HOE AVENUE-EAST 173RD STREET,10
CRIMINAL MISCHIEF & RELATED OF, JACKSON,89
CRIMINAL MISCHIEF & RELATED OF, JENNINGS STREET,15
CRIMINAL MISCHIEF & RELATED OF, LONGFELLOW AVENUE REHAB,19
CRIMINAL MISCHIEF & RELATED OF, MACOMBS ROAD,14
CRIMINAL MISCHIEF & RELATED OF, MARBLE HILL,197
CRIMINAL MISCHIEF & RELATED OF, MCKINLEY,33
CRIMINAL MISCHIEF & RELATED OF, MELROSE,60
CRIMINAL MISCHIEF & RELATED OF, MIDDLETOWN PLAZA,1
CRIMINAL MISCHIEF & RELATED OF, MILL BROOK,86
CRIMINAL MISCHIEF & RELATED OF, MILL BROOK EXTENSION,31
CRIMINAL MISCHIEF & RELATED OF, MITCHEL,177
CRIMINAL MISCHIEF & RELATED OF, MONROE,251
CRIMINAL MISCHIEF & RELATED OF, MOORE,67
CRIMINAL MISCHIEF & RELATED OF, MORRIS HEIGHTS REHAB,21
CRIMINAL MISCHIEF & RELATED OF, MORRIS I,245
CRIMINAL MISCHIEF & RELATED OF, MORRIS II,164
CRIMINAL MISCHIEF & RELATED OF, MORRISANIA,20
CRIMINAL MISCHIEF & RELATED OF, MORRISANIA AIR RIGHTS 42,13
CRIMINAL MISCHIEF & RELATED OF, MOTT HAVEN,24
CRIMINAL MISCHIEF & RELATED OF, MURPHY,64
CRIMINAL MISCHIEF & RELATED OF, PARKSIDE,193
CRIMINAL MISCHIEF & RELATED OF, PATTERSON,102
CRIMINAL MISCHIEF & RELATED OF, PELHAM PARKWAY,237
CRIMINAL MISCHIEF & RELATED OF, RANDALL AVENUE-BALCOM AVENUE,22
CRIMINAL MISCHIEF & RELATED OF, SACK WERN,103
CRIMINAL MISCHIEF & RELATED OF, "SAINT MARYS PARK",200
CRIMINAL MISCHIEF & RELATED OF, SEDGWICK,19
CRIMINAL MISCHIEF & RELATED OF, SOUNDVIEW,286
CRIMINAL MISCHIEF & RELATED OF, SOUTH BRONX AREA SITE 402,29
CRIMINAL MISCHIEF & RELATED OF, SOUTHERN BOULEVARD,10
CRIMINAL MISCHIEF & RELATED OF, STEBBINS AVENUE-HEWITT PLACE,19
CRIMINAL MISCHIEF & RELATED OF, TELLER AVENUE-EAST 166TH STREET,22
CRIMINAL MISCHIEF & RELATED OF, THROGGS NECK,334
CRIMINAL MISCHIEF & RELATED OF, THROGGS NECK ADDITION,73
CRIMINAL MISCHIEF & RELATED OF, TWIN PARKS EAST SITE 9,16
CRIMINAL MISCHIEF & RELATED OF, TWIN PARKS WEST SITE 1 & 2,49
CRIMINAL MISCHIEF & RELATED OF, UNION AVENUE-EAST 163RD STREET,11
CRIMINAL MISCHIEF & RELATED OF, UNION AVENUE-EAST 166TH STREET,9
CRIMINAL MISCHIEF & RELATED OF, UNIVERSITY AVENUE REHAB,44
CRIMINAL MISCHIEF & RELATED OF, WEBSTER,94
CRIMINAL MISCHIEF & RELATED OF, WEST FARMS ROAD REHAB,20
CRIMINAL MISCHIEF & RELATED OF, WEST TREMONT AVENUE-SEDGWICK AVENUE AREA,14
CRIMINAL MISCHIEF & RELATED OF, WEST TREMONT REHAB GROUP 1,5
CRIMINAL MISCHIEF & RELATED OF, WEST TREMONT REHAB GROUP 2,14
CRIMINAL MISCHIEF & RELATED OF, WEST TREMONT REHAB GROUP 3,18
CRIMINAL TRESPASS, 1162-1176 WASHINGTON AVENUE,18
CRIMINAL TRESPASS, 1471 WATSON AVENUE,11
CRIMINAL TRESPASS, ADAMS,130
CRIMINAL TRESPASS, BAILEY AVENUE-WEST 193RD STREET,29
CRIMINAL TRESPASS, BETANCES I,28
CRIMINAL TRESPASS, BETANCES III,1
CRIMINAL TRESPASS, BOSTON ROAD PLAZA,5
CRIMINAL TRESPASS, BOSTON SECOR,24
CRIMINAL TRESPASS, BOYNTON AVENUE REHAB,15
CRIMINAL TRESPASS, BRONX RIVER,52
CRIMINAL TRESPASS, BRONX RIVER ADDITION,1
CRIMINAL TRESPASS, BRONXDALE,84
CRIMINAL TRESPASS, BRYANT AVENUE-EAST 174TH STREET,2
CRIMINAL TRESPASS, BUTLER,222
CRIMINAL TRESPASS, CASTLE HILL,95
CRIMINAL TRESPASS, CLAREMONT PARKWAY-FRANKLIN AVENUE,3
CRIMINAL TRESPASS, CLAREMONT REHAB GROUP 2,50
CRIMINAL TRESPASS, CLAREMONT REHAB GROUP 3,34
CRIMINAL TRESPASS, CLAREMONT REHAB GROUP 4,32
CRIMINAL TRESPASS, CLAREMONT REHAB GROUP 5,75
CRIMINAL TRESPASS, CLASON POINT GARDENS,7
CRIMINAL TRESPASS, COLLEGE AVENUE-EAST 165TH STREET,4
CRIMINAL TRESPASS, DAVIDSON,42
CRIMINAL TRESPASS, EAGLE AVENUE-EAST 163RD STREET,17
CRIMINAL TRESPASS, EAST 173RD STREET-VYSE AVENUE,23
CRIMINAL TRESPASS, EAST 180TH STREET-MONTEREY AVENUE,22
CRIMINAL TRESPASS, EASTCHESTER GARDENS,108
CRIMINAL TRESPASS, EDENWALD,25
CRIMINAL TRESPASS, FOREST,73
CRIMINAL TRESPASS, FORT INDEPENDENCE STREET-HEATH AVENUE,21
CRIMINAL TRESPASS, FRANKLIN AVENUE II CONVENTIONAL,1
CRIMINAL TRESPASS, GLEBE AVENUE-WESTCHESTER AVENUE,1
CRIMINAL TRESPASS, GUN HILL,14
CRIMINAL TRESPASS, HARRISON AVENUE REHAB GROUP B,3
CRIMINAL TRESPASS, HIGHBRIDGE GARDENS,121
CRIMINAL TRESPASS, HIGHBRIDGE REHABS ANDERSON AVENUE,6
CRIMINAL TRESPASS, HIGHBRIDGE REHABS NELSON AVENUE,12
CRIMINAL TRESPASS, HOE AVENUE-EAST 173RD STREET,13
CRIMINAL TRESPASS, JACKSON,62
CRIMINAL TRESPASS, LONGFELLOW AVENUE REHAB,10
CRIMINAL TRESPASS, MACOMBS ROAD,2
CRIMINAL TRESPASS, MARBLE HILL,26
CRIMINAL TRESPASS, MCKINLEY,31
CRIMINAL TRESPASS, MELROSE,71
CRIMINAL TRESPASS, MILL BROOK,98
CRIMINAL TRESPASS, MILL BROOK EXTENSION,34
CRIMINAL TRESPASS, MITCHEL,454
CRIMINAL TRESPASS, MONROE,65
CRIMINAL TRESPASS, MOORE,24
CRIMINAL TRESPASS, MORRIS I,37
CRIMINAL TRESPASS, MORRIS II,66
CRIMINAL TRESPASS, MORRISANIA,39
CRIMINAL TRESPASS, MORRISANIA AIR RIGHTS 42,13
CRIMINAL TRESPASS, MOTT HAVEN,56
CRIMINAL TRESPASS, MURPHY,66
CRIMINAL TRESPASS, PARKSIDE,59
CRIMINAL TRESPASS, PATTERSON,167
CRIMINAL TRESPASS, PELHAM PARKWAY,67
CRIMINAL TRESPASS, SACK WERN,21
CRIMINAL TRESPASS, "SAINT MARYS PARK",123
CRIMINAL TRESPASS, SEDGWICK,15
CRIMINAL TRESPASS, SOUNDVIEW,81
CRIMINAL TRESPASS, SOUTH BRONX AREA SITE 402,5
CRIMINAL TRESPASS, STEBBINS AVENUE-HEWITT PLACE,2
CRIMINAL TRESPASS, TELLER AVENUE-EAST 166TH STREET,55
CRIMINAL TRESPASS, THROGGS NECK,79
CRIMINAL TRESPASS, THROGGS NECK ADDITION,10
CRIMINAL TRESPASS, TWIN PARKS EAST SITE 9,2
CRIMINAL TRESPASS, TWIN PARKS WEST SITE 1 & 2,6
CRIMINAL TRESPASS, UNION AVENUE-EAST 163RD STREET,2
CRIMINAL TRESPASS, UNION AVENUE-EAST 166TH STREET,35
CRIMINAL TRESPASS, UNIVERSITY AVENUE REHAB,67
CRIMINAL TRESPASS, WEBSTER,228
CRIMINAL TRESPASS, WEST FARMS ROAD REHAB,5
CRIMINAL TRESPASS, WEST TREMONT AVENUE-SEDGWICK AVENUE AREA,5
CRIMINAL TRESPASS, WEST TREMONT REHAB GROUP 1,13
CRIMINAL TRESPASS, WEST TREMONT REHAB GROUP 2,1
CRIMINAL TRESPASS, WEST TREMONT REHAB GROUP 3,1
DANGEROUS DRUGS, 1162-1176 WASHINGTON AVENUE,111
DANGEROUS DRUGS, 1471 WATSON AVENUE,69
DANGEROUS DRUGS, ADAMS,516
DANGEROUS DRUGS, BAILEY AVENUE-WEST 193RD STREET,79
DANGEROUS DRUGS, BAYCHESTER,1
DANGEROUS DRUGS, BETANCES I,261
DANGEROUS DRUGS, BETANCES III,14
DANGEROUS DRUGS, BETANCES VI,3
DANGEROUS DRUGS, BOSTON ROAD PLAZA,7
DANGEROUS DRUGS, BOSTON SECOR,166
DANGEROUS DRUGS, BOYNTON AVENUE REHAB,72
DANGEROUS DRUGS, BRONX RIVER,489
DANGEROUS DRUGS, BRONX RIVER ADDITION,17
DANGEROUS DRUGS, BRONXDALE,807
DANGEROUS DRUGS, BRYANT AVENUE-EAST 174TH STREET,20
DANGEROUS DRUGS, BUTLER,943
DANGEROUS DRUGS, CASTLE HILL,1044
DANGEROUS DRUGS, CLAREMONT PARKWAY-FRANKLIN AVENUE,72
DANGEROUS DRUGS, CLAREMONT REHAB GROUP 2,179
DANGEROUS DRUGS, CLAREMONT REHAB GROUP 3,50
DANGEROUS DRUGS, CLAREMONT REHAB GROUP 4,109
DANGEROUS DRUGS, CLAREMONT REHAB GROUP 5,108
DANGEROUS DRUGS, CLASON POINT GARDENS,153
DANGEROUS DRUGS, COLLEGE AVENUE-EAST 165TH STREET,52
DANGEROUS DRUGS, DAVIDSON,257
DANGEROUS DRUGS, EAGLE AVENUE-EAST 163RD STREET,73
DANGEROUS DRUGS, EAST 165TH STREET-BRYANT AVENUE,21
DANGEROUS DRUGS, EAST 173RD STREET-VYSE AVENUE,212
DANGEROUS DRUGS, EAST 180TH STREET-MONTEREY AVENUE,21
DANGEROUS DRUGS, EASTCHESTER GARDENS,234
DANGEROUS DRUGS, EDENWALD,198
DANGEROUS DRUGS, FOREST,264
DANGEROUS DRUGS, FORT INDEPENDENCE STREET-HEATH AVENUE,143
DANGEROUS DRUGS, FRANKLIN AVENUE I CONVENTIONAL,12
DANGEROUS DRUGS, FRANKLIN AVENUE I MHOP,5
DANGEROUS DRUGS, FRANKLIN AVENUE II CONVENTIONAL,4
DANGEROUS DRUGS, FRANKLIN AVENUE II MHOP,2
DANGEROUS DRUGS, FRANKLIN AVENUE III CONVENTIONAL,6
DANGEROUS DRUGS, GLEBE AVENUE-WESTCHESTER AVENUE,13
DANGEROUS DRUGS, GUN HILL,121
DANGEROUS DRUGS, HARRISON AVENUE REHAB GROUP A,5
DANGEROUS DRUGS, HARRISON AVENUE REHAB GROUP B,42
DANGEROUS DRUGS, HIGHBRIDGE GARDENS,473
DANGEROUS DRUGS, HIGHBRIDGE REHABS ANDERSON AVENUE,87
DANGEROUS DRUGS, HIGHBRIDGE REHABS NELSON AVENUE,49
DANGEROUS DRUGS, HOE AVENUE-EAST 173RD STREET,50
DANGEROUS DRUGS, JACKSON,369
DANGEROUS DRUGS, JENNINGS STREET,2
DANGEROUS DRUGS, LONGFELLOW AVENUE REHAB,18
DANGEROUS DRUGS, MACOMBS ROAD,6
DANGEROUS DRUGS, MARBLE HILL,108
DANGEROUS DRUGS, MCKINLEY,148
DANGEROUS DRUGS, MELROSE,341
DANGEROUS DRUGS, MIDDLETOWN PLAZA,1
DANGEROUS DRUGS, MILL BROOK,212
DANGEROUS DRUGS, MILL BROOK EXTENSION,165
DANGEROUS DRUGS, MITCHEL,525
DANGEROUS DRUGS, MONROE,636
DANGEROUS DRUGS, MOORE,389
DANGEROUS DRUGS, MORRIS HEIGHTS REHAB,7
DANGEROUS DRUGS, MORRIS I,256
DANGEROUS DRUGS, MORRIS II,315
DANGEROUS DRUGS, MORRISANIA,147
DANGEROUS DRUGS, MORRISANIA AIR RIGHTS 42,123
DANGEROUS DRUGS, MOTT HAVEN,168
DANGEROUS DRUGS, MURPHY,177
DANGEROUS DRUGS, PARKSIDE,162
DANGEROUS DRUGS, PATTERSON,408
DANGEROUS DRUGS, PELHAM PARKWAY,244
DANGEROUS DRUGS, RANDALL AVENUE-BALCOM AVENUE,14
DANGEROUS DRUGS, SACK WERN,182
DANGEROUS DRUGS, "SAINT MARYS PARK",474
DANGEROUS DRUGS, SEDGWICK,42
DANGEROUS DRUGS, SOUNDVIEW,705
DANGEROUS DRUGS, SOUTH BRONX AREA SITE 402,95
DANGEROUS DRUGS, SOUTHERN BOULEVARD,3
DANGEROUS DRUGS, STEBBINS AVENUE-HEWITT PLACE,12
DANGEROUS DRUGS, TELLER AVENUE-EAST 166TH STREET,71
DANGEROUS DRUGS, THROGGS NECK,519
DANGEROUS DRUGS, THROGGS NECK ADDITION,107
DANGEROUS DRUGS, TWIN PARKS EAST SITE 9,8
DANGEROUS DRUGS, TWIN PARKS WEST SITE 1 & 2,68
DANGEROUS DRUGS, UNION AVENUE-EAST 163RD STREET,42
DANGEROUS DRUGS, UNION AVENUE-EAST 166TH STREET,132
DANGEROUS DRUGS, UNIVERSITY AVENUE REHAB,89
DANGEROUS DRUGS, WEBSTER,304
DANGEROUS DRUGS, WEST FARMS ROAD REHAB,38
DANGEROUS DRUGS, WEST TREMONT AVENUE-SEDGWICK AVENUE AREA,5
DANGEROUS DRUGS, WEST TREMONT REHAB GROUP 1,15
DANGEROUS DRUGS, WEST TREMONT REHAB GROUP 2,9
DANGEROUS DRUGS, WEST TREMONT REHAB GROUP 3,5
DANGEROUS WEAPONS, 1162-1176 WASHINGTON AVENUE,24
DANGEROUS WEAPONS, 1471 WATSON AVENUE,18
DANGEROUS WEAPONS, ADAMS,113
DANGEROUS WEAPONS, BAILEY AVENUE-WEST 193RD STREET,15
DANGEROUS WEAPONS, BETANCES I,36
DANGEROUS WEAPONS, BETANCES III,7
DANGEROUS WEAPONS, BOSTON SECOR,58
DANGEROUS WEAPONS, BOYNTON AVENUE REHAB,24
DANGEROUS WEAPONS, BRONX RIVER,82
DANGEROUS WEAPONS, BRONX RIVER ADDITION,5
DANGEROUS WEAPONS, BRONXDALE,169
DANGEROUS WEAPONS, BRYANT AVENUE-EAST 174TH STREET,6
DANGEROUS WEAPONS, BUTLER,157
DANGEROUS WEAPONS, CASTLE HILL,269
DANGEROUS WEAPONS, CLAREMONT PARKWAY-FRANKLIN AVENUE,9
DANGEROUS WEAPONS, CLAREMONT REHAB GROUP 2,102
DANGEROUS WEAPONS, CLAREMONT REHAB GROUP 3,25
DANGEROUS WEAPONS, CLAREMONT REHAB GROUP 4,45
DANGEROUS WEAPONS, CLAREMONT REHAB GROUP 5,47
DANGEROUS WEAPONS, CLASON POINT GARDENS,29
DANGEROUS WEAPONS, COLLEGE AVENUE-EAST 165TH STREET,19
DANGEROUS WEAPONS, DAVIDSON,48
DANGEROUS WEAPONS, EAGLE AVENUE-EAST 163RD STREET,18
DANGEROUS WEAPONS, EAST 165TH STREET-BRYANT AVENUE,1
DANGEROUS WEAPONS, EAST 173RD STREET-VYSE AVENUE,33
DANGEROUS WEAPONS, EAST 180TH STREET-MONTEREY AVENUE,13
DANGEROUS WEAPONS, EASTCHESTER GARDENS,43
DANGEROUS WEAPONS, EDENWALD,50
DANGEROUS WEAPONS, FOREST,62
DANGEROUS WEAPONS, FORT INDEPENDENCE STREET-HEATH AVENUE,26
DANGEROUS WEAPONS, FRANKLIN AVENUE I CONVENTIONAL,2
DANGEROUS WEAPONS, FRANKLIN AVENUE I MHOP,1
DANGEROUS WEAPONS, FRANKLIN AVENUE II CONVENTIONAL,5
DANGEROUS WEAPONS, GLEBE AVENUE-WESTCHESTER AVENUE,7
DANGEROUS WEAPONS, GUN HILL,23
DANGEROUS WEAPONS, HARRISON AVENUE REHAB GROUP B,10
DANGEROUS WEAPONS, HIGHBRIDGE GARDENS,149
DANGEROUS WEAPONS, HIGHBRIDGE REHABS ANDERSON AVENUE,46
DANGEROUS WEAPONS, HIGHBRIDGE REHABS NELSON AVENUE,29
DANGEROUS WEAPONS, HOE AVENUE-EAST 173RD STREET,4
DANGEROUS WEAPONS, JACKSON,82
DANGEROUS WEAPONS, LONGFELLOW AVENUE REHAB,6
DANGEROUS WEAPONS, MACOMBS ROAD,3
DANGEROUS WEAPONS, MARBLE HILL,23
DANGEROUS WEAPONS, MCKINLEY,29
DANGEROUS WEAPONS, MELROSE,46
DANGEROUS WEAPONS, MILL BROOK,52
DANGEROUS WEAPONS, MILL BROOK EXTENSION,23
DANGEROUS WEAPONS, MITCHEL,122
DANGEROUS WEAPONS, MONROE,134
DANGEROUS WEAPONS, MOORE,65
DANGEROUS WEAPONS, MORRIS HEIGHTS REHAB,2
DANGEROUS WEAPONS, MORRIS I,60
DANGEROUS WEAPONS, MORRIS II,69
DANGEROUS WEAPONS, MORRISANIA,38
DANGEROUS WEAPONS, MORRISANIA AIR RIGHTS 42,18
DANGEROUS WEAPONS, MOTT HAVEN,42
DANGEROUS WEAPONS, MURPHY,31
DANGEROUS WEAPONS, PARKSIDE,26
DANGEROUS WEAPONS, PATTERSON,69
DANGEROUS WEAPONS, PELHAM PARKWAY,52
DANGEROUS WEAPONS, RANDALL AVENUE-BALCOM AVENUE,3
DANGEROUS WEAPONS, SACK WERN,50
DANGEROUS WEAPONS, "SAINT MARYS PARK",95
DANGEROUS WEAPONS, SEDGWICK,15
DANGEROUS WEAPONS, SOUNDVIEW,133
DANGEROUS WEAPONS, SOUTH BRONX AREA SITE 402,12
DANGEROUS WEAPONS, SOUTHERN BOULEVARD,1
DANGEROUS WEAPONS, STEBBINS AVENUE-HEWITT PLACE,5
DANGEROUS WEAPONS, TELLER AVENUE-EAST 166TH STREET,28
DANGEROUS WEAPONS, THROGGS NECK,114
DANGEROUS WEAPONS, THROGGS NECK ADDITION,17
DANGEROUS WEAPONS, TWIN PARKS EAST SITE 9,2
DANGEROUS WEAPONS, TWIN PARKS WEST SITE 1 & 2,15
DANGEROUS WEAPONS, UNION AVENUE-EAST 163RD STREET,5
DANGEROUS WEAPONS, UNION AVENUE-EAST 166TH STREET,20
DANGEROUS WEAPONS, UNIVERSITY AVENUE REHAB,21
DANGEROUS WEAPONS, WEBSTER,61
DANGEROUS WEAPONS, WEST FARMS ROAD REHAB,3
DANGEROUS WEAPONS, WEST TREMONT AVENUE-SEDGWICK AVENUE AREA,3
DANGEROUS WEAPONS, WEST TREMONT REHAB GROUP 1,1
DANGEROUS WEAPONS, WEST TREMONT REHAB GROUP 2,2
DANGEROUS WEAPONS, WEST TREMONT REHAB GROUP 3,3
DISORDERLY CONDUCT, BOSTON SECOR,1
DISORDERLY CONDUCT, BRONX RIVER,1
DISORDERLY CONDUCT, BUTLER,2
DISORDERLY CONDUCT, CASTLE HILL,2
DISORDERLY CONDUCT, EASTCHESTER GARDENS,2
DISORDERLY CONDUCT, MITCHEL,3
DISORDERLY CONDUCT, MORRIS I,1
DISORDERLY CONDUCT, MORRISANIA,1
DISORDERLY CONDUCT, PARKSIDE,1
DISORDERLY CONDUCT, SOUNDVIEW,3
ENDAN WELFARE INCOMP, BRONX RIVER,1
ENDAN WELFARE INCOMP, BUTLER,1
ENDAN WELFARE INCOMP, HIGHBRIDGE GARDENS,1
ENDAN WELFARE INCOMP, MORRISANIA AIR RIGHTS 42,1
FELONY ASSAULT, 1162-1176 WASHINGTON AVENUE,11
FELONY ASSAULT, 1471 WATSON AVENUE,7
FELONY ASSAULT, ADAMS,77
FELONY ASSAULT, BAILEY AVENUE-WEST 193RD STREET,25
FELONY ASSAULT, BAYCHESTER,3
FELONY ASSAULT, BETANCES I,23
FELONY ASSAULT, BETANCES III,1
FELONY ASSAULT, BETANCES VI,3
FELONY ASSAULT, BOSTON ROAD PLAZA,1
FELONY ASSAULT, BOSTON SECOR,83
FELONY ASSAULT, BOYNTON AVENUE REHAB,9
FELONY ASSAULT, BRONX RIVER,75
FELONY ASSAULT, BRONX RIVER ADDITION,3
FELONY ASSAULT, BRONXCHESTER,1
FELONY ASSAULT, BRONXDALE,111
FELONY ASSAULT, BRYANT AVENUE-EAST 174TH STREET,5
FELONY ASSAULT, BUTLER,184
FELONY ASSAULT, CASTLE HILL,322
FELONY ASSAULT, CLAREMONT PARKWAY-FRANKLIN AVENUE,10
FELONY ASSAULT, CLAREMONT REHAB GROUP 2,13
FELONY ASSAULT, CLAREMONT REHAB GROUP 3,16
FELONY ASSAULT, CLAREMONT REHAB GROUP 4,8
FELONY ASSAULT, CLAREMONT REHAB GROUP 5,7
FELONY ASSAULT, CLASON POINT GARDENS,53
FELONY ASSAULT, DAVIDSON,37
FELONY ASSAULT, EAGLE AVENUE-EAST 163RD STREET,14
FELONY ASSAULT, EAST 165TH STREET-BRYANT AVENUE,2
FELONY ASSAULT, EAST 173RD STREET-VYSE AVENUE,19
FELONY ASSAULT, EAST 180TH STREET-MONTEREY AVENUE,20
FELONY ASSAULT, EASTCHESTER GARDENS,90
FELONY ASSAULT, EDENWALD,44
FELONY ASSAULT, FOREST,45
FELONY ASSAULT, FORT INDEPENDENCE STREET-HEATH AVENUE,48
FELONY ASSAULT, FRANKLIN AVENUE I CONVENTIONAL,4
FELONY ASSAULT, FRANKLIN AVENUE II CONVENTIONAL,4
FELONY ASSAULT, GLEBE AVENUE-WESTCHESTER AVENUE,2
FELONY ASSAULT, GUN HILL,38
FELONY ASSAULT, HARRISON AVENUE REHAB GROUP A,1
FELONY ASSAULT, HARRISON AVENUE REHAB GROUP B,18
FELONY ASSAULT, HIGHBRIDGE GARDENS,54
FELONY ASSAULT, HIGHBRIDGE REHABS ANDERSON AVENUE,8
FELONY ASSAULT, HIGHBRIDGE REHABS NELSON AVENUE,5
FELONY ASSAULT, HOE AVENUE-EAST 173RD STREET,8
FELONY ASSAULT, JACKSON,60
FELONY ASSAULT, JENNINGS STREET,2
FELONY ASSAULT, LONGFELLOW AVENUE REHAB,33
FELONY ASSAULT, MACOMBS ROAD,1
FELONY ASSAULT, MARBLE HILL,83
FELONY ASSAULT, MCKINLEY,15
FELONY ASSAULT, MELROSE,28
FELONY ASSAULT, MIDDLETOWN PLAZA,1
FELONY ASSAULT, MILL BROOK,43
FELONY ASSAULT, MILL BROOK EXTENSION,14
FELONY ASSAULT, MITCHEL,104
FELONY ASSAULT, MONROE,131
FELONY ASSAULT, MOORE,36
FELONY ASSAULT, MORRIS HEIGHTS REHAB,7
FELONY ASSAULT, MORRIS I,104
FELONY ASSAULT, MORRIS II,86
FELONY ASSAULT, MORRISANIA,21
FELONY ASSAULT, MORRISANIA AIR RIGHTS 42,12
FELONY ASSAULT, MOTT HAVEN,22
FELONY ASSAULT, MURPHY,38
FELONY ASSAULT, PARKSIDE,71
FELONY ASSAULT, PATTERSON,52
FELONY ASSAULT, PELHAM PARKWAY,101
FELONY ASSAULT, RANDALL AVENUE-BALCOM AVENUE,5
FELONY ASSAULT, SACK WERN,34
FELONY ASSAULT, "SAINT MARYS PARK",79
FELONY ASSAULT, SEDGWICK,16
FELONY ASSAULT, SOUNDVIEW,153
FELONY ASSAULT, SOUTH BRONX AREA SITE 402,12
FELONY ASSAULT, SOUTHERN BOULEVARD,3
FELONY ASSAULT, STEBBINS AVENUE-HEWITT PLACE,8
FELONY ASSAULT, TELLER AVENUE-EAST 166TH STREET,12
FELONY ASSAULT, THROGGS NECK,124
FELONY ASSAULT, THROGGS NECK ADDITION,23
FELONY ASSAULT, TWIN PARKS EAST SITE 9,2
FELONY ASSAULT, TWIN PARKS WEST SITE 1 & 2,20
FELONY ASSAULT, UNION AVENUE-EAST 163RD STREET,4
FELONY ASSAULT, UNION AVENUE-EAST 166TH STREET,10
FELONY ASSAULT, UNIVERSITY AVENUE REHAB,14
FELONY ASSAULT, WEBSTER,49
FELONY ASSAULT, WEST FARMS ROAD REHAB,14
FELONY ASSAULT, WEST TREMONT AVENUE-SEDGWICK AVENUE AREA,4
FELONY ASSAULT, WEST TREMONT REHAB GROUP 2,2
FELONY ASSAULT, WEST TREMONT REHAB GROUP 3,5
FORGERY, 1162-1176 WASHINGTON AVENUE,1
FORGERY, ADAMS,4
FORGERY, BAILEY AVENUE-WEST 193RD STREET,5
FORGERY, BETANCES I,1
FORGERY, BOSTON SECOR,1
FORGERY, BRONX RIVER,4
FORGERY, BRONXDALE,9
FORGERY, BUTLER,6
FORGERY, CASTLE HILL,6
FORGERY, CLAREMONT PARKWAY-FRANKLIN AVENUE,4
FORGERY, CLAREMONT REHAB GROUP 2,2
FORGERY, CLAREMONT REHAB GROUP 3,1
FORGERY, CLAREMONT REHAB GROUP 4,3
FORGERY, CLAREMONT REHAB GROUP 5,2
FORGERY, CLASON POINT GARDENS,2
FORGERY, COLLEGE AVENUE-EAST 165TH STREET,3
FORGERY, DAVIDSON,2
FORGERY, EAGLE AVENUE-EAST 163RD STREET,1
FORGERY, EAST 180TH STREET-MONTEREY AVENUE,1
FORGERY, EASTCHESTER GARDENS,4
FORGERY, FOREST,3
FORGERY, FORT INDEPENDENCE STREET-HEATH AVENUE,3
FORGERY, FRANKLIN AVENUE II CONVENTIONAL,1
FORGERY, GUN HILL,1
FORGERY, HARRISON AVENUE REHAB GROUP A,1
FORGERY, HIGHBRIDGE GARDENS,4
FORGERY, HIGHBRIDGE REHABS ANDERSON AVENUE,3
FORGERY, JACKSON,3
FORGERY, MACOMBS ROAD,2
FORGERY, MARBLE HILL,6
FORGERY, MCKINLEY,3
FORGERY, MELROSE,2
FORGERY, MILL BROOK,1
FORGERY, MILL BROOK EXTENSION,1
FORGERY, MITCHEL,3
FORGERY, MONROE,6
FORGERY, MOORE,2
FORGERY, MORRIS HEIGHTS REHAB,1
FORGERY, MORRIS I,3
FORGERY, MORRIS II,8
FORGERY, MORRISANIA,1
FORGERY, MORRISANIA AIR RIGHTS 42,2
FORGERY, MOTT HAVEN,2
FORGERY, MURPHY,4
FORGERY, PARKSIDE,1
FORGERY, PATTERSON,2
FORGERY, PELHAM PARKWAY,9
FORGERY, RANDALL AVENUE-BALCOM AVENUE,1
FORGERY, SACK WERN,5
FORGERY, "SAINT MARYS PARK",5
FORGERY, SEDGWICK,1
FORGERY, SOUNDVIEW,7
FORGERY, SOUTHERN BOULEVARD,1
FORGERY, THROGGS NECK,12
FORGERY, THROGGS NECK ADDITION,3
FORGERY, TWIN PARKS EAST SITE 9,1
FORGERY, TWIN PARKS WEST SITE 1 & 2,1
FORGERY, UNION AVENUE-EAST 163RD STREET,2
FORGERY, UNION AVENUE-EAST 166TH STREET,1
FORGERY, UNIVERSITY AVENUE REHAB,3
FORGERY, WEBSTER,5
FORGERY, WEST TREMONT AVENUE-SEDGWICK AVENUE AREA,1
FRAUDS, 1162-1176 WASHINGTON AVENUE,1
FRAUDS, 1471 WATSON AVENUE,2
FRAUDS, ADAMS,6
FRAUDS, BAILEY AVENUE-WEST 193RD STREET,2
FRAUDS, BETANCES I,2
FRAUDS, BOSTON ROAD PLAZA,2
FRAUDS, BOSTON SECOR,13
FRAUDS, BOYNTON AVENUE REHAB,3
FRAUDS, BRONX RIVER,16
FRAUDS, BRONX RIVER ADDITION,1
FRAUDS, BRONXDALE,22
FRAUDS, BRYANT AVENUE-EAST 174TH STREET,1
FRAUDS, BUTLER,11
FRAUDS, CASTLE HILL,51
FRAUDS, CLAREMONT PARKWAY-FRANKLIN AVENUE,1
FRAUDS, CLAREMONT REHAB GROUP 2,4
FRAUDS, CLAREMONT REHAB GROUP 3,2
FRAUDS, CLAREMONT REHAB GROUP 4,2
FRAUDS, CLAREMONT REHAB GROUP 5,3
FRAUDS, CLASON POINT GARDENS,3
FRAUDS, DAVIDSON,2
FRAUDS, EAST 173RD STREET-VYSE AVENUE,1
FRAUDS, EAST 180TH STREET-MONTEREY AVENUE,4
FRAUDS, EASTCHESTER GARDENS,15
FRAUDS, EDENWALD,6
FRAUDS, FOREST,3
FRAUDS, FORT INDEPENDENCE STREET-HEATH AVENUE,5
FRAUDS, GUN HILL,5
FRAUDS, HARRISON AVENUE REHAB GROUP B,1
FRAUDS, HIGHBRIDGE GARDENS,7
FRAUDS, HIGHBRIDGE REHABS ANDERSON AVENUE,2
FRAUDS, HIGHBRIDGE REHABS NELSON AVENUE,1
FRAUDS, JACKSON,10
FRAUDS, LONGFELLOW AVENUE REHAB,2
FRAUDS, MARBLE HILL,11
FRAUDS, MCKINLEY,2
FRAUDS, MELROSE,1
FRAUDS, MILL BROOK,3
FRAUDS, MILL BROOK EXTENSION,3
FRAUDS, MITCHEL,19
FRAUDS, MONROE,15
FRAUDS, MOORE,4
FRAUDS, MORRIS HEIGHTS REHAB,1
FRAUDS, MORRIS I,3
FRAUDS, MORRIS II,4
FRAUDS, MORRISANIA,2
FRAUDS, MORRISANIA AIR RIGHTS 42,4
FRAUDS, MOTT HAVEN,3
FRAUDS, MURPHY,4
FRAUDS, PARKSIDE,6
FRAUDS, PATTERSON,9
FRAUDS, PELHAM PARKWAY,19
FRAUDS, RANDALL AVENUE-BALCOM AVENUE,3
FRAUDS, SACK WERN,3
FRAUDS, "SAINT MARYS PARK",9
FRAUDS, SOUNDVIEW,25
FRAUDS, TELLER AVENUE-EAST 166TH STREET,1
FRAUDS, THROGGS NECK,21
FRAUDS, THROGGS NECK ADDITION,2
FRAUDS, TWIN PARKS WEST SITE 1 & 2,2
FRAUDS, UNION AVENUE-EAST 166TH STREET,1
FRAUDS, UNIVERSITY AVENUE REHAB,2
FRAUDS, WEBSTER,6
FRAUDS, WEST FARMS ROAD REHAB,2
FRAUDS, WEST TREMONT AVENUE-SEDGWICK AVENUE AREA,1
FRAUDS, WEST TREMONT REHAB GROUP 1,1
FRAUDS, WEST TREMONT REHAB GROUP 2,1
FRAUDULENT ACCOSTING, FOREST,1
FRAUDULENT ACCOSTING, HIGHBRIDGE GARDENS,1
GAMBLING, 1162-1176 WASHINGTON AVENUE,3
GAMBLING, BRONXDALE,5
GAMBLING, BUTLER,5
GAMBLING, CASTLE HILL,6
GAMBLING, CLAREMONT REHAB GROUP 2,2
GAMBLING, DAVIDSON,1
GAMBLING, EAST 173RD STREET-VYSE AVENUE,3
GAMBLING, EASTCHESTER GARDENS,1
GAMBLING, FOREST,1
GAMBLING, FORT INDEPENDENCE STREET-HEATH AVENUE,2
GAMBLING, HIGHBRIDGE GARDENS,1
GAMBLING, JACKSON,1
GAMBLING, MELROSE,1
GAMBLING, MONROE,6
GAMBLING, MOORE,1
GAMBLING, MORRIS I,1
GAMBLING, MORRIS II,7
GAMBLING, MORRISANIA,1
GAMBLING, MOTT HAVEN,1
GAMBLING, MURPHY,6
GAMBLING, PARKSIDE,1
GAMBLING, PATTERSON,2
GAMBLING, "SAINT MARYS PARK",1
GAMBLING, SOUNDVIEW,7
GAMBLING, SOUTH BRONX AREA SITE 402,1
GAMBLING, THROGGS NECK,11
GAMBLING, THROGGS NECK ADDITION,1
GAMBLING, TWIN PARKS WEST SITE 1 & 2,1
GRAND LARCENY, 1162-1176 WASHINGTON AVENUE,2
GRAND LARCENY, 1471 WATSON AVENUE,4
GRAND LARCENY, ADAMS,45
GRAND LARCENY, BAILEY AVENUE-WEST 193RD STREET,18
GRAND LARCENY, BETANCES I,13
GRAND LARCENY, BETANCES III,2
GRAND LARCENY, BETANCES VI,1
GRAND LARCENY, BOSTON ROAD PLAZA,6
GRAND LARCENY, BOSTON SECOR,14
GRAND LARCENY, BOYNTON AVENUE REHAB,4
GRAND LARCENY, BRONX RIVER,46
GRAND LARCENY, BRONX RIVER ADDITION,4
GRAND LARCENY, BRONXDALE,89
GRAND LARCENY, BRYANT AVENUE-EAST 174TH STREET,6
GRAND LARCENY, BUTLER,79
GRAND LARCENY, CASTLE HILL,97
GRAND LARCENY, CLAREMONT PARKWAY-FRANKLIN AVENUE,4
GRAND LARCENY, CLAREMONT REHAB GROUP 2,6
GRAND LARCENY, CLAREMONT REHAB GROUP 3,4
GRAND LARCENY, CLAREMONT REHAB GROUP 4,4
GRAND LARCENY, CLAREMONT REHAB GROUP 5,7
GRAND LARCENY, CLASON POINT GARDENS,23
GRAND LARCENY, COLLEGE AVENUE-EAST 165TH STREET,3
GRAND LARCENY, DAVIDSON,17
GRAND LARCENY, EAGLE AVENUE-EAST 163RD STREET,4
GRAND LARCENY, EAST 165TH STREET-BRYANT AVENUE,1
GRAND LARCENY, EAST 173RD STREET-VYSE AVENUE,8
GRAND LARCENY, EAST 180TH STREET-MONTEREY AVENUE,6
GRAND LARCENY, EASTCHESTER GARDENS,31
GRAND LARCENY, EDENWALD,7
GRAND LARCENY, FOREST,33
GRAND LARCENY, FORT INDEPENDENCE STREET-HEATH AVENUE,29
GRAND LARCENY, FRANKLIN AVENUE I CONVENTIONAL,1
GRAND LARCENY, FRANKLIN AVENUE I MHOP,2
GRAND LARCENY, GLEBE AVENUE-WESTCHESTER AVENUE,2
GRAND LARCENY, GUN HILL,17
GRAND LARCENY, HARRISON AVENUE REHAB GROUP B,6
GRAND LARCENY, HIGHBRIDGE GARDENS,19
GRAND LARCENY, HIGHBRIDGE REHABS ANDERSON AVENUE,4
GRAND LARCENY, HIGHBRIDGE REHABS NELSON AVENUE,4
GRAND LARCENY, HOE AVENUE-EAST 173RD STREET,4
GRAND LARCENY, JACKSON,22
GRAND LARCENY, JENNINGS STREET,2
GRAND LARCENY, LONGFELLOW AVENUE REHAB,9
GRAND LARCENY, MACOMBS ROAD,3
GRAND LARCENY, MARBLE HILL,52
GRAND LARCENY, MCKINLEY,8
GRAND LARCENY, MELROSE,29
GRAND LARCENY, MIDDLETOWN PLAZA,3
GRAND LARCENY, MILL BROOK,23
GRAND LARCENY, MILL BROOK EXTENSION,7
GRAND LARCENY, MITCHEL,51
GRAND LARCENY, MONROE,61
GRAND LARCENY, MOORE,9
GRAND LARCENY, MORRIS HEIGHTS REHAB,7
GRAND LARCENY, MORRIS I,32
GRAND LARCENY, MORRIS II,26
GRAND LARCENY, MORRISANIA,4
GRAND LARCENY, MORRISANIA AIR RIGHTS 42,8
GRAND LARCENY, MOTT HAVEN,6
GRAND LARCENY, MURPHY,15
GRAND LARCENY, PARKSIDE,49
GRAND LARCENY, PATTERSON,35
GRAND LARCENY, PELHAM PARKWAY,72
GRAND LARCENY, RANDALL AVENUE-BALCOM AVENUE,8
GRAND LARCENY, SACK WERN,29
GRAND LARCENY, "SAINT MARYS PARK",40
GRAND LARCENY, SEDGWICK,14
GRAND LARCENY, SOUNDVIEW,91
GRAND LARCENY, SOUTH BRONX AREA SITE 402,9
GRAND LARCENY, SOUTHERN BOULEVARD,9
GRAND LARCENY, STEBBINS AVENUE-HEWITT PLACE,5
GRAND LARCENY, TELLER AVENUE-EAST 166TH STREET,6
GRAND LARCENY, THROGGS NECK,77
GRAND LARCENY, THROGGS NECK ADDITION,18
GRAND LARCENY, TWIN PARKS EAST SITE 9,4
GRAND LARCENY, TWIN PARKS WEST SITE 1 & 2,11
GRAND LARCENY, UNION AVENUE-EAST 163RD STREET,4
GRAND LARCENY, UNION AVENUE-EAST 166TH STREET,5
GRAND LARCENY, UNIVERSITY AVENUE REHAB,8
GRAND LARCENY, WEBSTER,15
GRAND LARCENY, WEST FARMS ROAD REHAB,12
GRAND LARCENY, WEST TREMONT AVENUE-SEDGWICK AVENUE AREA,6
GRAND LARCENY, WEST TREMONT REHAB GROUP 1,1
GRAND LARCENY, WEST TREMONT REHAB GROUP 2,2
GRAND LARCENY, WEST TREMONT REHAB GROUP 3,7
GRAND LARCENY OF MOTOR VEHICLE, 1162-1176 WASHINGTON AVENUE,1
GRAND LARCENY OF MOTOR VEHICLE, 1471 WATSON AVENUE,2
GRAND LARCENY OF MOTOR VEHICLE, ADAMS,15
GRAND LARCENY OF MOTOR VEHICLE, BAILEY AVENUE-WEST 193RD STREET,17
GRAND LARCENY OF MOTOR VEHICLE, BAYCHESTER,1
GRAND LARCENY OF MOTOR VEHICLE, BETANCES I,1
GRAND LARCENY OF MOTOR VEHICLE, BETANCES III,1
GRAND LARCENY OF MOTOR VEHICLE, BOSTON ROAD PLAZA,1
GRAND LARCENY OF MOTOR VEHICLE, BOSTON SECOR,17
GRAND LARCENY OF MOTOR VEHICLE, BRONX RIVER,11
GRAND LARCENY OF MOTOR VEHICLE, BRONX RIVER ADDITION,6
GRAND LARCENY OF MOTOR VEHICLE, BRONXDALE,50
GRAND LARCENY OF MOTOR VEHICLE, BRYANT AVENUE-EAST 174TH STREET,3
GRAND LARCENY OF MOTOR VEHICLE, BUTLER,21
GRAND LARCENY OF MOTOR VEHICLE, CASTLE HILL,42
GRAND LARCENY OF MOTOR VEHICLE, CLAREMONT PARKWAY-FRANKLIN AVENUE,5
GRAND LARCENY OF MOTOR VEHICLE, CLAREMONT REHAB GROUP 2,1
GRAND LARCENY OF MOTOR VEHICLE, CLAREMONT REHAB GROUP 3,1
GRAND LARCENY OF MOTOR VEHICLE, CLAREMONT REHAB GROUP 4,3
GRAND LARCENY OF MOTOR VEHICLE, CLAREMONT REHAB GROUP 5,2
GRAND LARCENY OF MOTOR VEHICLE, CLASON POINT GARDENS,13
GRAND LARCENY OF MOTOR VEHICLE, COLLEGE AVENUE-EAST 165TH STREET,2
GRAND LARCENY OF MOTOR VEHICLE, DAVIDSON,5
GRAND LARCENY OF MOTOR VEHICLE, EAGLE AVENUE-EAST 163RD STREET,2
GRAND LARCENY OF MOTOR VEHICLE, EAST 165TH STREET-BRYANT AVENUE,2
GRAND LARCENY OF MOTOR VEHICLE, EAST 173RD STREET-VYSE AVENUE,2
GRAND LARCENY OF MOTOR VEHICLE, EAST 180TH STREET-MONTEREY AVENUE,1
GRAND LARCENY OF MOTOR VEHICLE, EASTCHESTER GARDENS,15
GRAND LARCENY OF MOTOR VEHICLE, EDENWALD,4
GRAND LARCENY OF MOTOR VEHICLE, FOREST,12
GRAND LARCENY OF MOTOR VEHICLE, FORT INDEPENDENCE STREET-HEATH AVENUE,4
GRAND LARCENY OF MOTOR VEHICLE, GUN HILL,9
GRAND LARCENY OF MOTOR VEHICLE, HARRISON AVENUE REHAB GROUP B,3
GRAND LARCENY OF MOTOR VEHICLE, HIGHBRIDGE GARDENS,17
GRAND LARCENY OF MOTOR VEHICLE, HIGHBRIDGE REHABS NELSON AVENUE,2
GRAND LARCENY OF MOTOR VEHICLE, HOE AVENUE-EAST 173RD STREET,1
GRAND LARCENY OF MOTOR VEHICLE, JACKSON,4
GRAND LARCENY OF MOTOR VEHICLE, JENNINGS STREET,6
GRAND LARCENY OF MOTOR VEHICLE, LONGFELLOW AVENUE REHAB,2
GRAND LARCENY OF MOTOR VEHICLE, MACOMBS ROAD,1
GRAND LARCENY OF MOTOR VEHICLE, MARBLE HILL,17
GRAND LARCENY OF MOTOR VEHICLE, MCKINLEY,4
GRAND LARCENY OF MOTOR VEHICLE, MELROSE,3
GRAND LARCENY OF MOTOR VEHICLE, MILL BROOK,2
GRAND LARCENY OF MOTOR VEHICLE, MILL BROOK EXTENSION,2
GRAND LARCENY OF MOTOR VEHICLE, MITCHEL,10
GRAND LARCENY OF MOTOR VEHICLE, MONROE,29
GRAND LARCENY OF MOTOR VEHICLE, MOORE,1
GRAND LARCENY OF MOTOR VEHICLE, MORRIS HEIGHTS REHAB,1
GRAND LARCENY OF MOTOR VEHICLE, MORRIS I,18
GRAND LARCENY OF MOTOR VEHICLE, MORRIS II,15
GRAND LARCENY OF MOTOR VEHICLE, MORRISANIA,2
GRAND LARCENY OF MOTOR VEHICLE, MOTT HAVEN,3
GRAND LARCENY OF MOTOR VEHICLE, MURPHY,5
GRAND LARCENY OF MOTOR VEHICLE, PARKSIDE,18
GRAND LARCENY OF MOTOR VEHICLE, PATTERSON,3
GRAND LARCENY OF MOTOR VEHICLE, PELHAM PARKWAY,38
GRAND LARCENY OF MOTOR VEHICLE, RANDALL AVENUE-BALCOM AVENUE,8
GRAND LARCENY OF MOTOR VEHICLE, SACK WERN,11
GRAND LARCENY OF MOTOR VEHICLE, "SAINT MARYS PARK",11
GRAND LARCENY OF MOTOR VEHICLE, SEDGWICK,2
GRAND LARCENY OF MOTOR VEHICLE, SOUNDVIEW,35
GRAND LARCENY OF MOTOR VEHICLE, SOUTH BRONX AREA SITE 402,5
GRAND LARCENY OF MOTOR VEHICLE, SOUTHERN BOULEVARD,4
GRAND LARCENY OF MOTOR VEHICLE, STEBBINS AVENUE-HEWITT PLACE,1
GRAND LARCENY OF MOTOR VEHICLE, THROGGS NECK,24
GRAND LARCENY OF MOTOR VEHICLE, THROGGS NECK ADDITION,19
GRAND LARCENY OF MOTOR VEHICLE, TWIN PARKS EAST SITE 9,3
GRAND LARCENY OF MOTOR VEHICLE, TWIN PARKS WEST SITE 1 & 2,1
GRAND LARCENY OF MOTOR VEHICLE, UNION AVENUE-EAST 166TH STREET,1
GRAND LARCENY OF MOTOR VEHICLE, UNIVERSITY AVENUE REHAB,5
GRAND LARCENY OF MOTOR VEHICLE, WEBSTER,3
GRAND LARCENY OF MOTOR VEHICLE, WEST TREMONT AVENUE-SEDGWICK AVENUE AREA,2
GRAND LARCENY OF MOTOR VEHICLE, WEST TREMONT REHAB GROUP 2,1
GRAND LARCENY OF MOTOR VEHICLE, WEST TREMONT REHAB GROUP 3,2
HARRASSMENT 2, 1162-1176 WASHINGTON AVENUE,31
HARRASSMENT 2, 1471 WATSON AVENUE,33
HARRASSMENT 2, ADAMS,246
HARRASSMENT 2, BAILEY AVENUE-WEST 193RD STREET,51
HARRASSMENT 2, BAYCHESTER,9
HARRASSMENT 2, BETANCES I,53
HARRASSMENT 2, BETANCES III,5
HARRASSMENT 2, BETANCES VI,3
HARRASSMENT 2, BOSTON ROAD PLAZA,8
HARRASSMENT 2, BOSTON SECOR,233
HARRASSMENT 2, BOYNTON AVENUE REHAB,31
HARRASSMENT 2, BRONX RIVER,264
HARRASSMENT 2, BRONX RIVER ADDITION,12
HARRASSMENT 2, BRONXDALE,490
HARRASSMENT 2, BRYANT AVENUE-EAST 174TH STREET,7
HARRASSMENT 2, BUTLER,520
HARRASSMENT 2, CASTLE HILL,769
HARRASSMENT 2, CLAREMONT PARKWAY-FRANKLIN AVENUE,15
HARRASSMENT 2, CLAREMONT REHAB GROUP 2,37
HARRASSMENT 2, CLAREMONT REHAB GROUP 3,23
HARRASSMENT 2, CLAREMONT REHAB GROUP 4,34
HARRASSMENT 2, CLAREMONT REHAB GROUP 5,44
HARRASSMENT 2, CLASON POINT GARDENS,157
HARRASSMENT 2, COLLEGE AVENUE-EAST 165TH STREET,2
HARRASSMENT 2, DAVIDSON,62
HARRASSMENT 2, EAGLE AVENUE-EAST 163RD STREET,21
HARRASSMENT 2, EAST 165TH STREET-BRYANT AVENUE,15
HARRASSMENT 2, EAST 173RD STREET-VYSE AVENUE,50
HARRASSMENT 2, EAST 180TH STREET-MONTEREY AVENUE,35
HARRASSMENT 2, EASTCHESTER GARDENS,297
HARRASSMENT 2, EDENWALD,97
HARRASSMENT 2, FOREST,156
HARRASSMENT 2, FORT INDEPENDENCE STREET-HEATH AVENUE,158
HARRASSMENT 2, FRANKLIN AVENUE I CONVENTIONAL,19
HARRASSMENT 2, FRANKLIN AVENUE II CONVENTIONAL,10
HARRASSMENT 2, FRANKLIN AVENUE III CONVENTIONAL,4
HARRASSMENT 2, FRANKLIN AVENUE III MHOP,1
HARRASSMENT 2, GLEBE AVENUE-WESTCHESTER AVENUE,29
HARRASSMENT 2, GUN HILL,147
HARRASSMENT 2, HARRISON AVENUE REHAB GROUP A,6
HARRASSMENT 2, HARRISON AVENUE REHAB GROUP B,31
HARRASSMENT 2, HIGHBRIDGE GARDENS,134
HARRASSMENT 2, HIGHBRIDGE REHABS ANDERSON AVENUE,18
HARRASSMENT 2, HIGHBRIDGE REHABS NELSON AVENUE,23
HARRASSMENT 2, HOE AVENUE-EAST 173RD STREET,12
HARRASSMENT 2, JACKSON,198
HARRASSMENT 2, JENNINGS STREET,3
HARRASSMENT 2, LONGFELLOW AVENUE REHAB,40
HARRASSMENT 2, MACOMBS ROAD,17
HARRASSMENT 2, MARBLE HILL,346
HARRASSMENT 2, MCKINLEY,45
HARRASSMENT 2, MELROSE,95
HARRASSMENT 2, MIDDLETOWN PLAZA,10
HARRASSMENT 2, MILL BROOK,163
HARRASSMENT 2, MILL BROOK EXTENSION,29
HARRASSMENT 2, MITCHEL,318
HARRASSMENT 2, MONROE,431
HARRASSMENT 2, MOORE,92
HARRASSMENT 2, MORRIS HEIGHTS REHAB,21
HARRASSMENT 2, MORRIS I,251
HARRASSMENT 2, MORRIS II,216
HARRASSMENT 2, MORRISANIA,36
HARRASSMENT 2, MORRISANIA AIR RIGHTS 42,30
HARRASSMENT 2, MOTT HAVEN,58
HARRASSMENT 2, MURPHY,92
HARRASSMENT 2, PARKSIDE,263
HARRASSMENT 2, PATTERSON,164
HARRASSMENT 2, PELHAM PARKWAY,405
HARRASSMENT 2, RANDALL AVENUE-BALCOM AVENUE,18
HARRASSMENT 2, SACK WERN,162
HARRASSMENT 2, "SAINT MARYS PARK",286
HARRASSMENT 2, SEDGWICK,24
HARRASSMENT 2, SOUNDVIEW,464
HARRASSMENT 2, SOUTH BRONX AREA SITE 402,35
HARRASSMENT 2, SOUTHERN BOULEVARD,27
HARRASSMENT 2, STEBBINS AVENUE-HEWITT PLACE,11
HARRASSMENT 2, TELLER AVENUE-EAST 166TH STREET,26
HARRASSMENT 2, THROGGS NECK,577
HARRASSMENT 2, THROGGS NECK ADDITION,123
HARRASSMENT 2, TWIN PARKS EAST SITE 9,14
HARRASSMENT 2, TWIN PARKS WEST SITE 1 & 2,64
HARRASSMENT 2, UNION AVENUE-EAST 163RD STREET,20
HARRASSMENT 2, UNION AVENUE-EAST 166TH STREET,6
HARRASSMENT 2, UNIVERSITY AVENUE REHAB,47
HARRASSMENT 2, WEBSTER,143
HARRASSMENT 2, WEST FARMS ROAD REHAB,50
HARRASSMENT 2, WEST TREMONT AVENUE-SEDGWICK AVENUE AREA,12
HARRASSMENT 2, WEST TREMONT REHAB GROUP 1,3
HARRASSMENT 2, WEST TREMONT REHAB GROUP 2,8
HARRASSMENT 2, WEST TREMONT REHAB GROUP 3,27
HOMICIDE-NEGLIGENTUNCLASSIFIE, BUTLER,2
INTOXICATED & IMPAIRED DRIVING, ADAMS,3
INTOXICATED & IMPAIRED DRIVING, BOSTON SECOR,3
INTOXICATED & IMPAIRED DRIVING, BRONX RIVER,4
INTOXICATED & IMPAIRED DRIVING, BRONXDALE,7
INTOXICATED & IMPAIRED DRIVING, BUTLER,5
INTOXICATED & IMPAIRED DRIVING, CASTLE HILL,11
INTOXICATED & IMPAIRED DRIVING, CLAREMONT PARKWAY-FRANKLIN AVENUE,1
INTOXICATED & IMPAIRED DRIVING, CLASON POINT GARDENS,1
INTOXICATED & IMPAIRED DRIVING, DAVIDSON,1
INTOXICATED & IMPAIRED DRIVING, EAGLE AVENUE-EAST 163RD STREET,1
INTOXICATED & IMPAIRED DRIVING, EAST 173RD STREET-VYSE AVENUE,2
INTOXICATED & IMPAIRED DRIVING, EASTCHESTER GARDENS,1
INTOXICATED & IMPAIRED DRIVING, EDENWALD,4
INTOXICATED & IMPAIRED DRIVING, FOREST,4
INTOXICATED & IMPAIRED DRIVING, FORT INDEPENDENCE STREET-HEATH AVENUE,2
INTOXICATED & IMPAIRED DRIVING, HARRISON AVENUE REHAB GROUP A,1
INTOXICATED & IMPAIRED DRIVING, HARRISON AVENUE REHAB GROUP B,1
INTOXICATED & IMPAIRED DRIVING, HOE AVENUE-EAST 173RD STREET,1
INTOXICATED & IMPAIRED DRIVING, JACKSON,2
INTOXICATED & IMPAIRED DRIVING, LONGFELLOW AVENUE REHAB,1
INTOXICATED & IMPAIRED DRIVING, MARBLE HILL,3
INTOXICATED & IMPAIRED DRIVING, MILL BROOK,2
INTOXICATED & IMPAIRED DRIVING, MITCHEL,8
INTOXICATED & IMPAIRED DRIVING, MONROE,7
INTOXICATED & IMPAIRED DRIVING, MOORE,2
INTOXICATED & IMPAIRED DRIVING, MORRIS I,1
INTOXICATED & IMPAIRED DRIVING, MORRIS II,1
INTOXICATED & IMPAIRED DRIVING, MORRISANIA,1
INTOXICATED & IMPAIRED DRIVING, MORRISANIA AIR RIGHTS 42,1
INTOXICATED & IMPAIRED DRIVING, PARKSIDE,1
INTOXICATED & IMPAIRED DRIVING, PATTERSON,1
INTOXICATED & IMPAIRED DRIVING, PELHAM PARKWAY,3
INTOXICATED & IMPAIRED DRIVING, SACK WERN,1
INTOXICATED & IMPAIRED DRIVING, "SAINT MARYS PARK",3
INTOXICATED & IMPAIRED DRIVING, SEDGWICK,1
INTOXICATED & IMPAIRED DRIVING, SOUNDVIEW,6
INTOXICATED & IMPAIRED DRIVING, TELLER AVENUE-EAST 166TH STREET,2
INTOXICATED & IMPAIRED DRIVING, THROGGS NECK,7
INTOXICATED & IMPAIRED DRIVING, THROGGS NECK ADDITION,2
INTOXICATED & IMPAIRED DRIVING, TWIN PARKS EAST SITE 9,1
INTOXICATED & IMPAIRED DRIVING, UNION AVENUE-EAST 163RD STREET,1
INTOXICATED & IMPAIRED DRIVING, UNIVERSITY AVENUE REHAB,2
INTOXICATED & IMPAIRED DRIVING, WEBSTER,5
INTOXICATED & IMPAIRED DRIVING, WEST TREMONT AVENUE-SEDGWICK AVENUE AREA,1
INTOXICATED & IMPAIRED DRIVING, WEST TREMONT REHAB GROUP 2,1
JOSTLING, BUTLER,1
KIDNAPPING & RELATED OFFENSES, ADAMS,1
KIDNAPPING & RELATED OFFENSES, BAILEY AVENUE-WEST 193RD STREET,1
KIDNAPPING & RELATED OFFENSES, BOSTON SECOR,1
KIDNAPPING & RELATED OFFENSES, BRONX RIVER,3
KIDNAPPING & RELATED OFFENSES, BRONXDALE,4
KIDNAPPING & RELATED OFFENSES, BUTLER,4
KIDNAPPING & RELATED OFFENSES, CASTLE HILL,3
KIDNAPPING & RELATED OFFENSES, EAGLE AVENUE-EAST 163RD STREET,1
KIDNAPPING & RELATED OFFENSES, EAST 165TH STREET-BRYANT AVENUE,1
KIDNAPPING & RELATED OFFENSES, EAST 173RD STREET-VYSE AVENUE,1
KIDNAPPING & RELATED OFFENSES, JACKSON,3
KIDNAPPING & RELATED OFFENSES, LONGFELLOW AVENUE REHAB,1
KIDNAPPING & RELATED OFFENSES, MARBLE HILL,4
KIDNAPPING & RELATED OFFENSES, MONROE,2
KIDNAPPING & RELATED OFFENSES, MOORE,1
KIDNAPPING & RELATED OFFENSES, MORRIS HEIGHTS REHAB,2
KIDNAPPING & RELATED OFFENSES, MORRISANIA AIR RIGHTS 42,1
KIDNAPPING & RELATED OFFENSES, MURPHY,1
KIDNAPPING & RELATED OFFENSES, PATTERSON,3
KIDNAPPING & RELATED OFFENSES, SOUNDVIEW,1
KIDNAPPING & RELATED OFFENSES, TELLER AVENUE-EAST 166TH STREET,1
KIDNAPPING & RELATED OFFENSES, THROGGS NECK,5
KIDNAPPING & RELATED OFFENSES, WEBSTER,2
LOITERING, THROGGS NECK,1
LOITERING FOR DRUG PURPOSES, SOUNDVIEW,3
LOITERING/DEVIATE SEX, CLASON POINT GARDENS,1
LOITERING/GAMBLING CARDS DIC, BRONX RIVER,1
LOITERING/GAMBLING CARDS DIC, MELROSE,1
MISCELLANEOUS PENAL LAW, 1162-1176 WASHINGTON AVENUE,9
MISCELLANEOUS PENAL LAW, 1471 WATSON AVENUE,6
MISCELLANEOUS PENAL LAW, ADAMS,44
MISCELLANEOUS PENAL LAW, BAILEY AVENUE-WEST 193RD STREET,5
MISCELLANEOUS PENAL LAW, BETANCES I,17
MISCELLANEOUS PENAL LAW, BETANCES III,1
MISCELLANEOUS PENAL LAW, BOSTON SECOR,29
MISCELLANEOUS PENAL LAW, BOYNTON AVENUE REHAB,11
MISCELLANEOUS PENAL LAW, BRONX RIVER,29
MISCELLANEOUS PENAL LAW, BRONX RIVER ADDITION,1
MISCELLANEOUS PENAL LAW, BRONXDALE,92
MISCELLANEOUS PENAL LAW, BRYANT AVENUE-EAST 174TH STREET,2
MISCELLANEOUS PENAL LAW, BUTLER,129
MISCELLANEOUS PENAL LAW, CASTLE HILL,132
MISCELLANEOUS PENAL LAW, CLAREMONT PARKWAY-FRANKLIN AVENUE,6
MISCELLANEOUS PENAL LAW, CLAREMONT REHAB GROUP 2,10
MISCELLANEOUS PENAL LAW, CLAREMONT REHAB GROUP 3,1
MISCELLANEOUS PENAL LAW, CLAREMONT REHAB GROUP 4,5
MISCELLANEOUS PENAL LAW, CLAREMONT REHAB GROUP 5,3
MISCELLANEOUS PENAL LAW, CLASON POINT GARDENS,22
MISCELLANEOUS PENAL LAW, COLLEGE AVENUE-EAST 165TH STREET,1
MISCELLANEOUS PENAL LAW, DAVIDSON,22
MISCELLANEOUS PENAL LAW, EAGLE AVENUE-EAST 163RD STREET,7
MISCELLANEOUS PENAL LAW, EAST 165TH STREET-BRYANT AVENUE,1
MISCELLANEOUS PENAL LAW, EAST 173RD STREET-VYSE AVENUE,9
MISCELLANEOUS PENAL LAW, EAST 180TH STREET-MONTEREY AVENUE,3
MISCELLANEOUS PENAL LAW, EASTCHESTER GARDENS,42
MISCELLANEOUS PENAL LAW, EDENWALD,22
MISCELLANEOUS PENAL LAW, FOREST,30
MISCELLANEOUS PENAL LAW, FORT INDEPENDENCE STREET-HEATH AVENUE,18
MISCELLANEOUS PENAL LAW, FRANKLIN AVENUE I CONVENTIONAL,1
MISCELLANEOUS PENAL LAW, FRANKLIN AVENUE I MHOP,2
MISCELLANEOUS PENAL LAW, FRANKLIN AVENUE II CONVENTIONAL,1
MISCELLANEOUS PENAL LAW, GLEBE AVENUE-WESTCHESTER AVENUE,4
MISCELLANEOUS PENAL LAW, GUN HILL,19
MISCELLANEOUS PENAL LAW, HARRISON AVENUE REHAB GROUP B,6
MISCELLANEOUS PENAL LAW, HIGHBRIDGE GARDENS,23
MISCELLANEOUS PENAL LAW, HIGHBRIDGE REHABS NELSON AVENUE,5
MISCELLANEOUS PENAL LAW, HOE AVENUE-EAST 173RD STREET,2
MISCELLANEOUS PENAL LAW, JACKSON,44
MISCELLANEOUS PENAL LAW, LONGFELLOW AVENUE REHAB,5
MISCELLANEOUS PENAL LAW, MACOMBS ROAD,3
MISCELLANEOUS PENAL LAW, MARBLE HILL,27
MISCELLANEOUS PENAL LAW, MCKINLEY,7
MISCELLANEOUS PENAL LAW, MELROSE,23
MISCELLANEOUS PENAL LAW, MIDDLETOWN PLAZA,2
MISCELLANEOUS PENAL LAW, MILL BROOK,12
MISCELLANEOUS PENAL LAW, MILL BROOK EXTENSION,4
MISCELLANEOUS PENAL LAW, MITCHEL,75
MISCELLANEOUS PENAL LAW, MONROE,103
MISCELLANEOUS PENAL LAW, MOORE,29
MISCELLANEOUS PENAL LAW, MORRIS HEIGHTS REHAB,4
MISCELLANEOUS PENAL LAW, MORRIS I,36
MISCELLANEOUS PENAL LAW, MORRIS II,32
MISCELLANEOUS PENAL LAW, MORRISANIA,10
MISCELLANEOUS PENAL LAW, MORRISANIA AIR RIGHTS 42,10
MISCELLANEOUS PENAL LAW, MOTT HAVEN,13
MISCELLANEOUS PENAL LAW, MURPHY,21
MISCELLANEOUS PENAL LAW, PARKSIDE,31
MISCELLANEOUS PENAL LAW, PATTERSON,39
MISCELLANEOUS PENAL LAW, PELHAM PARKWAY,50
MISCELLANEOUS PENAL LAW, RANDALL AVENUE-BALCOM AVENUE,1
MISCELLANEOUS PENAL LAW, SACK WERN,22
MISCELLANEOUS PENAL LAW, "SAINT MARYS PARK",43
MISCELLANEOUS PENAL LAW, SEDGWICK,2
MISCELLANEOUS PENAL LAW, SOUNDVIEW,85
MISCELLANEOUS PENAL LAW, SOUTH BRONX AREA SITE 402,2
MISCELLANEOUS PENAL LAW, SOUTHERN BOULEVARD,1
MISCELLANEOUS PENAL LAW, STEBBINS AVENUE-HEWITT PLACE,9
MISCELLANEOUS PENAL LAW, TELLER AVENUE-EAST 166TH STREET,2
MISCELLANEOUS PENAL LAW, THROGGS NECK,85
MISCELLANEOUS PENAL LAW, THROGGS NECK ADDITION,19
MISCELLANEOUS PENAL LAW, TWIN PARKS EAST SITE 9,2
MISCELLANEOUS PENAL LAW, TWIN PARKS WEST SITE 1 & 2,6
MISCELLANEOUS PENAL LAW, UNION AVENUE-EAST 163RD STREET,3
MISCELLANEOUS PENAL LAW, UNION AVENUE-EAST 166TH STREET,5
MISCELLANEOUS PENAL LAW, UNIVERSITY AVENUE REHAB,6
MISCELLANEOUS PENAL LAW, WEBSTER,29
MISCELLANEOUS PENAL LAW, WEST FARMS ROAD REHAB,7
MISCELLANEOUS PENAL LAW, WEST TREMONT AVENUE-SEDGWICK AVENUE AREA,1
MISCELLANEOUS PENAL LAW, WEST TREMONT REHAB GROUP 2,2
MISCELLANEOUS PENAL LAW, WEST TREMONT REHAB GROUP 3,2
NYS LAWS-UNCLASSIFIED FELONY, 1162-1176 WASHINGTON AVENUE,1
NYS LAWS-UNCLASSIFIED FELONY, ADAMS,3
NYS LAWS-UNCLASSIFIED FELONY, BOSTON SECOR,1
NYS LAWS-UNCLASSIFIED FELONY, BRONX RIVER,1
NYS LAWS-UNCLASSIFIED FELONY, BRONXDALE,3
NYS LAWS-UNCLASSIFIED FELONY, BUTLER,1
NYS LAWS-UNCLASSIFIED FELONY, CASTLE HILL,4
NYS LAWS-UNCLASSIFIED FELONY, EAST 180TH STREET-MONTEREY AVENUE,1
NYS LAWS-UNCLASSIFIED FELONY, EASTCHESTER GARDENS,1
NYS LAWS-UNCLASSIFIED FELONY, EDENWALD,1
NYS LAWS-UNCLASSIFIED FELONY, HIGHBRIDGE GARDENS,3
NYS LAWS-UNCLASSIFIED FELONY, HIGHBRIDGE REHABS NELSON AVENUE,1
NYS LAWS-UNCLASSIFIED FELONY, MARBLE HILL,1
NYS LAWS-UNCLASSIFIED FELONY, MELROSE,2
NYS LAWS-UNCLASSIFIED FELONY, MILL BROOK,2
NYS LAWS-UNCLASSIFIED FELONY, MITCHEL,6
NYS LAWS-UNCLASSIFIED FELONY, MONROE,1
NYS LAWS-UNCLASSIFIED FELONY, MORRIS I,3
NYS LAWS-UNCLASSIFIED FELONY, PARKSIDE,1
NYS LAWS-UNCLASSIFIED FELONY, PATTERSON,1
NYS LAWS-UNCLASSIFIED FELONY, PELHAM PARKWAY,1
NYS LAWS-UNCLASSIFIED FELONY, "SAINT MARYS PARK",2
NYS LAWS-UNCLASSIFIED FELONY, SOUNDVIEW,3
NYS LAWS-UNCLASSIFIED FELONY, THROGGS NECK,4
NYS LAWS-UNCLASSIFIED FELONY, TWIN PARKS EAST SITE 9,1
NYS LAWS-UNCLASSIFIED FELONY, WEBSTER,1
OFF. AGNST PUB ORD SENSBLTY &, 1162-1176 WASHINGTON AVENUE,7
OFF. AGNST PUB ORD SENSBLTY &, 1471 WATSON AVENUE,16
OFF. AGNST PUB ORD SENSBLTY &, ADAMS,130
OFF. AGNST PUB ORD SENSBLTY &, BAILEY AVENUE-WEST 193RD STREET,38
OFF. AGNST PUB ORD SENSBLTY &, BETANCES I,33
OFF. AGNST PUB ORD SENSBLTY &, BETANCES III,1
OFF. AGNST PUB ORD SENSBLTY &, BOSTON ROAD PLAZA,2
OFF. AGNST PUB ORD SENSBLTY &, BOSTON SECOR,118
OFF. AGNST PUB ORD SENSBLTY &, BOYNTON AVENUE REHAB,13
OFF. AGNST PUB ORD SENSBLTY &, BRONX RIVER,165
OFF. AGNST PUB ORD SENSBLTY &, BRONX RIVER ADDITION,2
OFF. AGNST PUB ORD SENSBLTY &, BRONXDALE,288
OFF. AGNST PUB ORD SENSBLTY &, BRYANT AVENUE-EAST 174TH STREET,9
OFF. AGNST PUB ORD SENSBLTY &, BUTLER,277
OFF. AGNST PUB ORD SENSBLTY &, CASTLE HILL,402
OFF. AGNST PUB ORD SENSBLTY &, CLAREMONT PARKWAY-FRANKLIN AVENUE,10
OFF. AGNST PUB ORD SENSBLTY &, CLAREMONT REHAB GROUP 2,16
OFF. AGNST PUB ORD SENSBLTY &, CLAREMONT REHAB GROUP 3,13
OFF. AGNST PUB ORD SENSBLTY &, CLAREMONT REHAB GROUP 4,22
OFF. AGNST PUB ORD SENSBLTY &, CLAREMONT REHAB GROUP 5,18
OFF. AGNST PUB ORD SENSBLTY &, CLASON POINT GARDENS,73
OFF. AGNST PUB ORD SENSBLTY &, COLLEGE AVENUE-EAST 165TH STREET,2
OFF. AGNST PUB ORD SENSBLTY &, DAVIDSON,20
OFF. AGNST PUB ORD SENSBLTY &, EAGLE AVENUE-EAST 163RD STREET,13
OFF. AGNST PUB ORD SENSBLTY &, EAST 165TH STREET-BRYANT AVENUE,13
OFF. AGNST PUB ORD SENSBLTY &, EAST 173RD STREET-VYSE AVENUE,28
OFF. AGNST PUB ORD SENSBLTY &, EAST 180TH STREET-MONTEREY AVENUE,28
OFF. AGNST PUB ORD SENSBLTY &, EASTCHESTER GARDENS,150
OFF. AGNST PUB ORD SENSBLTY &, EDENWALD,58
OFF. AGNST PUB ORD SENSBLTY &, FOREST,90
OFF. AGNST PUB ORD SENSBLTY &, FORT INDEPENDENCE STREET-HEATH AVENUE,90
OFF. AGNST PUB ORD SENSBLTY &, FRANKLIN AVENUE I CONVENTIONAL,10
OFF. AGNST PUB ORD SENSBLTY &, FRANKLIN AVENUE II CONVENTIONAL,5
OFF. AGNST PUB ORD SENSBLTY &, FRANKLIN AVENUE III CONVENTIONAL,4
OFF. AGNST PUB ORD SENSBLTY &, GLEBE AVENUE-WESTCHESTER AVENUE,4
OFF. AGNST PUB ORD SENSBLTY &, GUN HILL,85
OFF. AGNST PUB ORD SENSBLTY &, HARRISON AVENUE REHAB GROUP B,15
OFF. AGNST PUB ORD SENSBLTY &, HIGHBRIDGE GARDENS,83
OFF. AGNST PUB ORD SENSBLTY &, HIGHBRIDGE REHABS ANDERSON AVENUE,17
OFF. AGNST PUB ORD SENSBLTY &, HIGHBRIDGE REHABS NELSON AVENUE,14
OFF. AGNST PUB ORD SENSBLTY &, HOE AVENUE-EAST 173RD STREET,10
OFF. AGNST PUB ORD SENSBLTY &, JACKSON,112
OFF. AGNST PUB ORD SENSBLTY &, JENNINGS STREET,3
OFF. AGNST PUB ORD SENSBLTY &, LONGFELLOW AVENUE REHAB,23
OFF. AGNST PUB ORD SENSBLTY &, MACOMBS ROAD,11
OFF. AGNST PUB ORD SENSBLTY &, MARBLE HILL,158
OFF. AGNST PUB ORD SENSBLTY &, MCKINLEY,18
OFF. AGNST PUB ORD SENSBLTY &, MELROSE,49
OFF. AGNST PUB ORD SENSBLTY &, MIDDLETOWN PLAZA,2
OFF. AGNST PUB ORD SENSBLTY &, MILL BROOK,91
OFF. AGNST PUB ORD SENSBLTY &, MILL BROOK EXTENSION,28
OFF. AGNST PUB ORD SENSBLTY &, MITCHEL,194
OFF. AGNST PUB ORD SENSBLTY &, MONROE,239
OFF. AGNST PUB ORD SENSBLTY &, MOORE,40
OFF. AGNST PUB ORD SENSBLTY &, MORRIS HEIGHTS REHAB,14
OFF. AGNST PUB ORD SENSBLTY &, MORRIS I,120
OFF. AGNST PUB ORD SENSBLTY &, MORRIS II,114
OFF. AGNST PUB ORD SENSBLTY &, MORRISANIA,19
OFF. AGNST PUB ORD SENSBLTY &, MORRISANIA AIR RIGHTS 42,17
OFF. AGNST PUB ORD SENSBLTY &, MOTT HAVEN,45
OFF. AGNST PUB ORD SENSBLTY &, MURPHY,70
OFF. AGNST PUB ORD SENSBLTY &, PARKSIDE,142
OFF. AGNST PUB ORD SENSBLTY &, PATTERSON,101
OFF. AGNST PUB ORD SENSBLTY &, PELHAM PARKWAY,223
OFF. AGNST PUB ORD SENSBLTY &, RANDALL AVENUE-BALCOM AVENUE,4
OFF. AGNST PUB ORD SENSBLTY &, SACK WERN,94
OFF. AGNST PUB ORD SENSBLTY &, "SAINT MARYS PARK",173
OFF. AGNST PUB ORD SENSBLTY &, SEDGWICK,29
OFF. AGNST PUB ORD SENSBLTY &, SOUNDVIEW,323
OFF. AGNST PUB ORD SENSBLTY &, SOUTH BRONX AREA SITE 402,19
OFF. AGNST PUB ORD SENSBLTY &, SOUTHERN BOULEVARD,22
OFF. AGNST PUB ORD SENSBLTY &, STEBBINS AVENUE-HEWITT PLACE,22
OFF. AGNST PUB ORD SENSBLTY &, TELLER AVENUE-EAST 166TH STREET,8
OFF. AGNST PUB ORD SENSBLTY &, THROGGS NECK,337
OFF. AGNST PUB ORD SENSBLTY &, THROGGS NECK ADDITION,76
OFF. AGNST PUB ORD SENSBLTY &, TWIN PARKS EAST SITE 9,9
OFF. AGNST PUB ORD SENSBLTY &, TWIN PARKS WEST SITE 1 & 2,36
OFF. AGNST PUB ORD SENSBLTY &, UNION AVENUE-EAST 163RD STREET,5
OFF. AGNST PUB ORD SENSBLTY &, UNION AVENUE-EAST 166TH STREET,2
OFF. AGNST PUB ORD SENSBLTY &, UNIVERSITY AVENUE REHAB,33
OFF. AGNST PUB ORD SENSBLTY &, WEBSTER,65
OFF. AGNST PUB ORD SENSBLTY &, WEST FARMS ROAD REHAB,25
OFF. AGNST PUB ORD SENSBLTY &, WEST TREMONT AVENUE-SEDGWICK AVENUE AREA,9
OFF. AGNST PUB ORD SENSBLTY &, WEST TREMONT REHAB GROUP 1,6
OFF. AGNST PUB ORD SENSBLTY &, WEST TREMONT REHAB GROUP 2,4
OFF. AGNST PUB ORD SENSBLTY &, WEST TREMONT REHAB GROUP 3,27
OFFENSES AGAINST PUBLIC ADMINI, 1162-1176 WASHINGTON AVENUE,16
OFFENSES AGAINST PUBLIC ADMINI, 1471 WATSON AVENUE,11
OFFENSES AGAINST PUBLIC ADMINI, ADAMS,61
OFFENSES AGAINST PUBLIC ADMINI, BAILEY AVENUE-WEST 193RD STREET,10
OFFENSES AGAINST PUBLIC ADMINI, BAYCHESTER,1
OFFENSES AGAINST PUBLIC ADMINI, BETANCES I,25
OFFENSES AGAINST PUBLIC ADMINI, BETANCES III,1
OFFENSES AGAINST PUBLIC ADMINI, BOSTON SECOR,52
OFFENSES AGAINST PUBLIC ADMINI, BOYNTON AVENUE REHAB,14
OFFENSES AGAINST PUBLIC ADMINI, BRONX RIVER,72
OFFENSES AGAINST PUBLIC ADMINI, BRONX RIVER ADDITION,2
OFFENSES AGAINST PUBLIC ADMINI, BRONXDALE,153
OFFENSES AGAINST PUBLIC ADMINI, BRYANT AVENUE-EAST 174TH STREET,4
OFFENSES AGAINST PUBLIC ADMINI, BUTLER,149
OFFENSES AGAINST PUBLIC ADMINI, CASTLE HILL,256
OFFENSES AGAINST PUBLIC ADMINI, CLAREMONT PARKWAY-FRANKLIN AVENUE,6
OFFENSES AGAINST PUBLIC ADMINI, CLAREMONT REHAB GROUP 2,5
OFFENSES AGAINST PUBLIC ADMINI, CLAREMONT REHAB GROUP 3,7
OFFENSES AGAINST PUBLIC ADMINI, CLAREMONT REHAB GROUP 4,6
OFFENSES AGAINST PUBLIC ADMINI, CLAREMONT REHAB GROUP 5,9
OFFENSES AGAINST PUBLIC ADMINI, CLASON POINT GARDENS,51
OFFENSES AGAINST PUBLIC ADMINI, COLLEGE AVENUE-EAST 165TH STREET,2
OFFENSES AGAINST PUBLIC ADMINI, DAVIDSON,31
OFFENSES AGAINST PUBLIC ADMINI, EAGLE AVENUE-EAST 163RD STREET,7
OFFENSES AGAINST PUBLIC ADMINI, EAST 165TH STREET-BRYANT AVENUE,5
OFFENSES AGAINST PUBLIC ADMINI, EAST 173RD STREET-VYSE AVENUE,26
OFFENSES AGAINST PUBLIC ADMINI, EAST 180TH STREET-MONTEREY AVENUE,14
OFFENSES AGAINST PUBLIC ADMINI, EASTCHESTER GARDENS,74
OFFENSES AGAINST PUBLIC ADMINI, EDENWALD,46
OFFENSES AGAINST PUBLIC ADMINI, FOREST,37
OFFENSES AGAINST PUBLIC ADMINI, FORT INDEPENDENCE STREET-HEATH AVENUE,45
OFFENSES AGAINST PUBLIC ADMINI, FRANKLIN AVENUE I CONVENTIONAL,4
OFFENSES AGAINST PUBLIC ADMINI, FRANKLIN AVENUE II CONVENTIONAL,5
OFFENSES AGAINST PUBLIC ADMINI, GLEBE AVENUE-WESTCHESTER AVENUE,5
OFFENSES AGAINST PUBLIC ADMINI, GUN HILL,56
OFFENSES AGAINST PUBLIC ADMINI, HARRISON AVENUE REHAB GROUP B,19
OFFENSES AGAINST PUBLIC ADMINI, HIGHBRIDGE GARDENS,31
OFFENSES AGAINST PUBLIC ADMINI, HIGHBRIDGE REHABS ANDERSON AVENUE,3
OFFENSES AGAINST PUBLIC ADMINI, HIGHBRIDGE REHABS NELSON AVENUE,5
OFFENSES AGAINST PUBLIC ADMINI, HOE AVENUE-EAST 173RD STREET,3
OFFENSES AGAINST PUBLIC ADMINI, JACKSON,53
OFFENSES AGAINST PUBLIC ADMINI, JENNINGS STREET,1
OFFENSES AGAINST PUBLIC ADMINI, LONGFELLOW AVENUE REHAB,10
OFFENSES AGAINST PUBLIC ADMINI, MACOMBS ROAD,3
OFFENSES AGAINST PUBLIC ADMINI, MARBLE HILL,78
OFFENSES AGAINST PUBLIC ADMINI, MCKINLEY,13
OFFENSES AGAINST PUBLIC ADMINI, MELROSE,11
OFFENSES AGAINST PUBLIC ADMINI, MIDDLETOWN PLAZA,1
OFFENSES AGAINST PUBLIC ADMINI, MILL BROOK,35
OFFENSES AGAINST PUBLIC ADMINI, MILL BROOK EXTENSION,16
OFFENSES AGAINST PUBLIC ADMINI, MITCHEL,96
OFFENSES AGAINST PUBLIC ADMINI, MONROE,165
OFFENSES AGAINST PUBLIC ADMINI, MOORE,20
OFFENSES AGAINST PUBLIC ADMINI, MORRIS HEIGHTS REHAB,7
OFFENSES AGAINST PUBLIC ADMINI, MORRIS I,83
OFFENSES AGAINST PUBLIC ADMINI, MORRIS II,45
OFFENSES AGAINST PUBLIC ADMINI, MORRISANIA,19
OFFENSES AGAINST PUBLIC ADMINI, MORRISANIA AIR RIGHTS 42,13
OFFENSES AGAINST PUBLIC ADMINI, MOTT HAVEN,34
OFFENSES AGAINST PUBLIC ADMINI, MURPHY,46
OFFENSES AGAINST PUBLIC ADMINI, PARKSIDE,46
OFFENSES AGAINST PUBLIC ADMINI, PATTERSON,45
OFFENSES AGAINST PUBLIC ADMINI, PELHAM PARKWAY,76
OFFENSES AGAINST PUBLIC ADMINI, SACK WERN,51
OFFENSES AGAINST PUBLIC ADMINI, "SAINT MARYS PARK",70
OFFENSES AGAINST PUBLIC ADMINI, SEDGWICK,7
OFFENSES AGAINST PUBLIC ADMINI, SOUNDVIEW,160
OFFENSES AGAINST PUBLIC ADMINI, SOUTH BRONX AREA SITE 402,5
OFFENSES AGAINST PUBLIC ADMINI, SOUTHERN BOULEVARD,2
OFFENSES AGAINST PUBLIC ADMINI, STEBBINS AVENUE-HEWITT PLACE,6
OFFENSES AGAINST PUBLIC ADMINI, TELLER AVENUE-EAST 166TH STREET,14
OFFENSES AGAINST PUBLIC ADMINI, THROGGS NECK,173
OFFENSES AGAINST PUBLIC ADMINI, THROGGS NECK ADDITION,23
OFFENSES AGAINST PUBLIC ADMINI, TWIN PARKS EAST SITE 9,1
OFFENSES AGAINST PUBLIC ADMINI, TWIN PARKS WEST SITE 1 & 2,6
OFFENSES AGAINST PUBLIC ADMINI, UNION AVENUE-EAST 163RD STREET,6
OFFENSES AGAINST PUBLIC ADMINI, UNION AVENUE-EAST 166TH STREET,5
OFFENSES AGAINST PUBLIC ADMINI, UNIVERSITY AVENUE REHAB,14
OFFENSES AGAINST PUBLIC ADMINI, WEBSTER,41
OFFENSES AGAINST PUBLIC ADMINI, WEST FARMS ROAD REHAB,7
OFFENSES AGAINST PUBLIC ADMINI, WEST TREMONT REHAB GROUP 3,4
OFFENSES AGAINST PUBLIC SAFETY, ADAMS,1
OFFENSES AGAINST PUBLIC SAFETY, BRONXDALE,1
OFFENSES AGAINST PUBLIC SAFETY, BUTLER,2
OFFENSES AGAINST PUBLIC SAFETY, CASTLE HILL,3
OFFENSES AGAINST PUBLIC SAFETY, CLAREMONT REHAB GROUP 2,1
OFFENSES AGAINST PUBLIC SAFETY, CLASON POINT GARDENS,1
OFFENSES AGAINST PUBLIC SAFETY, COLLEGE AVENUE-EAST 165TH STREET,1
OFFENSES AGAINST PUBLIC SAFETY, EAST 173RD STREET-VYSE AVENUE,1
OFFENSES AGAINST PUBLIC SAFETY, HIGHBRIDGE GARDENS,1
OFFENSES AGAINST PUBLIC SAFETY, MACOMBS ROAD,1
OFFENSES AGAINST PUBLIC SAFETY, MARBLE HILL,2
OFFENSES AGAINST PUBLIC SAFETY, MCKINLEY,1
OFFENSES AGAINST PUBLIC SAFETY, MITCHEL,1
OFFENSES AGAINST PUBLIC SAFETY, WEBSTER,1
OFFENSES AGAINST PUBLIC SAFETY, WEST FARMS ROAD REHAB,1
OFFENSES AGAINST THE PERSON, 1162-1176 WASHINGTON AVENUE,1
OFFENSES AGAINST THE PERSON, 1471 WATSON AVENUE,2
OFFENSES AGAINST THE PERSON, ADAMS,7
OFFENSES AGAINST THE PERSON, BAILEY AVENUE-WEST 193RD STREET,2
OFFENSES AGAINST THE PERSON, BAYCHESTER,1
OFFENSES AGAINST THE PERSON, BETANCES I,1
OFFENSES AGAINST THE PERSON, BOSTON SECOR,7
OFFENSES AGAINST THE PERSON, BRONX RIVER,13
OFFENSES AGAINST THE PERSON, BRONXDALE,15
OFFENSES AGAINST THE PERSON, BUTLER,10
OFFENSES AGAINST THE PERSON, CASTLE HILL,38
OFFENSES AGAINST THE PERSON, CLAREMONT REHAB GROUP 2,4
OFFENSES AGAINST THE PERSON, CLAREMONT REHAB GROUP 3,1
OFFENSES AGAINST THE PERSON, CLAREMONT REHAB GROUP 4,2
OFFENSES AGAINST THE PERSON, CLAREMONT REHAB GROUP 5,3
OFFENSES AGAINST THE PERSON, CLASON POINT GARDENS,7
OFFENSES AGAINST THE PERSON, EAST 173RD STREET-VYSE AVENUE,1
OFFENSES AGAINST THE PERSON, EASTCHESTER GARDENS,1
OFFENSES AGAINST THE PERSON, EDENWALD,3
OFFENSES AGAINST THE PERSON, FORT INDEPENDENCE STREET-HEATH AVENUE,4
OFFENSES AGAINST THE PERSON, GUN HILL,1
OFFENSES AGAINST THE PERSON, HARRISON AVENUE REHAB GROUP B,1
OFFENSES AGAINST THE PERSON, HIGHBRIDGE GARDENS,2
OFFENSES AGAINST THE PERSON, HIGHBRIDGE REHABS ANDERSON AVENUE,2
OFFENSES AGAINST THE PERSON, HIGHBRIDGE REHABS NELSON AVENUE,2
OFFENSES AGAINST THE PERSON, JACKSON,5
OFFENSES AGAINST THE PERSON, LONGFELLOW AVENUE REHAB,2
OFFENSES AGAINST THE PERSON, MARBLE HILL,6
OFFENSES AGAINST THE PERSON, MELROSE,4
OFFENSES AGAINST THE PERSON, MILL BROOK,5
OFFENSES AGAINST THE PERSON, MITCHEL,6
OFFENSES AGAINST THE PERSON, MONROE,16
OFFENSES AGAINST THE PERSON, MOORE,2
OFFENSES AGAINST THE PERSON, MORRIS HEIGHTS REHAB,1
OFFENSES AGAINST THE PERSON, MORRIS I,6
OFFENSES AGAINST THE PERSON, MORRIS II,4
OFFENSES AGAINST THE PERSON, MORRISANIA,2
OFFENSES AGAINST THE PERSON, MOTT HAVEN,1
OFFENSES AGAINST THE PERSON, MURPHY,1
OFFENSES AGAINST THE PERSON, PARKSIDE,2
OFFENSES AGAINST THE PERSON, PATTERSON,3
OFFENSES AGAINST THE PERSON, PELHAM PARKWAY,4
OFFENSES AGAINST THE PERSON, SACK WERN,2
OFFENSES AGAINST THE PERSON, "SAINT MARYS PARK",5
OFFENSES AGAINST THE PERSON, SOUNDVIEW,20
OFFENSES AGAINST THE PERSON, SOUTH BRONX AREA SITE 402,1
OFFENSES AGAINST THE PERSON, THROGGS NECK,19
OFFENSES AGAINST THE PERSON, THROGGS NECK ADDITION,2
OFFENSES AGAINST THE PERSON, TWIN PARKS WEST SITE 1 & 2,1
OFFENSES AGAINST THE PERSON, UNION AVENUE-EAST 166TH STREET,1
OFFENSES AGAINST THE PERSON, UNIVERSITY AVENUE REHAB,1
OFFENSES AGAINST THE PERSON, WEBSTER,3
OFFENSES AGAINST THE PERSON, WEST TREMONT REHAB GROUP 2,1
OFFENSES AGAINST THE PERSON, WEST TREMONT REHAB GROUP 3,1
OFFENSES INVOLVING FRAUD, ADAMS,2
OFFENSES INVOLVING FRAUD, BOSTON ROAD PLAZA,3
OFFENSES INVOLVING FRAUD, BOSTON SECOR,1
OFFENSES INVOLVING FRAUD, BRONX RIVER,1
OFFENSES INVOLVING FRAUD, BRONXDALE,7
OFFENSES INVOLVING FRAUD, BUTLER,6
OFFENSES INVOLVING FRAUD, CASTLE HILL,9
OFFENSES INVOLVING FRAUD, CLAREMONT REHAB GROUP 2,2
OFFENSES INVOLVING FRAUD, CLAREMONT REHAB GROUP 4,1
OFFENSES INVOLVING FRAUD, CLAREMONT REHAB GROUP 5,1
OFFENSES INVOLVING FRAUD, COLLEGE AVENUE-EAST 165TH STREET,3
OFFENSES INVOLVING FRAUD, EAGLE AVENUE-EAST 163RD STREET,1
OFFENSES INVOLVING FRAUD, EAST 173RD STREET-VYSE AVENUE,2
OFFENSES INVOLVING FRAUD, EASTCHESTER GARDENS,4
OFFENSES INVOLVING FRAUD, EDENWALD,2
OFFENSES INVOLVING FRAUD, FOREST,1
OFFENSES INVOLVING FRAUD, FORT INDEPENDENCE STREET-HEATH AVENUE,5
OFFENSES INVOLVING FRAUD, HARRISON AVENUE REHAB GROUP B,1
OFFENSES INVOLVING FRAUD, HIGHBRIDGE GARDENS,4
OFFENSES INVOLVING FRAUD, HIGHBRIDGE REHABS ANDERSON AVENUE,2
OFFENSES INVOLVING FRAUD, HIGHBRIDGE REHABS NELSON AVENUE,2
OFFENSES INVOLVING FRAUD, JACKSON,1
OFFENSES INVOLVING FRAUD, MARBLE HILL,2
OFFENSES INVOLVING FRAUD, MELROSE,1
OFFENSES INVOLVING FRAUD, MILL BROOK,1
OFFENSES INVOLVING FRAUD, MITCHEL,2
OFFENSES INVOLVING FRAUD, MONROE,3
OFFENSES INVOLVING FRAUD, MOORE,2
OFFENSES INVOLVING FRAUD, MORRIS I,2
OFFENSES INVOLVING FRAUD, MORRISANIA AIR RIGHTS 42,2
OFFENSES INVOLVING FRAUD, MOTT HAVEN,1
OFFENSES INVOLVING FRAUD, MURPHY,2
OFFENSES INVOLVING FRAUD, PARKSIDE,3
OFFENSES INVOLVING FRAUD, PATTERSON,1
OFFENSES INVOLVING FRAUD, PELHAM PARKWAY,4
OFFENSES INVOLVING FRAUD, SEDGWICK,1
OFFENSES INVOLVING FRAUD, SOUNDVIEW,1
OFFENSES INVOLVING FRAUD, TELLER AVENUE-EAST 166TH STREET,1
OFFENSES INVOLVING FRAUD, THROGGS NECK,1
OFFENSES INVOLVING FRAUD, TWIN PARKS EAST SITE 9,1
OFFENSES INVOLVING FRAUD, WEBSTER,1
OFFENSES RELATED TO CHILDREN, CASTLE HILL,1
OFFENSES RELATED TO CHILDREN, LONGFELLOW AVENUE REHAB,1
OFFENSES RELATED TO CHILDREN, MOTT HAVEN,1
OFFENSES RELATED TO CHILDREN, SACK WERN,1
OFFENSES RELATED TO CHILDREN, "SAINT MARYS PARK",1
OTHER OFFENSES RELATED TO THEF, BOSTON ROAD PLAZA,1
OTHER OFFENSES RELATED TO THEF, BOSTON SECOR,1
OTHER OFFENSES RELATED TO THEF, BOYNTON AVENUE REHAB,1
OTHER OFFENSES RELATED TO THEF, BRONX RIVER,8
OTHER OFFENSES RELATED TO THEF, BRONX RIVER ADDITION,1
OTHER OFFENSES RELATED TO THEF, BRONXDALE,4
OTHER OFFENSES RELATED TO THEF, BUTLER,2
OTHER OFFENSES RELATED TO THEF, CASTLE HILL,12
OTHER OFFENSES RELATED TO THEF, CLAREMONT REHAB GROUP 3,1
OTHER OFFENSES RELATED TO THEF, CLAREMONT REHAB GROUP 5,1
OTHER OFFENSES RELATED TO THEF, CLASON POINT GARDENS,1
OTHER OFFENSES RELATED TO THEF, EAST 173RD STREET-VYSE AVENUE,2
OTHER OFFENSES RELATED TO THEF, EASTCHESTER GARDENS,3
OTHER OFFENSES RELATED TO THEF, FOREST,1
OTHER OFFENSES RELATED TO THEF, FORT INDEPENDENCE STREET-HEATH AVENUE,1
OTHER OFFENSES RELATED TO THEF, GUN HILL,1
OTHER OFFENSES RELATED TO THEF, HIGHBRIDGE GARDENS,1
OTHER OFFENSES RELATED TO THEF, HIGHBRIDGE REHABS NELSON AVENUE,1
OTHER OFFENSES RELATED TO THEF, JACKSON,1
OTHER OFFENSES RELATED TO THEF, MARBLE HILL,4
OTHER OFFENSES RELATED TO THEF, MILL BROOK,1
OTHER OFFENSES RELATED TO THEF, MILL BROOK EXTENSION,1
OTHER OFFENSES RELATED TO THEF, MITCHEL,3
OTHER OFFENSES RELATED TO THEF, MONROE,9
OTHER OFFENSES RELATED TO THEF, MORRIS I,2
OTHER OFFENSES RELATED TO THEF, MORRISANIA,1
OTHER OFFENSES RELATED TO THEF, MOTT HAVEN,1
OTHER OFFENSES RELATED TO THEF, MURPHY,1
OTHER OFFENSES RELATED TO THEF, PARKSIDE,1
OTHER OFFENSES RELATED TO THEF, PELHAM PARKWAY,5
OTHER OFFENSES RELATED TO THEF, "SAINT MARYS PARK",1
OTHER OFFENSES RELATED TO THEF, SOUNDVIEW,2
OTHER OFFENSES RELATED TO THEF, THROGGS NECK,5
OTHER OFFENSES RELATED TO THEF, THROGGS NECK ADDITION,2
OTHER OFFENSES RELATED TO THEF, WEBSTER,2
OTHER STATE LAWS, SOUNDVIEW,1
OTHER STATE LAWS NON PENAL LA, 1471 WATSON AVENUE,1
OTHER STATE LAWS NON PENAL LA, BRONX RIVER,3
OTHER STATE LAWS NON PENAL LA, BRONXDALE,18
OTHER STATE LAWS NON PENAL LA, BRYANT AVENUE-EAST 174TH STREET,1
OTHER STATE LAWS NON PENAL LA, BUTLER,3
OTHER STATE LAWS NON PENAL LA, CASTLE HILL,15
OTHER STATE LAWS NON PENAL LA, CLAREMONT REHAB GROUP 2,2
OTHER STATE LAWS NON PENAL LA, CLASON POINT GARDENS,1
OTHER STATE LAWS NON PENAL LA, COLLEGE AVENUE-EAST 165TH STREET,1
OTHER STATE LAWS NON PENAL LA, EASTCHESTER GARDENS,2
OTHER STATE LAWS NON PENAL LA, EDENWALD,2
OTHER STATE LAWS NON PENAL LA, FORT INDEPENDENCE STREET-HEATH AVENUE,2
OTHER STATE LAWS NON PENAL LA, HIGHBRIDGE GARDENS,1
OTHER STATE LAWS NON PENAL LA, MARBLE HILL,1
OTHER STATE LAWS NON PENAL LA, MCKINLEY,1
OTHER STATE LAWS NON PENAL LA, MELROSE,2
OTHER STATE LAWS NON PENAL LA, MITCHEL,1
OTHER STATE LAWS NON PENAL LA, MONROE,5
OTHER STATE LAWS NON PENAL LA, MORRIS II,1
OTHER STATE LAWS NON PENAL LA, MORRISANIA,2
OTHER STATE LAWS NON PENAL LA, MOTT HAVEN,1
OTHER STATE LAWS NON PENAL LA, PARKSIDE,1
OTHER STATE LAWS NON PENAL LA, PATTERSON,1
OTHER STATE LAWS NON PENAL LA, "SAINT MARYS PARK",1
OTHER STATE LAWS NON PENAL LA, SOUNDVIEW,11
OTHER STATE LAWS NON PENAL LA, TELLER AVENUE-EAST 166TH STREET,2
OTHER STATE LAWS NON PENAL LA, THROGGS NECK,6
OTHER STATE LAWS NON PENAL LA, UNION AVENUE-EAST 166TH STREET,1
PETIT LARCENY, 1162-1176 WASHINGTON AVENUE,17
PETIT LARCENY, 1471 WATSON AVENUE,6
PETIT LARCENY, ADAMS,81
PETIT LARCENY, BAILEY AVENUE-WEST 193RD STREET,40
PETIT LARCENY, BETANCES I,18
PETIT LARCENY, BETANCES III,4
PETIT LARCENY, BETANCES VI,3
PETIT LARCENY, BOSTON ROAD PLAZA,23
PETIT LARCENY, BOSTON SECOR,54
PETIT LARCENY, BOYNTON AVENUE REHAB,8
PETIT LARCENY, BRONX RIVER,100
PETIT LARCENY, BRONX RIVER ADDITION,18
PETIT LARCENY, BRONXDALE,222
PETIT LARCENY, BRYANT AVENUE-EAST 174TH STREET,6
PETIT LARCENY, BUTLER,177
PETIT LARCENY, CASTLE HILL,351
PETIT LARCENY, CLAREMONT PARKWAY-FRANKLIN AVENUE,18
PETIT LARCENY, CLAREMONT REHAB GROUP 2,8
PETIT LARCENY, CLAREMONT REHAB GROUP 3,6
PETIT LARCENY, CLAREMONT REHAB GROUP 4,11
PETIT LARCENY, CLAREMONT REHAB GROUP 5,16
PETIT LARCENY, CLASON POINT GARDENS,82
PETIT LARCENY, COLLEGE AVENUE-EAST 165TH STREET,10
PETIT LARCENY, DAVIDSON,42
PETIT LARCENY, EAGLE AVENUE-EAST 163RD STREET,16
PETIT LARCENY, EAST 165TH STREET-BRYANT AVENUE,11
PETIT LARCENY, EAST 173RD STREET-VYSE AVENUE,20
PETIT LARCENY, EAST 180TH STREET-MONTEREY AVENUE,24
PETIT LARCENY, EASTCHESTER GARDENS,84
PETIT LARCENY, EDENWALD,27
PETIT LARCENY, FOREST,60
PETIT LARCENY, FORT INDEPENDENCE STREET-HEATH AVENUE,35
PETIT LARCENY, FRANKLIN AVENUE I CONVENTIONAL,5
PETIT LARCENY, FRANKLIN AVENUE I MHOP,5
PETIT LARCENY, FRANKLIN AVENUE II CONVENTIONAL,9
PETIT LARCENY, FRANKLIN AVENUE III CONVENTIONAL,1
PETIT LARCENY, GLEBE AVENUE-WESTCHESTER AVENUE,12
PETIT LARCENY, GUN HILL,64
PETIT LARCENY, HARRISON AVENUE REHAB GROUP A,3
PETIT LARCENY, HARRISON AVENUE REHAB GROUP B,11
PETIT LARCENY, HIGHBRIDGE GARDENS,64
PETIT LARCENY, HIGHBRIDGE REHABS ANDERSON AVENUE,9
PETIT LARCENY, HIGHBRIDGE REHABS NELSON AVENUE,11
PETIT LARCENY, HOE AVENUE-EAST 173RD STREET,5
PETIT LARCENY, JACKSON,65
PETIT LARCENY, JENNINGS STREET,9
PETIT LARCENY, LONGFELLOW AVENUE REHAB,11
PETIT LARCENY, MACOMBS ROAD,5
PETIT LARCENY, MARBLE HILL,128
PETIT LARCENY, MCKINLEY,12
PETIT LARCENY, MELROSE,39
PETIT LARCENY, MIDDLETOWN PLAZA,3
PETIT LARCENY, MILL BROOK,67
PETIT LARCENY, MILL BROOK EXTENSION,30
PETIT LARCENY, MITCHEL,171
PETIT LARCENY, MONROE,122
PETIT LARCENY, MOORE,25
PETIT LARCENY, MORRIS HEIGHTS REHAB,20
PETIT LARCENY, MORRIS I,117
PETIT LARCENY, MORRIS II,86
PETIT LARCENY, MORRISANIA,17
PETIT LARCENY, MORRISANIA AIR RIGHTS 42,22
PETIT LARCENY, MOTT HAVEN,31
PETIT LARCENY, MURPHY,45
PETIT LARCENY, PARKSIDE,115
PETIT LARCENY, PATTERSON,87
PETIT LARCENY, PELHAM PARKWAY,138
PETIT LARCENY, RANDALL AVENUE-BALCOM AVENUE,16
PETIT LARCENY, SACK WERN,62
PETIT LARCENY, "SAINT MARYS PARK",119
PETIT LARCENY, SEDGWICK,10
PETIT LARCENY, SOUNDVIEW,196
PETIT LARCENY, SOUTH BRONX AREA SITE 402,18
PETIT LARCENY, SOUTHERN BOULEVARD,13
PETIT LARCENY, STEBBINS AVENUE-HEWITT PLACE,17
PETIT LARCENY, TELLER AVENUE-EAST 166TH STREET,9
PETIT LARCENY, THROGGS NECK,160
PETIT LARCENY, THROGGS NECK ADDITION,50
PETIT LARCENY, TWIN PARKS EAST SITE 9,18
PETIT LARCENY, TWIN PARKS WEST SITE 1 & 2,14
PETIT LARCENY, UNION AVENUE-EAST 163RD STREET,16
PETIT LARCENY, UNION AVENUE-EAST 166TH STREET,7
PETIT LARCENY, UNIVERSITY AVENUE REHAB,63
PETIT LARCENY, WEBSTER,47
PETIT LARCENY, WEST FARMS ROAD REHAB,12
PETIT LARCENY, WEST TREMONT AVENUE-SEDGWICK AVENUE AREA,7
PETIT LARCENY, WEST TREMONT REHAB GROUP 1,10
PETIT LARCENY, WEST TREMONT REHAB GROUP 2,11
PETIT LARCENY, WEST TREMONT REHAB GROUP 3,14
PETIT LARCENY OF MOTOR VEHICLE, BUTLER,2
PETIT LARCENY OF MOTOR VEHICLE, CLASON POINT GARDENS,1
PETIT LARCENY OF MOTOR VEHICLE, EAST 173RD STREET-VYSE AVENUE,1
PETIT LARCENY OF MOTOR VEHICLE, FOREST,2
PETIT LARCENY OF MOTOR VEHICLE, JACKSON,1
PETIT LARCENY OF MOTOR VEHICLE, MILL BROOK,2
PETIT LARCENY OF MOTOR VEHICLE, MITCHEL,1
PETIT LARCENY OF MOTOR VEHICLE, PELHAM PARKWAY,1
PETIT LARCENY OF MOTOR VEHICLE, "SAINT MARYS PARK",1
PETIT LARCENY OF MOTOR VEHICLE, SOUTH BRONX AREA SITE 402,1
PETIT LARCENY OF MOTOR VEHICLE, WEBSTER,1
POSSESSION OF STOLEN PROPERTY, ADAMS,5
POSSESSION OF STOLEN PROPERTY, BOSTON SECOR,3
POSSESSION OF STOLEN PROPERTY, BRONX RIVER,7
POSSESSION OF STOLEN PROPERTY, BRONXDALE,7
POSSESSION OF STOLEN PROPERTY, BUTLER,8
POSSESSION OF STOLEN PROPERTY, CASTLE HILL,12
POSSESSION OF STOLEN PROPERTY, CLAREMONT REHAB GROUP 2,1
POSSESSION OF STOLEN PROPERTY, EAST 173RD STREET-VYSE AVENUE,1
POSSESSION OF STOLEN PROPERTY, EASTCHESTER GARDENS,2
POSSESSION OF STOLEN PROPERTY, EDENWALD,1
POSSESSION OF STOLEN PROPERTY, FORT INDEPENDENCE STREET-HEATH AVENUE,2
POSSESSION OF STOLEN PROPERTY, HIGHBRIDGE GARDENS,4
POSSESSION OF STOLEN PROPERTY, HOE AVENUE-EAST 173RD STREET,1
POSSESSION OF STOLEN PROPERTY, JACKSON,4
POSSESSION OF STOLEN PROPERTY, MARBLE HILL,2
POSSESSION OF STOLEN PROPERTY, MCKINLEY,1
POSSESSION OF STOLEN PROPERTY, MELROSE,3
POSSESSION OF STOLEN PROPERTY, MITCHEL,7
POSSESSION OF STOLEN PROPERTY, MONROE,7
POSSESSION OF STOLEN PROPERTY, MOORE,3
POSSESSION OF STOLEN PROPERTY, MORRIS I,5
POSSESSION OF STOLEN PROPERTY, MORRIS II,2
POSSESSION OF STOLEN PROPERTY, MORRISANIA,1
POSSESSION OF STOLEN PROPERTY, MORRISANIA AIR RIGHTS 42,1
POSSESSION OF STOLEN PROPERTY, MOTT HAVEN,3
POSSESSION OF STOLEN PROPERTY, MURPHY,5
POSSESSION OF STOLEN PROPERTY, PARKSIDE,3
POSSESSION OF STOLEN PROPERTY, PATTERSON,3
POSSESSION OF STOLEN PROPERTY, PELHAM PARKWAY,2
POSSESSION OF STOLEN PROPERTY, SACK WERN,1
POSSESSION OF STOLEN PROPERTY, "SAINT MARYS PARK",2
POSSESSION OF STOLEN PROPERTY, SEDGWICK,1
POSSESSION OF STOLEN PROPERTY, SOUNDVIEW,3
POSSESSION OF STOLEN PROPERTY, SOUTH BRONX AREA SITE 402,1
POSSESSION OF STOLEN PROPERTY, SOUTHERN BOULEVARD,1
POSSESSION OF STOLEN PROPERTY, STEBBINS AVENUE-HEWITT PLACE,1
POSSESSION OF STOLEN PROPERTY, TELLER AVENUE-EAST 166TH STREET,2
POSSESSION OF STOLEN PROPERTY, THROGGS NECK,5
POSSESSION OF STOLEN PROPERTY, THROGGS NECK ADDITION,2
POSSESSION OF STOLEN PROPERTY, TWIN PARKS WEST SITE 1 & 2,2
POSSESSION OF STOLEN PROPERTY, UNION AVENUE-EAST 163RD STREET,2
POSSESSION OF STOLEN PROPERTY, UNION AVENUE-EAST 166TH STREET,1
POSSESSION OF STOLEN PROPERTY, WEBSTER,1
PROSTITUTION & RELATED OFFENSES, CASTLE HILL,2
PROSTITUTION & RELATED OFFENSES, DAVIDSON,1
PROSTITUTION & RELATED OFFENSES, PARKSIDE,1
ROBBERY, 1162-1176 WASHINGTON AVENUE,10
ROBBERY, 1471 WATSON AVENUE,7
ROBBERY, ADAMS,73
ROBBERY, BAILEY AVENUE-WEST 193RD STREET,18
ROBBERY, BAYCHESTER,2
ROBBERY, BETANCES I,15
ROBBERY, BETANCES III,1
ROBBERY, BOSTON ROAD PLAZA,1
ROBBERY, BOSTON SECOR,23
ROBBERY, BOYNTON AVENUE REHAB,4
ROBBERY, BRONX RIVER,40
ROBBERY, BRONX RIVER ADDITION,4
ROBBERY, BRONXDALE,91
ROBBERY, BRYANT AVENUE-EAST 174TH STREET,1
ROBBERY, BUTLER,146
ROBBERY, CASTLE HILL,146
ROBBERY, CLAREMONT PARKWAY-FRANKLIN AVENUE,3
ROBBERY, CLAREMONT REHAB GROUP 2,6
ROBBERY, CLAREMONT REHAB GROUP 3,6
ROBBERY, CLAREMONT REHAB GROUP 4,4
ROBBERY, CLAREMONT REHAB GROUP 5,6
ROBBERY, CLASON POINT GARDENS,16
ROBBERY, COLLEGE AVENUE-EAST 165TH STREET,2
ROBBERY, DAVIDSON,21
ROBBERY, EAGLE AVENUE-EAST 163RD STREET,1
ROBBERY, EAST 165TH STREET-BRYANT AVENUE,4
ROBBERY, EAST 173RD STREET-VYSE AVENUE,12
ROBBERY, EAST 180TH STREET-MONTEREY AVENUE,8
ROBBERY, EASTCHESTER GARDENS,46
ROBBERY, EDENWALD,7
ROBBERY, FOREST,36
ROBBERY, FORT INDEPENDENCE STREET-HEATH AVENUE,18
ROBBERY, FRANKLIN AVENUE I CONVENTIONAL,1
ROBBERY, FRANKLIN AVENUE I MHOP,2
ROBBERY, FRANKLIN AVENUE II CONVENTIONAL,1
ROBBERY, GLEBE AVENUE-WESTCHESTER AVENUE,2
ROBBERY, GUN HILL,29
ROBBERY, HARRISON AVENUE REHAB GROUP A,4
ROBBERY, HARRISON AVENUE REHAB GROUP B,4
ROBBERY, HIGHBRIDGE GARDENS,23
ROBBERY, HIGHBRIDGE REHABS ANDERSON AVENUE,2
ROBBERY, HIGHBRIDGE REHABS NELSON AVENUE,4
ROBBERY, HOE AVENUE-EAST 173RD STREET,2
ROBBERY, JACKSON,32
ROBBERY, JENNINGS STREET,1
ROBBERY, LONGFELLOW AVENUE REHAB,5
ROBBERY, MACOMBS ROAD,3
ROBBERY, MARBLE HILL,69
ROBBERY, MCKINLEY,17
ROBBERY, MELROSE,30
ROBBERY, MIDDLETOWN PLAZA,1
ROBBERY, MILL BROOK,22
ROBBERY, MILL BROOK EXTENSION,6
ROBBERY, MITCHEL,57
ROBBERY, MONROE,77
ROBBERY, MOORE,18
ROBBERY, MORRIS HEIGHTS REHAB,5
ROBBERY, MORRIS I,39
ROBBERY, MORRIS II,40
ROBBERY, MORRISANIA,7
ROBBERY, MORRISANIA AIR RIGHTS 42,7
ROBBERY, MOTT HAVEN,14
ROBBERY, MURPHY,23
ROBBERY, PARKSIDE,65
ROBBERY, PATTERSON,30
ROBBERY, PELHAM PARKWAY,47
ROBBERY, RANDALL AVENUE-BALCOM AVENUE,3
ROBBERY, SACK WERN,21
ROBBERY, "SAINT MARYS PARK",58
ROBBERY, SEDGWICK,16
ROBBERY, SOUNDVIEW,108
ROBBERY, SOUTH BRONX AREA SITE 402,8
ROBBERY, SOUTHERN BOULEVARD,2
ROBBERY, STEBBINS AVENUE-HEWITT PLACE,4
ROBBERY, TELLER AVENUE-EAST 166TH STREET,6
ROBBERY, THROGGS NECK,74
ROBBERY, THROGGS NECK ADDITION,27
ROBBERY, TWIN PARKS EAST SITE 9,8
ROBBERY, TWIN PARKS WEST SITE 1 & 2,26
ROBBERY, UNION AVENUE-EAST 163RD STREET,3
ROBBERY, UNION AVENUE-EAST 166TH STREET,6
ROBBERY, UNIVERSITY AVENUE REHAB,15
ROBBERY, WEBSTER,36
ROBBERY, WEST FARMS ROAD REHAB,6
ROBBERY, WEST TREMONT AVENUE-SEDGWICK AVENUE AREA,5
ROBBERY, WEST TREMONT REHAB GROUP 2,2
ROBBERY, WEST TREMONT REHAB GROUP 3,3
THEFT-FRAUD, 1162-1176 WASHINGTON AVENUE,3
THEFT-FRAUD, 1471 WATSON AVENUE,5
THEFT-FRAUD, ADAMS,23
THEFT-FRAUD, BAILEY AVENUE-WEST 193RD STREET,7
THEFT-FRAUD, BETANCES I,3
THEFT-FRAUD, BETANCES III,1
THEFT-FRAUD, BOSTON SECOR,10
THEFT-FRAUD, BOYNTON AVENUE REHAB,4
THEFT-FRAUD, BRONX RIVER,15
THEFT-FRAUD, BRONX RIVER ADDITION,2
THEFT-FRAUD, BRONXDALE,36
THEFT-FRAUD, BRYANT AVENUE-EAST 174TH STREET,1
THEFT-FRAUD, BUTLER,20
THEFT-FRAUD, CASTLE HILL,52
THEFT-FRAUD, CLAREMONT PARKWAY-FRANKLIN AVENUE,1
THEFT-FRAUD, CLAREMONT REHAB GROUP 2,2
THEFT-FRAUD, CLAREMONT REHAB GROUP 3,1
THEFT-FRAUD, CLAREMONT REHAB GROUP 4,10
THEFT-FRAUD, CLAREMONT REHAB GROUP 5,3
THEFT-FRAUD, CLASON POINT GARDENS,9
THEFT-FRAUD, COLLEGE AVENUE-EAST 165TH STREET,2
THEFT-FRAUD, DAVIDSON,2
THEFT-FRAUD, EAST 165TH STREET-BRYANT AVENUE,2
THEFT-FRAUD, EAST 180TH STREET-MONTEREY AVENUE,5
THEFT-FRAUD, EASTCHESTER GARDENS,10
THEFT-FRAUD, EDENWALD,8
THEFT-FRAUD, FOREST,4
THEFT-FRAUD, FORT INDEPENDENCE STREET-HEATH AVENUE,4
THEFT-FRAUD, FRANKLIN AVENUE III CONVENTIONAL,1
THEFT-FRAUD, GLEBE AVENUE-WESTCHESTER AVENUE,3
THEFT-FRAUD, GUN HILL,3
THEFT-FRAUD, HARRISON AVENUE REHAB GROUP A,1
THEFT-FRAUD, HARRISON AVENUE REHAB GROUP B,4
THEFT-FRAUD, HIGHBRIDGE GARDENS,10
THEFT-FRAUD, HIGHBRIDGE REHABS ANDERSON AVENUE,2
THEFT-FRAUD, HIGHBRIDGE REHABS NELSON AVENUE,3
THEFT-FRAUD, HOE AVENUE-EAST 173RD STREET,1
THEFT-FRAUD, JACKSON,10
THEFT-FRAUD, LONGFELLOW AVENUE REHAB,1
THEFT-FRAUD, MACOMBS ROAD,1
THEFT-FRAUD, MARBLE HILL,14
THEFT-FRAUD, MCKINLEY,3
THEFT-FRAUD, MELROSE,6
THEFT-FRAUD, MIDDLETOWN PLAZA,1
THEFT-FRAUD, MILL BROOK,4
THEFT-FRAUD, MILL BROOK EXTENSION,2
THEFT-FRAUD, MITCHEL,16
THEFT-FRAUD, MONROE,36
THEFT-FRAUD, MOORE,7
THEFT-FRAUD, MORRIS HEIGHTS REHAB,4
THEFT-FRAUD, MORRIS I,19
THEFT-FRAUD, MORRIS II,9
THEFT-FRAUD, MORRISANIA,3
THEFT-FRAUD, MORRISANIA AIR RIGHTS 42,3
THEFT-FRAUD, MOTT HAVEN,1
THEFT-FRAUD, MURPHY,4
THEFT-FRAUD, PARKSIDE,17
THEFT-FRAUD, PATTERSON,7
THEFT-FRAUD, PELHAM PARKWAY,17
THEFT-FRAUD, RANDALL AVENUE-BALCOM AVENUE,2
THEFT-FRAUD, SACK WERN,13
THEFT-FRAUD, "SAINT MARYS PARK",11
THEFT-FRAUD, SEDGWICK,1
THEFT-FRAUD, SOUNDVIEW,40
THEFT-FRAUD, SOUTH BRONX AREA SITE 402,3
THEFT-FRAUD, SOUTHERN BOULEVARD,4
THEFT-FRAUD, STEBBINS AVENUE-HEWITT PLACE,1
THEFT-FRAUD, TELLER AVENUE-EAST 166TH STREET,4
THEFT-FRAUD, THROGGS NECK,29
THEFT-FRAUD, THROGGS NECK ADDITION,6
THEFT-FRAUD, TWIN PARKS EAST SITE 9,1
THEFT-FRAUD, TWIN PARKS WEST SITE 1 & 2,1
THEFT-FRAUD, UNION AVENUE-EAST 163RD STREET,2
THEFT-FRAUD, UNION AVENUE-EAST 166TH STREET,3
THEFT-FRAUD, UNIVERSITY AVENUE REHAB,3
THEFT-FRAUD, WEBSTER,4
THEFT-FRAUD, WEST FARMS ROAD REHAB,3
THEFT-FRAUD, WEST TREMONT AVENUE-SEDGWICK AVENUE AREA,1
THEFT-FRAUD, WEST TREMONT REHAB GROUP 2,1
THEFT-FRAUD, WEST TREMONT REHAB GROUP 3,1
UNAUTHORIZED USE OF A VEHICLE, ADAMS,1
UNAUTHORIZED USE OF A VEHICLE, BOSTON SECOR,4
UNAUTHORIZED USE OF A VEHICLE, BRONX RIVER,4
UNAUTHORIZED USE OF A VEHICLE, BRONXDALE,5
UNAUTHORIZED USE OF A VEHICLE, BUTLER,3
UNAUTHORIZED USE OF A VEHICLE, CASTLE HILL,12
UNAUTHORIZED USE OF A VEHICLE, CLAREMONT REHAB GROUP 5,1
UNAUTHORIZED USE OF A VEHICLE, CLASON POINT GARDENS,2
UNAUTHORIZED USE OF A VEHICLE, EAST 173RD STREET-VYSE AVENUE,3
UNAUTHORIZED USE OF A VEHICLE, EAST 180TH STREET-MONTEREY AVENUE,1
UNAUTHORIZED USE OF A VEHICLE, EASTCHESTER GARDENS,1
UNAUTHORIZED USE OF A VEHICLE, EDENWALD,1
UNAUTHORIZED USE OF A VEHICLE, FOREST,1
UNAUTHORIZED USE OF A VEHICLE, FORT INDEPENDENCE STREET-HEATH AVENUE,1
UNAUTHORIZED USE OF A VEHICLE, GUN HILL,3
UNAUTHORIZED USE OF A VEHICLE, HIGHBRIDGE REHABS ANDERSON AVENUE,2
UNAUTHORIZED USE OF A VEHICLE, MARBLE HILL,2
UNAUTHORIZED USE OF A VEHICLE, MELROSE,1
UNAUTHORIZED USE OF A VEHICLE, MILL BROOK,3
UNAUTHORIZED USE OF A VEHICLE, MITCHEL,2
UNAUTHORIZED USE OF A VEHICLE, MONROE,6
UNAUTHORIZED USE OF A VEHICLE, MORRIS I,3
UNAUTHORIZED USE OF A VEHICLE, MORRIS II,1
UNAUTHORIZED USE OF A VEHICLE, MOTT HAVEN,1
UNAUTHORIZED USE OF A VEHICLE, MURPHY,1
UNAUTHORIZED USE OF A VEHICLE, PARKSIDE,3
UNAUTHORIZED USE OF A VEHICLE, PATTERSON,1
UNAUTHORIZED USE OF A VEHICLE, PELHAM PARKWAY,2
UNAUTHORIZED USE OF A VEHICLE, SACK WERN,2
UNAUTHORIZED USE OF A VEHICLE, "SAINT MARYS PARK",1
UNAUTHORIZED USE OF A VEHICLE, SOUNDVIEW,7
UNAUTHORIZED USE OF A VEHICLE, SOUTHERN BOULEVARD,1
UNAUTHORIZED USE OF A VEHICLE, STEBBINS AVENUE-HEWITT PLACE,1
UNAUTHORIZED USE OF A VEHICLE, THROGGS NECK,5
UNAUTHORIZED USE OF A VEHICLE, THROGGS NECK ADDITION,2
UNAUTHORIZED USE OF A VEHICLE, TWIN PARKS WEST SITE 1 & 2,2
UNAUTHORIZED USE OF A VEHICLE, UNION AVENUE-EAST 163RD STREET,1
UNAUTHORIZED USE OF A VEHICLE, WEBSTER,2
VEHICLE AND TRAFFIC LAWS, 1162-1176 WASHINGTON AVENUE,1
VEHICLE AND TRAFFIC LAWS, ADAMS,8
VEHICLE AND TRAFFIC LAWS, BETANCES I,3
VEHICLE AND TRAFFIC LAWS, BOSTON ROAD PLAZA,2
VEHICLE AND TRAFFIC LAWS, BOSTON SECOR,4
VEHICLE AND TRAFFIC LAWS, BOYNTON AVENUE REHAB,1
VEHICLE AND TRAFFIC LAWS, BRONX RIVER,8
VEHICLE AND TRAFFIC LAWS, BRONXDALE,16
VEHICLE AND TRAFFIC LAWS, BUTLER,13
VEHICLE AND TRAFFIC LAWS, CASTLE HILL,18
VEHICLE AND TRAFFIC LAWS, CLAREMONT REHAB GROUP 5,1
VEHICLE AND TRAFFIC LAWS, CLASON POINT GARDENS,4
VEHICLE AND TRAFFIC LAWS, DAVIDSON,4
VEHICLE AND TRAFFIC LAWS, EAGLE AVENUE-EAST 163RD STREET,1
VEHICLE AND TRAFFIC LAWS, EAST 173RD STREET-VYSE AVENUE,2
VEHICLE AND TRAFFIC LAWS, EASTCHESTER GARDENS,16
VEHICLE AND TRAFFIC LAWS, EDENWALD,2
VEHICLE AND TRAFFIC LAWS, FOREST,3
VEHICLE AND TRAFFIC LAWS, FORT INDEPENDENCE STREET-HEATH AVENUE,1
VEHICLE AND TRAFFIC LAWS, GLEBE AVENUE-WESTCHESTER AVENUE,1
VEHICLE AND TRAFFIC LAWS, HIGHBRIDGE GARDENS,1
VEHICLE AND TRAFFIC LAWS, JACKSON,5
VEHICLE AND TRAFFIC LAWS, MACOMBS ROAD,1
VEHICLE AND TRAFFIC LAWS, MARBLE HILL,5
VEHICLE AND TRAFFIC LAWS, MELROSE,2
VEHICLE AND TRAFFIC LAWS, MILL BROOK,3
VEHICLE AND TRAFFIC LAWS, MILL BROOK EXTENSION,3
VEHICLE AND TRAFFIC LAWS, MITCHEL,18
VEHICLE AND TRAFFIC LAWS, MONROE,14
VEHICLE AND TRAFFIC LAWS, MOORE,9
VEHICLE AND TRAFFIC LAWS, MORRIS HEIGHTS REHAB,1
VEHICLE AND TRAFFIC LAWS, MORRIS I,6
VEHICLE AND TRAFFIC LAWS, MORRIS II,5
VEHICLE AND TRAFFIC LAWS, MORRISANIA,2
VEHICLE AND TRAFFIC LAWS, MORRISANIA AIR RIGHTS 42,1
VEHICLE AND TRAFFIC LAWS, MOTT HAVEN,5
VEHICLE AND TRAFFIC LAWS, MURPHY,2
VEHICLE AND TRAFFIC LAWS, PARKSIDE,11
VEHICLE AND TRAFFIC LAWS, PATTERSON,6
VEHICLE AND TRAFFIC LAWS, PELHAM PARKWAY,13
VEHICLE AND TRAFFIC LAWS, RANDALL AVENUE-BALCOM AVENUE,1
VEHICLE AND TRAFFIC LAWS, SACK WERN,5
VEHICLE AND TRAFFIC LAWS, "SAINT MARYS PARK",5
VEHICLE AND TRAFFIC LAWS, SOUNDVIEW,22
VEHICLE AND TRAFFIC LAWS, SOUTH BRONX AREA SITE 402,1
VEHICLE AND TRAFFIC LAWS, SOUTHERN BOULEVARD,1
VEHICLE AND TRAFFIC LAWS, THROGGS NECK,9
VEHICLE AND TRAFFIC LAWS, THROGGS NECK ADDITION,5
VEHICLE AND TRAFFIC LAWS, TWIN PARKS WEST SITE 1 & 2,1
VEHICLE AND TRAFFIC LAWS, UNION AVENUE-EAST 166TH STREET,1
VEHICLE AND TRAFFIC LAWS, WEBSTER,3
VEHICLE AND TRAFFIC LAWS, WEST TREMONT REHAB GROUP 3,2
