01, ADMINISTRATIVE CODE,87
01, AGRICULTURE & MRKTS LAW-UNCLASSIFIED,6
01, ALCOHOLIC BEVERAGE CONTROL LAW,10
01, ARSON,144
01, ASSAULT 3 & RELATED OFFENSES,4894
01, "BURGLARS TOOLS",11
01, BURGLARY,1101
01, CHILD ABANDONMENT/NON SUPPORT,7
01, CRIMINAL MISCHIEF & RELATED OF,4749
01, CRIMINAL TRESPASS,741
01, DANGEROUS DRUGS,4616
01, DANGEROUS WEAPONS,1321
01, DISORDERLY CONDUCT,4
01, ENDAN WELFARE INCOMP,1
01, FELONY ASSAULT,1886
01, FORGERY,376
01, FRAUDS,432
01, FRAUDULENT ACCOSTING,6
01, GAMBLING,24
01, GRAND LARCENY,2835
01, GRAND LARCENY OF MOTOR VEHICLE,783
01, HARRASSMENT 2,5301
01, HOMICIDE-NEGLIGENT-VEHICLE,1
01, INTOXICATED & IMPAIRED DRIVING,422
01, KIDNAPPING & RELATED OFFENSES,25
01, MISCELLANEOUS PENAL LAW,762
01, NYS LAWS-UNCLASSIFIED FELONY,43
01, OFF. AGNST PUB ORD SENSBLTY &,3170
01, OFFENSES AGAINST PUBLIC ADMINI,1147
01, OFFENSES AGAINST PUBLIC SAFETY,12
01, OFFENSES AGAINST THE PERSON,109
01, OFFENSES INVOLVING FRAUD,103
01, OFFENSES RELATED TO CHILDREN,5
01, OTHER OFFENSES RELATED TO THEF,79
01, OTHER STATE LAWS,5
01, OTHER STATE LAWS NON PENAL LA,77
01, PETIT LARCENY,5164
01, PETIT LARCENY OF MOTOR VEHICLE,7
01, POSSESSION OF STOLEN PROPERTY,174
01, PROSTITUTION & RELATED OFFENSES,9
01, ROBBERY,1634
01, SEX CRIMES,1
01, THEFT OF SERVICES,22
01, THEFT-FRAUD,1027
01, UNAUTHORIZED USE OF A VEHICLE,146
01, VEHICLE AND TRAFFIC LAWS,478
02, ADMINISTRATIVE CODE,87
02, AGRICULTURE & MRKTS LAW-UNCLASSIFIED,4
02, ALCOHOLIC BEVERAGE CONTROL LAW,19
02, ARSON,140
02, ASSAULT 3 & RELATED OFFENSES,4301
02, "BURGLARS TOOLS",6
02, BURGLARY,1116
02, CHILD ABANDONMENT/NON SUPPORT,4
02, CRIMINAL MISCHIEF & RELATED OF,3509
02, CRIMINAL TRESPASS,842
02, DANGEROUS DRUGS,4906
02, DANGEROUS WEAPONS,1229
02, DISORDERLY CONDUCT,8
02, ENDAN WELFARE INCOMP,2
02, ESCAPE 3,3
02, FELONY ASSAULT,1724
02, FORGERY,344
02, FRAUDS,191
02, FRAUDULENT ACCOSTING,4
02, GAMBLING,20
02, GRAND LARCENY,1886
02, GRAND LARCENY OF MOTOR VEHICLE,725
02, HARRASSMENT 2,4701
02, INTOXICATED & IMPAIRED DRIVING,373
02, JOSTLING,1
02, KIDNAPPING & RELATED OFFENSES,26
02, LOITERING FOR DRUG PURPOSES,1
02, MISCELLANEOUS PENAL LAW,658
02, NYS LAWS-UNCLASSIFIED FELONY,34
02, OFF. AGNST PUB ORD SENSBLTY &,2102
02, OFFENSES AGAINST PUBLIC ADMINI,1041
02, OFFENSES AGAINST PUBLIC SAFETY,12
02, OFFENSES AGAINST THE PERSON,96
02, OFFENSES INVOLVING FRAUD,125
02, OTHER OFFENSES RELATED TO THEF,75
02, OTHER STATE LAWS,1
02, OTHER STATE LAWS NON PENAL LA,86
02, PETIT LARCENY,4622
02, PETIT LARCENY OF MOTOR VEHICLE,2
02, POSSESSION OF STOLEN PROPERTY,156
02, PROSTITUTION & RELATED OFFENSES,6
02, ROBBERY,1484
02, SEX CRIMES,3
02, THEFT OF SERVICES,24
02, THEFT-FRAUD,321
02, UNAUTHORIZED USE OF A VEHICLE,89
02, VEHICLE AND TRAFFIC LAWS,420
03, ADMINISTRATIVE CODE,80
03, AGRICULTURE & MRKTS LAW-UNCLASSIFIED,3
03, ALCOHOLIC BEVERAGE CONTROL LAW,14
03, ARSON,137
03, ASSAULT 3 & RELATED OFFENSES,4349
03, "BURGLARS TOOLS",6
03, BURGLARY,1083
03, CHILD ABANDONMENT/NON SUPPORT,3
03, CRIMINAL MISCHIEF & RELATED OF,3465
03, CRIMINAL TRESPASS,807
03, DANGEROUS DRUGS,4833
03, DANGEROUS WEAPONS,1339
03, DISORDERLY CONDUCT,9
03, ESCAPE 3,2
03, FELONY ASSAULT,1722
03, FORGERY,334
03, FRAUDS,178
03, FRAUDULENT ACCOSTING,4
03, GAMBLING,18
03, GRAND LARCENY,1903
03, GRAND LARCENY OF MOTOR VEHICLE,727
03, HARRASSMENT 2,4628
03, INTOXICATED & IMPAIRED DRIVING,356
03, INTOXICATED/IMPAIRED DRIVING,1
03, KIDNAPPING & RELATED OFFENSES,23
03, LOITERING FOR DRUG PURPOSES,1
03, LOITERING/GAMBLING CARDS DIC,1
03, MISCELLANEOUS PENAL LAW,724
03, NYS LAWS-UNCLASSIFIED FELONY,40
03, OFF. AGNST PUB ORD SENSBLTY &,2158
03, OFFENSES AGAINST PUBLIC ADMINI,1053
03, OFFENSES AGAINST PUBLIC SAFETY,20
03, OFFENSES AGAINST THE PERSON,135
03, OFFENSES INVOLVING FRAUD,109
03, OFFENSES RELATED TO CHILDREN,11
03, OTHER OFFENSES RELATED TO THEF,66
03, OTHER STATE LAWS NON PENAL LA,85
03, PETIT LARCENY,4709
03, PETIT LARCENY OF MOTOR VEHICLE,5
03, POSSESSION OF STOLEN PROPERTY,199
03, PROSTITUTION & RELATED OFFENSES,33
03, ROBBERY,1485
03, SEX CRIMES,2
03, THEFT OF SERVICES,18
03, THEFT-FRAUD,308
03, UNAUTHORIZED USE OF A VEHICLE,84
03, VEHICLE AND TRAFFIC LAWS,470
04, ADMINISTRATIVE CODE,72
04, AGRICULTURE & MRKTS LAW-UNCLASSIFIED,2
04, ALCOHOLIC BEVERAGE CONTROL LAW,7
04, ANTICIPATORY OFFENSES,1
04, ARSON,145
04, ASSAULT 3 & RELATED OFFENSES,4550
04, "BURGLARS TOOLS",10
04, BURGLARY,1147
04, CHILD ABANDONMENT/NON SUPPORT,2
04, CRIMINAL MISCHIEF & RELATED OF,3672
04, CRIMINAL TRESPASS,793
04, DANGEROUS DRUGS,4700
04, DANGEROUS WEAPONS,1325
04, DISORDERLY CONDUCT,11
04, ENDAN WELFARE INCOMP,1
04, FELONY ASSAULT,1738
04, FORGERY,327
04, FRAUDS,180
04, FRAUDULENT ACCOSTING,5
04, GAMBLING,24
04, GRAND LARCENY,1820
04, GRAND LARCENY OF MOTOR VEHICLE,727
04, HARRASSMENT 2,4707
04, HOMICIDE-NEGLIGENT-VEHICLE,1
04, INTOXICATED & IMPAIRED DRIVING,377
04, JOSTLING,3
04, KIDNAPPING & RELATED OFFENSES,18
04, LOITERING FOR DRUG PURPOSES,2
04, LOITERING/GAMBLING CARDS DIC,1
04, MISCELLANEOUS PENAL LAW,725
04, NYS LAWS-UNCLASSIFIED FELONY,40
04, OFF. AGNST PUB ORD SENSBLTY &,2111
04, OFFENSES AGAINST PUBLIC ADMINI,1104
04, OFFENSES AGAINST PUBLIC SAFETY,69
04, OFFENSES AGAINST THE PERSON,247
04, OFFENSES INVOLVING FRAUD,109
04, OFFENSES RELATED TO CHILDREN,8
04, OTHER OFFENSES RELATED TO THEF,68
04, OTHER STATE LAWS,1
04, OTHER STATE LAWS NON PENAL LA,92
04, PETIT LARCENY,4674
04, PETIT LARCENY OF MOTOR VEHICLE,1
04, POSSESSION OF STOLEN PROPERTY,167
04, PROSTITUTION & RELATED OFFENSES,6
04, ROBBERY,1534
04, SEX CRIMES,1
04, THEFT OF SERVICES,21
04, THEFT-FRAUD,276
04, UNAUTHORIZED USE OF A VEHICLE,73
04, UNLAWFUL POSS. WEAP. ON SCHOOL,2
04, VEHICLE AND TRAFFIC LAWS,497
05, ADMINISTRATIVE CODE,68
05, AGRICULTURE & MRKTS LAW-UNCLASSIFIED,1
05, ALCOHOLIC BEVERAGE CONTROL LAW,18
05, ARSON,137
05, ASSAULT 3 & RELATED OFFENSES,4529
05, "BURGLARS TOOLS",9
05, BURGLARY,1143
05, CHILD ABANDONMENT/NON SUPPORT,5
05, CRIMINAL MISCHIEF & RELATED OF,3585
05, CRIMINAL TRESPASS,812
05, DANGEROUS DRUGS,4934
05, DANGEROUS WEAPONS,1447
05, DISORDERLY CONDUCT,6
05, ESCAPE 3,2
05, FELONY ASSAULT,1709
05, FORGERY,323
05, FRAUDS,212
05, FRAUDULENT ACCOSTING,6
05, GAMBLING,15
05, GRAND LARCENY,1990
05, GRAND LARCENY OF MOTOR VEHICLE,716
05, HARRASSMENT 2,4664
05, INTOXICATED & IMPAIRED DRIVING,353
05, KIDNAPPING & RELATED OFFENSES,17
05, LOITERING,1
05, LOITERING FOR DRUG PURPOSES,1
05, MISCELLANEOUS PENAL LAW,718
05, NYS LAWS-UNCLASSIFIED FELONY,35
05, OFF. AGNST PUB ORD SENSBLTY &,2183
05, OFFENSES AGAINST PUBLIC ADMINI,1117
05, OFFENSES AGAINST PUBLIC SAFETY,19
05, OFFENSES AGAINST THE PERSON,130
05, OFFENSES INVOLVING FRAUD,113
05, OFFENSES RELATED TO CHILDREN,21
05, OTHER OFFENSES RELATED TO THEF,59
05, OTHER STATE LAWS NON PENAL LA,90
05, PETIT LARCENY,4638
05, PETIT LARCENY OF MOTOR VEHICLE,4
05, POSSESSION OF STOLEN PROPERTY,208
05, PROSTITUTION & RELATED OFFENSES,10
05, ROBBERY,1427
05, SEX CRIMES,1
05, THEFT OF SERVICES,24
05, THEFT-FRAUD,313
05, UNAUTHORIZED USE OF A VEHICLE,88
05, UNLAWFUL POSS. WEAP. ON SCHOOL,1
05, VEHICLE AND TRAFFIC LAWS,448
06, ADMINISTRATIVE CODE,69
06, AGRICULTURE & MRKTS LAW-UNCLASSIFIED,2
06, ALCOHOLIC BEVERAGE CONTROL LAW,16
06, ARSON,121
06, ASSAULT 3 & RELATED OFFENSES,4353
06, "BURGLARS TOOLS",5
06, BURGLARY,1103
06, CHILD ABANDONMENT/NON SUPPORT,3
06, CRIMINAL MISCHIEF & RELATED OF,3541
06, CRIMINAL TRESPASS,870
06, DANGEROUS DRUGS,4724
06, DANGEROUS WEAPONS,1313
06, DISORDERLY CONDUCT,7
06, ENDAN WELFARE INCOMP,1
06, ESCAPE 3,1
06, FELONY ASSAULT,1766
06, FORGERY,289
06, FRAUDS,179
06, FRAUDULENT ACCOSTING,3
06, GAMBLING,35
06, GRAND LARCENY,1881
06, GRAND LARCENY OF MOTOR VEHICLE,750
06, HARRASSMENT 2,4659
06, INTOXICATED & IMPAIRED DRIVING,395
06, JOSTLING,2
06, KIDNAPPING & RELATED OFFENSES,21
06, LOITERING/GAMBLING CARDS DIC,1
06, MISCELLANEOUS PENAL LAW,731
06, NEW YORK CITY HEALTH CODE,1
06, NYS LAWS-UNCLASSIFIED FELONY,29
06, OFF. AGNST PUB ORD SENSBLTY &,2172
06, OFFENSES AGAINST PUBLIC ADMINI,1145
06, OFFENSES AGAINST PUBLIC SAFETY,6
06, OFFENSES AGAINST THE PERSON,114
06, OFFENSES INVOLVING FRAUD,120
06, OFFENSES RELATED TO CHILDREN,14
06, OTHER OFFENSES RELATED TO THEF,74
06, OTHER STATE LAWS,1
06, OTHER STATE LAWS NON PENAL LA,100
06, PETIT LARCENY,4702
06, PETIT LARCENY OF MOTOR VEHICLE,8
06, POSSESSION OF STOLEN PROPERTY,194
06, PROSTITUTION & RELATED OFFENSES,6
06, ROBBERY,1483
06, SEX CRIMES,3
06, THEFT OF SERVICES,31
06, THEFT-FRAUD,278
06, UNAUTHORIZED USE OF A VEHICLE,73
06, VEHICLE AND TRAFFIC LAWS,439
07, ADMINISTRATIVE CODE,72
07, AGRICULTURE & MRKTS LAW-UNCLASSIFIED,4
07, ALCOHOLIC BEVERAGE CONTROL LAW,4
07, ANTICIPATORY OFFENSES,2
07, ARSON,124
07, ASSAULT 3 & RELATED OFFENSES,4429
07, "BURGLARS TOOLS",17
07, BURGLARY,1154
07, CHILD ABANDONMENT/NON SUPPORT,4
07, CRIMINAL MISCHIEF & RELATED OF,3590
07, CRIMINAL TRESPASS,835
07, DANGEROUS DRUGS,4757
07, DANGEROUS WEAPONS,1265
07, DISORDERLY CONDUCT,11
07, ENDAN WELFARE INCOMP,1
07, ESCAPE 3,4
07, FELONY ASSAULT,1741
07, FORGERY,294
07, FRAUDS,200
07, FRAUDULENT ACCOSTING,6
07, GAMBLING,31
07, GRAND LARCENY,1852
07, GRAND LARCENY OF MOTOR VEHICLE,705
07, HARRASSMENT 2,4636
07, HOMICIDE-NEGLIGENT-VEHICLE,1
07, HOMICIDE-NEGLIGENTUNCLASSIFIE,1
07, INTOXICATED & IMPAIRED DRIVING,402
07, JOSTLING,2
07, KIDNAPPING & RELATED OFFENSES,14
07, LOITERING/DEVIATE SEX,1
07, LOITERING/GAMBLING CARDS DIC,1
07, MISCELLANEOUS PENAL LAW,741
07, NYS LAWS-UNCLASSIFIED FELONY,24
07, OFF. AGNST PUB ORD SENSBLTY &,2088
07, OFFENSES AGAINST PUBLIC ADMINI,1042
07, OFFENSES AGAINST PUBLIC SAFETY,7
07, OFFENSES AGAINST THE PERSON,135
07, OFFENSES INVOLVING FRAUD,120
07, OFFENSES RELATED TO CHILDREN,13
07, OTHER OFFENSES RELATED TO THEF,63
07, OTHER STATE LAWS NON PENAL LA,92
07, PETIT LARCENY,4755
07, PETIT LARCENY OF MOTOR VEHICLE,3
07, POSSESSION OF STOLEN PROPERTY,154
07, PROSTITUTION & RELATED OFFENSES,2
07, ROBBERY,1517
07, SEX CRIMES,3
07, THEFT OF SERVICES,20
07, THEFT-FRAUD,296
07, UNAUTHORIZED USE OF A VEHICLE,73
07, VEHICLE AND TRAFFIC LAWS,480
08, ADMINISTRATIVE CODE,88
08, AGRICULTURE & MRKTS LAW-UNCLASSIFIED,3
08, ALCOHOLIC BEVERAGE CONTROL LAW,13
08, ARSON,127
08, ASSAULT 3 & RELATED OFFENSES,4482
08, "BURGLARS TOOLS",9
08, BURGLARY,1205
08, CHILD ABANDONMENT/NON SUPPORT,6
08, CRIMINAL MISCHIEF & RELATED OF,3541
08, CRIMINAL TRESPASS,839
08, DANGEROUS DRUGS,4879
08, DANGEROUS WEAPONS,1317
08, DISORDERLY CONDUCT,5
08, DISRUPTION OF A RELIGIOUS SERV,1
08, ENDAN WELFARE INCOMP,2
08, FELONY ASSAULT,1656
08, FORGERY,348
08, FRAUDS,200
08, FRAUDULENT ACCOSTING,3
08, GAMBLING,20
08, GRAND LARCENY,1814
08, GRAND LARCENY OF MOTOR VEHICLE,723
08, HARRASSMENT 2,4620
08, HOMICIDE-NEGLIGENTUNCLASSIFIE,1
08, INTOXICATED & IMPAIRED DRIVING,384
08, JOSTLING,1
08, KIDNAPPING & RELATED OFFENSES,19
08, LOITERING/GAMBLING CARDS DIC,2
08, MISCELLANEOUS PENAL LAW,669
08, NYS LAWS-UNCLASSIFIED FELONY,41
08, OFF. AGNST PUB ORD SENSBLTY &,2081
08, OFFENSES AGAINST PUBLIC ADMINI,1108
08, OFFENSES AGAINST PUBLIC SAFETY,3
08, OFFENSES AGAINST THE PERSON,133
08, OFFENSES INVOLVING FRAUD,125
08, OFFENSES RELATED TO CHILDREN,15
08, OTHER OFFENSES RELATED TO THEF,70
08, OTHER STATE LAWS NON PENAL LA,91
08, PETIT LARCENY,4771
08, PETIT LARCENY OF MOTOR VEHICLE,3
08, POSSESSION OF STOLEN PROPERTY,189
08, PROSTITUTION & RELATED OFFENSES,2
08, ROBBERY,1513
08, SEX CRIMES,1
08, THEFT OF SERVICES,21
08, THEFT-FRAUD,287
08, UNAUTHORIZED USE OF A VEHICLE,82
08, VEHICLE AND TRAFFIC LAWS,434
09, ADMINISTRATIVE CODE,71
09, AGRICULTURE & MRKTS LAW-UNCLASSIFIED,2
09, ALCOHOLIC BEVERAGE CONTROL LAW,3
09, ANTICIPATORY OFFENSES,1
09, ARSON,149
09, ASSAULT 3 & RELATED OFFENSES,4529
09, "BURGLARS TOOLS",8
09, BURGLARY,1089
09, CHILD ABANDONMENT/NON SUPPORT,3
09, CRIMINAL MISCHIEF & RELATED OF,3503
09, CRIMINAL TRESPASS,850
09, DANGEROUS DRUGS,4926
09, DANGEROUS WEAPONS,1350
09, DISORDERLY CONDUCT,6
09, ENDAN WELFARE INCOMP,2
09, ESCAPE 3,2
09, FELONY ASSAULT,1772
09, FORGERY,268
09, FORTUNE TELLING,1
09, FRAUDS,179
09, FRAUDULENT ACCOSTING,2
09, GAMBLING,19
09, GRAND LARCENY,1926
09, GRAND LARCENY OF MOTOR VEHICLE,713
09, HARRASSMENT 2,4680
09, INTOXICATED & IMPAIRED DRIVING,342
09, JOSTLING,1
09, KIDNAPPING & RELATED OFFENSES,13
09, LOITERING/GAMBLING CARDS DIC,1
09, MISCELLANEOUS PENAL LAW,698
09, NYS LAWS-UNCLASSIFIED FELONY,51
09, NYS LAWS-UNCLASSIFIED VIOLATION,1
09, OFF. AGNST PUB ORD SENSBLTY &,2180
09, OFFENSES AGAINST PUBLIC ADMINI,1086
09, OFFENSES AGAINST PUBLIC SAFETY,2
09, OFFENSES AGAINST THE PERSON,125
09, OFFENSES INVOLVING FRAUD,136
09, OFFENSES RELATED TO CHILDREN,27
09, OTHER OFFENSES RELATED TO THEF,59
09, OTHER STATE LAWS,1
09, OTHER STATE LAWS NON PENAL LA,91
09, PETIT LARCENY,4668
09, PETIT LARCENY OF MOTOR VEHICLE,3
09, POSSESSION OF STOLEN PROPERTY,193
09, PROSTITUTION & RELATED OFFENSES,8
09, ROBBERY,1529
09, SEX CRIMES,7
09, THEFT OF SERVICES,18
09, THEFT-FRAUD,278
09, UNAUTHORIZED USE OF A VEHICLE,65
09, VEHICLE AND TRAFFIC LAWS,465
10, ADMINISTRATIVE CODE,85
10, AGRICULTURE & MRKTS LAW-UNCLASSIFIED,2
10, ALCOHOLIC BEVERAGE CONTROL LAW,11
10, ANTICIPATORY OFFENSES,1
10, ARSON,137
10, ASSAULT 3 & RELATED OFFENSES,4515
10, "BURGLARS TOOLS",5
10, BURGLARY,1205
10, CHILD ABANDONMENT/NON SUPPORT,3
10, CRIMINAL MISCHIEF & RELATED OF,3684
10, CRIMINAL TRESPASS,770
10, DANGEROUS DRUGS,4864
10, DANGEROUS WEAPONS,1288
10, DISORDERLY CONDUCT,7
10, ENDAN WELFARE INCOMP,1
10, ESCAPE 3,1
10, FELONY ASSAULT,1687
10, FORGERY,335
10, FRAUDS,193
10, FRAUDULENT ACCOSTING,4
10, GAMBLING,19
10, GRAND LARCENY,1925
10, GRAND LARCENY OF MOTOR VEHICLE,805
10, HARRASSMENT 2,4715
10, HOMICIDE-NEGLIGENTUNCLASSIFIE,1
10, INTOXICATED & IMPAIRED DRIVING,335
10, JOSTLING,1
10, KIDNAPPING & RELATED OFFENSES,12
10, LOITERING,1
10, LOITERING FOR DRUG PURPOSES,2
10, LOITERING/GAMBLING CARDS DIC,2
10, MISCELLANEOUS PENAL LAW,721
10, NYS LAWS-UNCLASSIFIED FELONY,45
10, OFF. AGNST PUB ORD SENSBLTY &,2312
10, OFFENSES AGAINST PUBLIC ADMINI,1048
10, OFFENSES AGAINST PUBLIC SAFETY,3
10, OFFENSES AGAINST THE PERSON,102
10, OFFENSES INVOLVING FRAUD,117
10, OFFENSES RELATED TO CHILDREN,16
10, OTHER OFFENSES RELATED TO THEF,51
10, OTHER STATE LAWS NON PENAL LA,93
10, PETIT LARCENY,4872
10, PETIT LARCENY OF MOTOR VEHICLE,4
10, POSSESSION OF STOLEN PROPERTY,181
10, PROSTITUTION & RELATED OFFENSES,6
10, ROBBERY,1495
10, SEX CRIMES,2
10, THEFT OF SERVICES,20
10, THEFT-FRAUD,384
10, UNAUTHORIZED USE OF A VEHICLE,74
10, UNLAWFUL POSS. WEAP. ON SCHOOL,1
10, VEHICLE AND TRAFFIC LAWS,479
11, ADMINISTRATIVE CODE,85
11, ADMINISTRATIVE CODES,1
11, ALCOHOLIC BEVERAGE CONTROL LAW,13
11, ARSON,123
11, ASSAULT 3 & RELATED OFFENSES,4479
11, "BURGLARS TOOLS",14
11, BURGLARY,1165
11, CHILD ABANDONMENT/NON SUPPORT,4
11, CRIMINAL MISCHIEF & RELATED OF,3691
11, CRIMINAL TRESPASS,849
11, DANGEROUS DRUGS,4929
11, DANGEROUS WEAPONS,1388
11, DISORDERLY CONDUCT,7
11, ESCAPE 3,1
11, FELONY ASSAULT,1726
11, FORGERY,325
11, FRAUDS,204
11, FRAUDULENT ACCOSTING,10
11, GAMBLING,20
11, GRAND LARCENY,1878
11, GRAND LARCENY OF MOTOR VEHICLE,738
11, HARRASSMENT 2,4566
11, HOMICIDE-NEGLIGENT-VEHICLE,1
11, HOMICIDE-NEGLIGENTUNCLASSIFIE,1
11, INTOXICATED & IMPAIRED DRIVING,379
11, KIDNAPPING & RELATED OFFENSES,23
11, LOITERING FOR DRUG PURPOSES,1
11, LOITERING/GAMBLING CARDS DIC,1
11, MISCELLANEOUS PENAL LAW,684
11, NYS LAWS-UNCLASSIFIED FELONY,27
11, OFF. AGNST PUB ORD SENSBLTY &,2040
11, OFFENSES AGAINST PUBLIC ADMINI,1100
11, OFFENSES AGAINST PUBLIC SAFETY,4
11, OFFENSES AGAINST THE PERSON,103
11, OFFENSES INVOLVING FRAUD,116
11, OFFENSES RELATED TO CHILDREN,10
11, OTHER OFFENSES RELATED TO THEF,82
11, OTHER STATE LAWS,3
11, OTHER STATE LAWS NON PENAL LA,111
11, OTHER STATE LAWS NON PENAL LAW,1
11, PETIT LARCENY,4697
11, PETIT LARCENY OF MOTOR VEHICLE,4
11, POSSESSION OF STOLEN PROPERTY,177
11, PROSTITUTION & RELATED OFFENSES,26
11, ROBBERY,1556
11, SEX CRIMES,2
11, THEFT OF SERVICES,20
11, THEFT-FRAUD,324
11, UNAUTHORIZED USE OF A VEHICLE,70
11, VEHICLE AND TRAFFIC LAWS,522
12, ADMINISTRATIVE CODE,77
12, AGRICULTURE & MRKTS LAW-UNCLASSIFIED,2
12, ALCOHOLIC BEVERAGE CONTROL LAW,7
12, ANTICIPATORY OFFENSES,1
12, ARSON,134
12, ASSAULT 3 & RELATED OFFENSES,4620
12, "BURGLARS TOOLS",11
12, BURGLARY,1136
12, CHILD ABANDONMENT/NON SUPPORT,4
12, CRIMINAL MISCHIEF & RELATED OF,3535
12, CRIMINAL TRESPASS,851
12, DANGEROUS DRUGS,4986
12, DANGEROUS WEAPONS,1314
12, DISORDERLY CONDUCT,11
12, DISRUPTION OF A RELIGIOUS SERV,1
12, ESCAPE 3,1
12, FELONY ASSAULT,1664
12, FORGERY,294
12, FRAUDS,166
12, FRAUDULENT ACCOSTING,8
12, GAMBLING,29
12, GRAND LARCENY,1888
12, GRAND LARCENY OF MOTOR VEHICLE,737
12, HARRASSMENT 2,4719
12, INTOXICATED & IMPAIRED DRIVING,377
12, INTOXICATED/IMPAIRED DRIVING,1
12, JOSTLING,1
12, KIDNAPPING & RELATED OFFENSES,24
12, LOITERING/GAMBLING CARDS DIC,1
12, MISCELLANEOUS PENAL LAW,694
12, NYS LAWS-UNCLASSIFIED FELONY,41
12, OFF. AGNST PUB ORD SENSBLTY &,2134
12, OFFENSES AGAINST PUBLIC ADMINI,1040
12, OFFENSES AGAINST PUBLIC SAFETY,1
12, OFFENSES AGAINST THE PERSON,124
12, OFFENSES INVOLVING FRAUD,116
12, OFFENSES RELATED TO CHILDREN,15
12, OTHER OFFENSES RELATED TO THEF,72
12, OTHER STATE LAWS,4
12, OTHER STATE LAWS NON PENAL LA,113
12, PETIT LARCENY,4807
12, PETIT LARCENY OF MOTOR VEHICLE,7
12, POSSESSION OF STOLEN PROPERTY,211
12, PROSTITUTION & RELATED OFFENSES,30
12, ROBBERY,1583
12, SEX CRIMES,3
12, THEFT OF SERVICES,23
12, THEFT-FRAUD,303
12, UNAUTHORIZED USE OF A VEHICLE,69
12, UNLAWFUL POSS. WEAP. ON SCHOOL,2
12, VEHICLE AND TRAFFIC LAWS,457
13, ADMINISTRATIVE CODE,94
13, AGRICULTURE & MRKTS LAW-UNCLASSIFIED,1
13, ALCOHOLIC BEVERAGE CONTROL LAW,19
13, ARSON,146
13, ASSAULT 3 & RELATED OFFENSES,4492
13, "BURGLARS TOOLS",6
13, BURGLARY,1143
13, CHILD ABANDONMENT/NON SUPPORT,5
13, CRIMINAL MISCHIEF & RELATED OF,3635
13, CRIMINAL TRESPASS,813
13, DANGEROUS DRUGS,4822
13, DANGEROUS WEAPONS,1303
13, DISORDERLY CONDUCT,5
13, ESCAPE 3,1
13, FELONY ASSAULT,1821
13, FORGERY,314
13, FRAUDS,191
13, FRAUDULENT ACCOSTING,2
13, GAMBLING,15
13, GRAND LARCENY,1803
13, GRAND LARCENY OF MOTOR VEHICLE,777
13, HARRASSMENT 2,4662
13, HOMICIDE-NEGLIGENTUNCLASSIFIE,2
13, INTOXICATED & IMPAIRED DRIVING,387
13, INTOXICATED/IMPAIRED DRIVING,1
13, KIDNAPPING & RELATED OFFENSES,12
13, LOITERING FOR DRUG PURPOSES,1
13, MISCELLANEOUS PENAL LAW,749
13, NYS LAWS-UNCLASSIFIED FELONY,28
13, NYS LAWS-UNCLASSIFIED VIOLATION,1
13, OFF. AGNST PUB ORD SENSBLTY &,2123
13, OFFENSES AGAINST PUBLIC ADMINI,1111
13, OFFENSES AGAINST PUBLIC SAFETY,3
13, OFFENSES AGAINST THE PERSON,111
13, OFFENSES INVOLVING FRAUD,124
13, OFFENSES RELATED TO CHILDREN,15
13, OTHER OFFENSES RELATED TO THEF,83
13, OTHER STATE LAWS NON PENAL LA,97
13, PETIT LARCENY,4782
13, PETIT LARCENY OF MOTOR VEHICLE,5
13, POSSESSION OF STOLEN PROPERTY,199
13, PROSTITUTION & RELATED OFFENSES,8
13, ROBBERY,1577
13, SEX CRIMES,2
13, THEFT OF SERVICES,22
13, THEFT-FRAUD,296
13, UNAUTHORIZED USE OF A VEHICLE,64
13, VEHICLE AND TRAFFIC LAWS,502
14, ADMINISTRATIVE CODE,56
14, AGRICULTURE & MRKTS LAW-UNCLASSIFIED,1
14, ALCOHOLIC BEVERAGE CONTROL LAW,24
14, ANTICIPATORY OFFENSES,3
14, ARSON,108
14, ASSAULT 3 & RELATED OFFENSES,4419
14, "BURGLARS TOOLS",5
14, BURGLARY,1125
14, CHILD ABANDONMENT/NON SUPPORT,5
14, CRIMINAL MISCHIEF & RELATED OF,3712
14, CRIMINAL TRESPASS,831
14, DANGEROUS DRUGS,4562
14, DANGEROUS WEAPONS,1293
14, DISORDERLY CONDUCT,10
14, ENDAN WELFARE INCOMP,1
14, ESCAPE 3,1
14, FELONY ASSAULT,1663
14, FORGERY,285
14, FRAUDS,216
14, FRAUDULENT ACCOSTING,5
14, GAMBLING,26
14, GRAND LARCENY,1910
14, GRAND LARCENY OF MOTOR VEHICLE,752
14, HARRASSMENT 2,4697
14, HOMICIDE-NEGLIGENT-VEHICLE,1
14, INTOXICATED & IMPAIRED DRIVING,390
14, KIDNAPPING & RELATED OFFENSES,24
14, LOITERING FOR DRUG PURPOSES,1
14, MISCELLANEOUS PENAL LAW,681
14, NYS LAWS-UNCLASSIFIED FELONY,30
14, OFF. AGNST PUB ORD SENSBLTY &,2182
14, OFFENSES AGAINST PUBLIC ADMINI,1060
14, OFFENSES AGAINST PUBLIC SAFETY,9
14, OFFENSES AGAINST THE PERSON,133
14, OFFENSES INVOLVING FRAUD,126
14, OFFENSES RELATED TO CHILDREN,10
14, OTHER OFFENSES RELATED TO THEF,58
14, OTHER STATE LAWS,1
14, OTHER STATE LAWS NON PENAL LA,111
14, PETIT LARCENY,4828
14, PETIT LARCENY OF MOTOR VEHICLE,1
14, POSSESSION OF STOLEN PROPERTY,190
14, PROSTITUTION & RELATED OFFENSES,25
14, ROBBERY,1553
14, SEX CRIMES,2
14, THEFT OF SERVICES,16
14, THEFT-FRAUD,308
14, UNAUTHORIZED USE OF A VEHICLE,79
14, UNLAWFUL POSS. WEAP. ON SCHOOL,1
14, VEHICLE AND TRAFFIC LAWS,519
15, ADMINISTRATIVE CODE,91
15, AGRICULTURE & MRKTS LAW-UNCLASSIFIED,2
15, ALCOHOLIC BEVERAGE CONTROL LAW,13
15, ANTICIPATORY OFFENSES,2
15, ARSON,122
15, ASSAULT 3 & RELATED OFFENSES,4459
15, "BURGLARS TOOLS",6
15, BURGLARY,1177
15, CHILD ABANDONMENT/NON SUPPORT,3
15, CRIMINAL MISCHIEF & RELATED OF,3708
15, CRIMINAL TRESPASS,746
15, DANGEROUS DRUGS,4659
15, DANGEROUS WEAPONS,1301
15, DISORDERLY CONDUCT,4
15, ENDAN WELFARE INCOMP,3
15, FELONY ASSAULT,1697
15, FORGERY,350
15, FRAUDS,225
15, FRAUDULENT ACCOSTING,8
15, GAMBLING,25
15, GRAND LARCENY,2082
15, GRAND LARCENY OF MOTOR VEHICLE,781
15, HARRASSMENT 2,4923
15, INTOXICATED & IMPAIRED DRIVING,359
15, INTOXICATED/IMPAIRED DRIVING,1
15, KIDNAPPING,1
15, KIDNAPPING & RELATED OFFENSES,12
15, LOITERING/DEVIATE SEX,1
15, MISCELLANEOUS PENAL LAW,719
15, NYS LAWS-UNCLASSIFIED FELONY,38
15, OFF. AGNST PUB ORD SENSBLTY &,2362
15, OFFENSES AGAINST PUBLIC ADMINI,1100
15, OFFENSES AGAINST PUBLIC SAFETY,5
15, OFFENSES AGAINST THE PERSON,110
15, OFFENSES INVOLVING FRAUD,145
15, OFFENSES RELATED TO CHILDREN,10
15, OTHER OFFENSES RELATED TO THEF,71
15, OTHER STATE LAWS NON PENAL LA,128
15, PETIT LARCENY,5023
15, PETIT LARCENY OF MOTOR VEHICLE,8
15, POSSESSION OF STOLEN PROPERTY,181
15, PROSTITUTION & RELATED OFFENSES,11
15, ROBBERY,1618
15, SEX CRIMES,4
15, THEFT OF SERVICES,24
15, THEFT-FRAUD,457
15, UNAUTHORIZED USE OF A VEHICLE,110
15, UNLAWFUL POSS. WEAP. ON SCHOOL,1
15, VEHICLE AND TRAFFIC LAWS,485
16, ADMINISTRATIVE CODE,67
16, AGRICULTURE & MRKTS LAW-UNCLASSIFIED,3
16, ALCOHOLIC BEVERAGE CONTROL LAW,10
16, ANTICIPATORY OFFENSES,1
16, ARSON,126
16, ASSAULT 3 & RELATED OFFENSES,4445
16, "BURGLARS TOOLS",9
16, BURGLARY,1151
16, CHILD ABANDONMENT/NON SUPPORT,2
16, CRIMINAL MISCHIEF & RELATED OF,3709
16, CRIMINAL TRESPASS,776
16, DANGEROUS DRUGS,4535
16, DANGEROUS WEAPONS,1290
16, DISORDERLY CONDUCT,8
16, ENDAN WELFARE INCOMP,2
16, ESCAPE 3,1
16, FELONY ASSAULT,1649
16, FORGERY,316
16, FRAUDS,173
16, FRAUDULENT ACCOSTING,6
16, GAMBLING,15
16, GRAND LARCENY,1883
16, GRAND LARCENY OF MOTOR VEHICLE,735
16, HARRASSMENT 2,4672
16, INTOXICATED & IMPAIRED DRIVING,366
16, JOSTLING,4
16, KIDNAPPING & RELATED OFFENSES,19
16, LOITERING FOR DRUG PURPOSES,1
16, MISCELLANEOUS PENAL LAW,669
16, NEW YORK CITY HEALTH CODE,1
16, NYS LAWS-UNCLASSIFIED FELONY,33
16, OFF. AGNST PUB ORD SENSBLTY &,2186
16, OFFENSES AGAINST PUBLIC ADMINI,1110
16, OFFENSES AGAINST PUBLIC SAFETY,4
16, OFFENSES AGAINST THE PERSON,108
16, OFFENSES INVOLVING FRAUD,107
16, OFFENSES RELATED TO CHILDREN,6
16, OTHER OFFENSES RELATED TO THEF,60
16, OTHER STATE LAWS,1
16, OTHER STATE LAWS NON PENAL LA,77
16, PETIT LARCENY,4748
16, PETIT LARCENY OF MOTOR VEHICLE,4
16, POSSESSION OF STOLEN PROPERTY,222
16, PROSTITUTION & RELATED OFFENSES,23
16, ROBBERY,1569
16, SEX CRIMES,1
16, THEFT OF SERVICES,23
16, THEFT-FRAUD,280
16, UNAUTHORIZED USE OF A VEHICLE,65
16, VEHICLE AND TRAFFIC LAWS,482
17, ADMINISTRATIVE CODE,80
17, AGRICULTURE & MRKTS LAW-UNCLASSIFIED,2
17, ALCOHOLIC BEVERAGE CONTROL LAW,13
17, ARSON,125
17, ASSAULT 3 & RELATED OFFENSES,4514
17, "BURGLARS TOOLS",15
17, BURGLARY,1160
17, CHILD ABANDONMENT/NON SUPPORT,3
17, CRIMINAL MISCHIEF & RELATED OF,3588
17, CRIMINAL TRESPASS,733
17, DANGEROUS DRUGS,4711
17, DANGEROUS WEAPONS,1391
17, DISORDERLY CONDUCT,10
17, ESCAPE 3,4
17, FELONY ASSAULT,1697
17, FORGERY,296
17, FRAUDS,201
17, FRAUDULENT ACCOSTING,4
17, GAMBLING,25
17, GRAND LARCENY,1964
17, GRAND LARCENY OF MOTOR VEHICLE,718
17, HARRASSMENT 2,4673
17, HOMICIDE-NEGLIGENT-VEHICLE,1
17, HOMICIDE-NEGLIGENTUNCLASSIFIE,1
17, INTOXICATED & IMPAIRED DRIVING,401
17, INTOXICATED/IMPAIRED DRIVING,1
17, KIDNAPPING & RELATED OFFENSES,15
17, MISCELLANEOUS PENAL LAW,685
17, NYS LAWS-UNCLASSIFIED FELONY,50
17, OFF. AGNST PUB ORD SENSBLTY &,2133
17, OFFENSES AGAINST PUBLIC ADMINI,1147
17, OFFENSES AGAINST PUBLIC SAFETY,3
17, OFFENSES AGAINST THE PERSON,110
17, OFFENSES INVOLVING FRAUD,113
17, OFFENSES RELATED TO CHILDREN,5
17, OTHER OFFENSES RELATED TO THEF,52
17, OTHER STATE LAWS NON PENAL LA,78
17, PETIT LARCENY,4839
17, PETIT LARCENY OF MOTOR VEHICLE,1
17, POSSESSION OF STOLEN PROPERTY,182
17, PROSTITUTION & RELATED OFFENSES,24
17, ROBBERY,1566
17, SEX CRIMES,5
17, THEFT OF SERVICES,25
17, THEFT-FRAUD,321
17, UNAUTHORIZED USE OF A VEHICLE,75
17, UNLAWFUL POSS. WEAP. ON SCHOOL,1
17, VEHICLE AND TRAFFIC LAWS,477
18, ADMINISTRATIVE CODE,70
18, AGRICULTURE & MRKTS LAW-UNCLASSIFIED,3
18, ALCOHOLIC BEVERAGE CONTROL LAW,7
18, ANTICIPATORY OFFENSES,1
18, ARSON,128
18, ASSAULT 3 & RELATED OFFENSES,4705
18, "BURGLARS TOOLS",8
18, BURGLARY,1187
18, CHILD ABANDONMENT/NON SUPPORT,3
18, CRIMINAL MISCHIEF & RELATED OF,3727
18, CRIMINAL TRESPASS,771
18, DANGEROUS DRUGS,4614
18, DANGEROUS WEAPONS,1403
18, DISORDERLY CONDUCT,6
18, ENDAN WELFARE INCOMP,2
18, FELONY ASSAULT,1647
18, FORGERY,259
18, FRAUDS,194
18, FRAUDULENT ACCOSTING,9
18, GAMBLING,37
18, GRAND LARCENY,1917
18, GRAND LARCENY OF MOTOR VEHICLE,705
18, HARRASSMENT 2,4591
18, INTOXICATED & IMPAIRED DRIVING,374
18, INTOXICATED/IMPAIRED DRIVING,1
18, KIDNAPPING & RELATED OFFENSES,23
18, MISCELLANEOUS PENAL LAW,681
18, NYS LAWS-UNCLASSIFIED FELONY,38
18, NYS LAWS-UNCLASSIFIED VIOLATION,2
18, OFF. AGNST PUB ORD SENSBLTY &,2180
18, OFFENSES AGAINST PUBLIC ADMINI,1037
18, OFFENSES AGAINST PUBLIC SAFETY,2
18, OFFENSES AGAINST THE PERSON,113
18, OFFENSES INVOLVING FRAUD,104
18, OFFENSES RELATED TO CHILDREN,20
18, OTHER OFFENSES RELATED TO THEF,77
18, OTHER STATE LAWS NON PENAL LA,109
18, PETIT LARCENY,4925
18, PETIT LARCENY OF MOTOR VEHICLE,3
18, POSSESSION OF STOLEN PROPERTY,179
18, PROSTITUTION & RELATED OFFENSES,10
18, ROBBERY,1538
18, SEX CRIMES,5
18, THEFT OF SERVICES,19
18, THEFT-FRAUD,286
18, UNAUTHORIZED USE OF A VEHICLE,68
18, UNLAWFUL POSS. WEAP. ON SCHOOL,1
18, VEHICLE AND TRAFFIC LAWS,525
19, ADMINISTRATIVE CODE,85
19, AGRICULTURE & MRKTS LAW-UNCLASSIFIED,3
19, ALCOHOLIC BEVERAGE CONTROL LAW,10
19, ARSON,123
19, ASSAULT 3 & RELATED OFFENSES,4505
19, "BURGLARS TOOLS",7
19, BURGLARY,1211
19, CHILD ABANDONMENT/NON SUPPORT,4
19, CRIMINAL MISCHIEF & RELATED OF,3554
19, CRIMINAL TRESPASS,758
19, DANGEROUS DRUGS,4453
19, DANGEROUS WEAPONS,1323
19, DISORDERLY CONDUCT,7
19, ENDAN WELFARE INCOMP,1
19, ESCAPE 3,1
19, FELONY ASSAULT,1705
19, FORGERY,285
19, FRAUDS,185
19, FRAUDULENT ACCOSTING,7
19, GAMBLING,28
19, GRAND LARCENY,1779
19, GRAND LARCENY OF MOTOR VEHICLE,746
19, HARRASSMENT 2,4513
19, INTOXICATED & IMPAIRED DRIVING,373
19, JOSTLING,1
19, KIDNAPPING & RELATED OFFENSES,21
19, LOITERING/GAMBLING CARDS DIC,1
19, MISCELLANEOUS PENAL LAW,742
19, NYS LAWS-UNCLASSIFIED FELONY,34
19, OFF. AGNST PUB ORD SENSBLTY &,2055
19, OFFENSES AGAINST PUBLIC ADMINI,1059
19, OFFENSES AGAINST PUBLIC SAFETY,3
19, OFFENSES AGAINST THE PERSON,110
19, OFFENSES INVOLVING FRAUD,112
19, OFFENSES RELATED TO CHILDREN,19
19, OTHER OFFENSES RELATED TO THEF,64
19, OTHER STATE LAWS NON PENAL LA,96
19, PETIT LARCENY,4784
19, PETIT LARCENY OF MOTOR VEHICLE,8
19, POSSESSION OF STOLEN PROPERTY,193
19, PROSTITUTION & RELATED OFFENSES,6
19, ROBBERY,1629
19, SEX CRIMES,3
19, THEFT OF SERVICES,21
19, THEFT-FRAUD,251
19, UNAUTHORIZED USE OF A VEHICLE,85
19, VEHICLE AND TRAFFIC LAWS,471
20, ADMINISTRATIVE CODE,88
20, AGRICULTURE & MRKTS LAW-UNCLASSIFIED,2
20, ALCOHOLIC BEVERAGE CONTROL LAW,15
20, ARSON,126
20, ASSAULT 3 & RELATED OFFENSES,4652
20, "BURGLARS TOOLS",10
20, BURGLARY,1193
20, CHILD ABANDONMENT/NON SUPPORT,4
20, CRIMINAL MISCHIEF & RELATED OF,3708
20, CRIMINAL TRESPASS,751
20, DANGEROUS DRUGS,4815
20, DANGEROUS WEAPONS,1309
20, DISORDERLY CONDUCT,6
20, DISRUPTION OF A RELIGIOUS SERV,1
20, ENDAN WELFARE INCOMP,1
20, ESCAPE 3,4
20, FELONY ASSAULT,1734
20, FORGERY,305
20, FRAUDS,174
20, FRAUDULENT ACCOSTING,7
20, GAMBLING,25
20, GRAND LARCENY,1904
20, GRAND LARCENY OF MOTOR VEHICLE,713
20, HARRASSMENT 2,4903
20, HOMICIDE-NEGLIGENT-VEHICLE,2
20, INTOXICATED & IMPAIRED DRIVING,382
20, INTOXICATED/IMPAIRED DRIVING,1
20, KIDNAPPING & RELATED OFFENSES,17
20, MISCELLANEOUS PENAL LAW,651
20, NEW YORK CITY HEALTH CODE,1
20, NYS LAWS-UNCLASSIFIED FELONY,35
20, NYS LAWS-UNCLASSIFIED VIOLATION,1
20, OFF. AGNST PUB ORD SENSBLTY &,2448
20, OFFENSES AGAINST PUBLIC ADMINI,1109
20, OFFENSES AGAINST PUBLIC SAFETY,7
20, OFFENSES AGAINST THE PERSON,121
20, OFFENSES INVOLVING FRAUD,123
20, OFFENSES RELATED TO CHILDREN,5
20, OTHER OFFENSES RELATED TO THEF,59
20, OTHER STATE LAWS,1
20, OTHER STATE LAWS NON PENAL LA,134
20, PETIT LARCENY,5129
20, PETIT LARCENY OF MOTOR VEHICLE,4
20, POSSESSION OF STOLEN PROPERTY,173
20, PROSTITUTION & RELATED OFFENSES,11
20, ROBBERY,1683
20, SEX CRIMES,1
20, THEFT OF SERVICES,19
20, THEFT-FRAUD,364
20, UNAUTHORIZED USE OF A VEHICLE,66
20, UNLAWFUL POSS. WEAP. ON SCHOOL,2
20, VEHICLE AND TRAFFIC LAWS,492
21, ADMINISTRATIVE CODE,76
21, AGRICULTURE & MRKTS LAW-UNCLASSIFIED,4
21, ALCOHOLIC BEVERAGE CONTROL LAW,10
21, ANTICIPATORY OFFENSES,1
21, ARSON,118
21, ASSAULT 3 & RELATED OFFENSES,4523
21, "BURGLARS TOOLS",7
21, BURGLARY,1233
21, CHILD ABANDONMENT/NON SUPPORT,5
21, CRIMINAL MISCHIEF & RELATED OF,3655
21, CRIMINAL TRESPASS,774
21, DANGEROUS DRUGS,4430
21, DANGEROUS WEAPONS,1277
21, DISORDERLY CONDUCT,10
21, ENDAN WELFARE INCOMP,3
21, ESCAPE 3,3
21, FELONY ASSAULT,1744
21, FORGERY,316
21, FRAUDS,170
21, FRAUDULENT ACCOSTING,5
21, GAMBLING,25
21, GRAND LARCENY,1845
21, GRAND LARCENY OF MOTOR VEHICLE,736
21, HARRASSMENT 2,4649
21, INTOXICATED & IMPAIRED DRIVING,366
21, JOSTLING,1
21, KIDNAPPING & RELATED OFFENSES,12
21, MISCELLANEOUS PENAL LAW,676
21, NEW YORK CITY HEALTH CODE,1
21, NYS LAWS-UNCLASSIFIED FELONY,33
21, OFF. AGNST PUB ORD SENSBLTY &,2119
21, OFFENSES AGAINST PUBLIC ADMINI,1059
21, OFFENSES AGAINST PUBLIC SAFETY,5
21, OFFENSES AGAINST THE PERSON,122
21, OFFENSES INVOLVING FRAUD,118
21, OFFENSES RELATED TO CHILDREN,23
21, OTHER OFFENSES RELATED TO THEF,62
21, OTHER STATE LAWS,1
21, OTHER STATE LAWS NON PENAL LA,68
21, PETIT LARCENY,4908
21, PETIT LARCENY OF MOTOR VEHICLE,6
21, POSSESSION OF STOLEN PROPERTY,186
21, PROSTITUTION & RELATED OFFENSES,8
21, ROBBERY,1684
21, THEFT OF SERVICES,22
21, THEFT-FRAUD,287
21, UNAUTHORIZED USE OF A VEHICLE,72
21, UNLAWFUL POSS. WEAP. ON SCHOOL,1
21, VEHICLE AND TRAFFIC LAWS,500
22, ADMINISTRATIVE CODE,73
22, ALCOHOLIC BEVERAGE CONTROL LAW,15
22, ANTICIPATORY OFFENSES,1
22, ARSON,137
22, ASSAULT 3 & RELATED OFFENSES,4605
22, "BURGLARS TOOLS",5
22, BURGLARY,1175
22, CHILD ABANDONMENT/NON SUPPORT,1
22, CRIMINAL MISCHIEF & RELATED OF,3654
22, CRIMINAL TRESPASS,732
22, DANGEROUS DRUGS,4397
22, DANGEROUS WEAPONS,1239
22, DISORDERLY CONDUCT,4
22, ENDAN WELFARE INCOMP,1
22, ESCAPE 3,1
22, FELONY ASSAULT,1773
22, FORGERY,293
22, FRAUDS,160
22, FRAUDULENT ACCOSTING,5
22, GAMBLING,22
22, GRAND LARCENY,1904
22, GRAND LARCENY OF MOTOR VEHICLE,813
22, HARRASSMENT 2,4619
22, INTOXICATED & IMPAIRED DRIVING,332
22, KIDNAPPING & RELATED OFFENSES,19
22, MISCELLANEOUS PENAL LAW,643
22, NYS LAWS-UNCLASSIFIED FELONY,35
22, OFF. AGNST PUB ORD SENSBLTY &,2056
22, OFFENSES AGAINST PUBLIC ADMINI,1059
22, OFFENSES AGAINST PUBLIC SAFETY,2
22, OFFENSES AGAINST THE PERSON,107
22, OFFENSES INVOLVING FRAUD,115
22, OFFENSES RELATED TO CHILDREN,23
22, OTHER OFFENSES RELATED TO THEF,61
22, OTHER STATE LAWS NON PENAL LA,87
22, PETIT LARCENY,4921
22, PETIT LARCENY OF MOTOR VEHICLE,2
22, POSSESSION OF STOLEN PROPERTY,198
22, PROSTITUTION & RELATED OFFENSES,24
22, ROBBERY,1633
22, SEX CRIMES,3
22, THEFT OF SERVICES,24
22, THEFT-FRAUD,285
22, UNAUTHORIZED USE OF A VEHICLE,70
22, UNLAWFUL POSS. WEAP. ON SCHOOL,2
22, VEHICLE AND TRAFFIC LAWS,491
23, ADMINISTRATIVE CODE,75
23, AGRICULTURE & MRKTS LAW-UNCLASSIFIED,1
23, ALCOHOLIC BEVERAGE CONTROL LAW,9
23, ARSON,141
23, ASSAULT 3 & RELATED OFFENSES,4432
23, "BURGLARS TOOLS",13
23, BURGLARY,1253
23, CHILD ABANDONMENT/NON SUPPORT,6
23, CRIMINAL MISCHIEF & RELATED OF,3585
23, CRIMINAL TRESPASS,738
23, DANGEROUS DRUGS,4228
23, DANGEROUS WEAPONS,1180
23, DISORDERLY CONDUCT,4
23, ESCAPE 3,2
23, FELONY ASSAULT,1665
23, FORGERY,279
23, FRAUDS,174
23, FRAUDULENT ACCOSTING,8
23, GAMBLING,21
23, GRAND LARCENY,1919
23, GRAND LARCENY OF MOTOR VEHICLE,776
23, HARRASSMENT 2,4601
23, HOMICIDE-NEGLIGENTUNCLASSIFIE,1
23, INTOXICATED & IMPAIRED DRIVING,366
23, JOSTLING,1
23, KIDNAPPING & RELATED OFFENSES,20
23, MISCELLANEOUS PENAL LAW,652
23, NYS LAWS-UNCLASSIFIED FELONY,32
23, NYS LAWS-UNCLASSIFIED VIOLATION,1
23, OFF. AGNST PUB ORD SENSBLTY &,2095
23, OFFENSES AGAINST PUBLIC ADMINI,1066
23, OFFENSES AGAINST PUBLIC SAFETY,6
23, OFFENSES AGAINST THE PERSON,101
23, OFFENSES INVOLVING FRAUD,114
23, OFFENSES RELATED TO CHILDREN,7
23, OTHER OFFENSES RELATED TO THEF,66
23, OTHER STATE LAWS NON PENAL LA,90
23, PETIT LARCENY,5085
23, PETIT LARCENY OF MOTOR VEHICLE,4
23, POSSESSION OF STOLEN PROPERTY,184
23, PROSTITUTION & RELATED OFFENSES,9
23, ROBBERY,1694
23, SEX CRIMES,1
23, THEFT OF SERVICES,21
23, THEFT-FRAUD,274
23, UNAUTHORIZED USE OF A VEHICLE,59
23, VEHICLE AND TRAFFIC LAWS,494
24, ADMINISTRATIVE CODE,68
24, AGRICULTURE & MRKTS LAW-UNCLASSIFIED,2
24, ALCOHOLIC BEVERAGE CONTROL LAW,20
24, ARSON,114
24, ASSAULT 3 & RELATED OFFENSES,4577
24, "BURGLARS TOOLS",9
24, BURGLARY,1296
24, CHILD ABANDONMENT/NON SUPPORT,5
24, CRIMINAL MISCHIEF & RELATED OF,3691
24, CRIMINAL TRESPASS,682
24, DANGEROUS DRUGS,4088
24, DANGEROUS WEAPONS,1259
24, DISORDERLY CONDUCT,8
24, ENDAN WELFARE INCOMP,1
24, ESCAPE 3,6
24, FELONY ASSAULT,1761
24, FORGERY,265
24, FRAUDS,177
24, FRAUDULENT ACCOSTING,8
24, GAMBLING,22
24, GRAND LARCENY,1873
24, GRAND LARCENY OF MOTOR VEHICLE,772
24, HARRASSMENT 2,4617
24, INTOXICATED & IMPAIRED DRIVING,337
24, JOSTLING,1
24, KIDNAPPING & RELATED OFFENSES,25
24, MISCELLANEOUS PENAL LAW,635
24, NYS LAWS-UNCLASSIFIED FELONY,31
24, OFF. AGNST PUB ORD SENSBLTY &,2068
24, OFFENSES AGAINST PUBLIC ADMINI,1010
24, OFFENSES AGAINST PUBLIC SAFETY,2
24, OFFENSES AGAINST THE PERSON,114
24, OFFENSES INVOLVING FRAUD,100
24, OFFENSES RELATED TO CHILDREN,15
24, OTHER OFFENSES RELATED TO THEF,72
24, OTHER STATE LAWS NON PENAL LA,107
24, PETIT LARCENY,4919
24, PETIT LARCENY OF MOTOR VEHICLE,8
24, POSSESSION OF STOLEN PROPERTY,148
24, PROSTITUTION & RELATED OFFENSES,13
24, ROBBERY,1629
24, SEX CRIMES,1
24, THEFT OF SERVICES,21
24, THEFT-FRAUD,267
24, UNAUTHORIZED USE OF A VEHICLE,80
24, UNLAWFUL POSS. WEAP. ON SCHOOL,1
24, VEHICLE AND TRAFFIC LAWS,472
25, ADMINISTRATIVE CODE,71
25, AGRICULTURE & MRKTS LAW-UNCLASSIFIED,1
25, ALCOHOLIC BEVERAGE CONTROL LAW,9
25, ARSON,116
25, ASSAULT 3 & RELATED OFFENSES,4586
25, "BURGLARS TOOLS",6
25, BURGLARY,1217
25, CHILD ABANDONMENT/NON SUPPORT,4
25, CRIMINAL MISCHIEF & RELATED OF,3723
25, CRIMINAL TRESPASS,665
25, DANGEROUS DRUGS,3974
25, DANGEROUS WEAPONS,1178
25, DISORDERLY CONDUCT,8
25, ENDAN WELFARE INCOMP,1
25, ESCAPE 3,1
25, FELONY ASSAULT,1718
25, FORGERY,255
25, FRAUDS,151
25, FRAUDULENT ACCOSTING,2
25, GAMBLING,25
25, GRAND LARCENY,1774
25, GRAND LARCENY OF MOTOR VEHICLE,736
25, HARRASSMENT 2,4693
25, INTOXICATED & IMPAIRED DRIVING,383
25, JOSTLING,2
25, KIDNAPPING & RELATED OFFENSES,24
25, MISCELLANEOUS PENAL LAW,666
25, NYS LAWS-UNCLASSIFIED FELONY,43
25, OFF. AGNST PUB ORD SENSBLTY &,2182
25, OFFENSES AGAINST PUBLIC ADMINI,1019
25, OFFENSES AGAINST PUBLIC SAFETY,5
25, OFFENSES AGAINST THE PERSON,128
25, OFFENSES INVOLVING FRAUD,105
25, OFFENSES RELATED TO CHILDREN,11
25, OTHER OFFENSES RELATED TO THEF,60
25, OTHER STATE LAWS NON PENAL LA,72
25, PETIT LARCENY,4911
25, PETIT LARCENY OF MOTOR VEHICLE,4
25, POSSESSION OF STOLEN PROPERTY,174
25, PROSTITUTION & RELATED OFFENSES,16
25, ROBBERY,1612
25, SEX CRIMES,1
25, THEFT OF SERVICES,18
25, THEFT-FRAUD,274
25, UNAUTHORIZED USE OF A VEHICLE,63
25, VEHICLE AND TRAFFIC LAWS,485
26, ADMINISTRATIVE CODE,78
26, ALCOHOLIC BEVERAGE CONTROL LAW,11
26, ARSON,142
26, ASSAULT 3 & RELATED OFFENSES,4506
26, "BURGLARS TOOLS",12
26, BURGLARY,1234
26, CHILD ABANDONMENT/NON SUPPORT,3
26, CRIMINAL MISCHIEF & RELATED OF,3623
26, CRIMINAL TRESPASS,643
26, DANGEROUS DRUGS,4076
26, DANGEROUS WEAPONS,1225
26, DISORDERLY CONDUCT,9
26, ENDAN WELFARE INCOMP,1
26, ESCAPE 3,5
26, FELONY ASSAULT,1808
26, FORGERY,258
26, FRAUDS,157
26, FRAUDULENT ACCOSTING,4
26, GAMBLING,20
26, GRAND LARCENY,1747
26, GRAND LARCENY OF MOTOR VEHICLE,746
26, HARRASSMENT 2,4598
26, HOMICIDE-NEGLIGENT-VEHICLE,1
26, INTOXICATED & IMPAIRED DRIVING,344
26, KIDNAPPING & RELATED OFFENSES,24
26, MISCELLANEOUS PENAL LAW,664
26, NYS LAWS-UNCLASSIFIED FELONY,21
26, OFF. AGNST PUB ORD SENSBLTY &,2046
26, OFFENSES AGAINST PUBLIC ADMINI,1041
26, OFFENSES AGAINST PUBLIC SAFETY,2
26, OFFENSES AGAINST THE PERSON,122
26, OFFENSES INVOLVING FRAUD,114
26, OFFENSES RELATED TO CHILDREN,3
26, OTHER OFFENSES RELATED TO THEF,87
26, OTHER STATE LAWS,1
26, OTHER STATE LAWS NON PENAL LA,90
26, PETIT LARCENY,4743
26, POSSESSION OF STOLEN PROPERTY,186
26, PROSTITUTION & RELATED OFFENSES,21
26, ROBBERY,1595
26, SEX CRIMES,2
26, THEFT OF SERVICES,25
26, THEFT-FRAUD,266
26, UNAUTHORIZED USE OF A VEHICLE,83
26, VEHICLE AND TRAFFIC LAWS,476
27, ADMINISTRATIVE CODE,71
27, AGRICULTURE & MRKTS LAW-UNCLASSIFIED,3
27, ALCOHOLIC BEVERAGE CONTROL LAW,15
27, ARSON,133
27, ASSAULT 3 & RELATED OFFENSES,4615
27, "BURGLARS TOOLS",8
27, BURGLARY,1194
27, CHILD ABANDONMENT/NON SUPPORT,5
27, CRIMINAL MISCHIEF & RELATED OF,3674
27, CRIMINAL TRESPASS,713
27, DANGEROUS DRUGS,4134
27, DANGEROUS WEAPONS,1225
27, DISORDERLY CONDUCT,2
27, ENDAN WELFARE INCOMP,2
27, FELONY ASSAULT,1775
27, FORGERY,256
27, FRAUDS,169
27, FRAUDULENT ACCOSTING,5
27, GAMBLING,29
27, GRAND LARCENY,1878
27, GRAND LARCENY OF MOTOR VEHICLE,756
27, HARRASSMENT 2,4515
27, INTOXICATED & IMPAIRED DRIVING,370
27, KIDNAPPING & RELATED OFFENSES,13
27, MISCELLANEOUS PENAL LAW,647
27, NEW YORK CITY HEALTH CODE,1
27, NYS LAWS-UNCLASSIFIED FELONY,34
27, OFF. AGNST PUB ORD SENSBLTY &,2100
27, OFFENSES AGAINST MARRIAGE UNCL,1
27, OFFENSES AGAINST PUBLIC ADMINI,1054
27, OFFENSES AGAINST PUBLIC SAFETY,4
27, OFFENSES AGAINST THE PERSON,117
27, OFFENSES INVOLVING FRAUD,115
27, OFFENSES RELATED TO CHILDREN,4
27, OTHER OFFENSES RELATED TO THEF,76
27, OTHER STATE LAWS,1
27, OTHER STATE LAWS NON PENAL LA,99
27, OTHER TRAFFIC INFRACTION,1
27, PETIT LARCENY,4856
27, PETIT LARCENY OF MOTOR VEHICLE,3
27, POSSESSION OF STOLEN PROPERTY,180
27, PROSTITUTION & RELATED OFFENSES,3
27, ROBBERY,1550
27, SEX CRIMES,1
27, THEFT OF SERVICES,21
27, THEFT-FRAUD,268
27, UNAUTHORIZED USE OF A VEHICLE,74
27, VEHICLE AND TRAFFIC LAWS,468
28, ADMINISTRATIVE CODE,72
28, ALCOHOLIC BEVERAGE CONTROL LAW,20
28, ARSON,141
28, ASSAULT 3 & RELATED OFFENSES,4554
28, "BURGLARS TOOLS",3
28, BURGLARY,1138
28, CHILD ABANDONMENT/NON SUPPORT,4
28, CRIMINAL MISCHIEF & RELATED OF,3548
28, CRIMINAL TRESPASS,690
28, DANGEROUS DRUGS,3910
28, DANGEROUS WEAPONS,1208
28, DISORDERLY CONDUCT,14
28, ENDAN WELFARE INCOMP,2
28, ESCAPE 3,2
28, FELONY ASSAULT,1794
28, FORGERY,300
28, FRAUDS,185
28, FRAUDULENT ACCOSTING,5
28, GAMBLING,12
28, GRAND LARCENY,1923
28, GRAND LARCENY OF MOTOR VEHICLE,758
28, HARRASSMENT 2,4549
28, HOMICIDE-NEGLIGENT-VEHICLE,1
28, INTOXICATED & IMPAIRED DRIVING,351
28, KIDNAPPING & RELATED OFFENSES,20
28, LOITERING FOR DRUG PURPOSES,1
28, MISCELLANEOUS PENAL LAW,686
28, NYS LAWS-UNCLASSIFIED FELONY,33
28, OFF. AGNST PUB ORD SENSBLTY &,2125
28, OFFENSES AGAINST PUBLIC ADMINI,1053
28, OFFENSES AGAINST PUBLIC SAFETY,2
28, OFFENSES AGAINST THE PERSON,116
28, OFFENSES INVOLVING FRAUD,95
28, OFFENSES RELATED TO CHILDREN,3
28, OTHER OFFENSES RELATED TO THEF,77
28, OTHER STATE LAWS NON PENAL LA,97
28, PETIT LARCENY,4873
28, PETIT LARCENY OF MOTOR VEHICLE,6
28, POSSESSION OF STOLEN PROPERTY,152
28, PROSTITUTION & RELATED OFFENSES,9
28, ROBBERY,1582
28, SEX CRIMES,2
28, THEFT OF SERVICES,19
28, THEFT-FRAUD,280
28, UNAUTHORIZED USE OF A VEHICLE,68
28, VEHICLE AND TRAFFIC LAWS,454
29, ADMINISTRATIVE CODE,85
29, ALCOHOLIC BEVERAGE CONTROL LAW,9
29, ANTICIPATORY OFFENSES,2
29, ARSON,129
29, ASSAULT 3 & RELATED OFFENSES,4119
29, "BURGLARS TOOLS",8
29, BURGLARY,1135
29, CHILD ABANDONMENT/NON SUPPORT,6
29, CRIMINAL MISCHIEF & RELATED OF,3376
29, CRIMINAL TRESPASS,638
29, DANGEROUS DRUGS,3623
29, DANGEROUS WEAPONS,1090
29, DISORDERLY CONDUCT,6
29, DISRUPTION OF A RELIGIOUS SERV,1
29, ENDAN WELFARE INCOMP,2
29, ESCAPE 3,1
29, FELONY ASSAULT,1663
29, FORGERY,268
29, FRAUDS,143
29, FRAUDULENT ACCOSTING,4
29, GAMBLING,20
29, GRAND LARCENY,1751
29, GRAND LARCENY OF MOTOR VEHICLE,734
29, HARRASSMENT 2,4269
29, INTOXICATED & IMPAIRED DRIVING,316
29, INTOXICATED/IMPAIRED DRIVING,1
29, JOSTLING,1
29, KIDNAPPING & RELATED OFFENSES,18
29, LOITERING FOR DRUG PURPOSES,2
29, LOITERING/DEVIATE SEX,1
29, MISCELLANEOUS PENAL LAW,647
29, NEW YORK CITY HEALTH CODE,1
29, NYS LAWS-UNCLASSIFIED FELONY,29
29, OFF. AGNST PUB ORD SENSBLTY &,1941
29, OFFENSES AGAINST PUBLIC ADMINI,989
29, OFFENSES AGAINST PUBLIC SAFETY,7
29, OFFENSES AGAINST THE PERSON,111
29, OFFENSES INVOLVING FRAUD,119
29, OFFENSES RELATED TO CHILDREN,9
29, OTHER OFFENSES RELATED TO THEF,70
29, OTHER STATE LAWS,1
29, OTHER STATE LAWS NON PENAL LA,76
29, PETIT LARCENY,4598
29, PETIT LARCENY OF MOTOR VEHICLE,6
29, POSSESSION OF STOLEN PROPERTY,162
29, PROSTITUTION & RELATED OFFENSES,16
29, ROBBERY,1551
29, SEX CRIMES,3
29, THEFT OF SERVICES,11
29, THEFT-FRAUD,237
29, UNAUTHORIZED USE OF A VEHICLE,57
29, VEHICLE AND TRAFFIC LAWS,418
30, ADMINISTRATIVE CODE,62
30, ALCOHOLIC BEVERAGE CONTROL LAW,9
30, ANTICIPATORY OFFENSES,1
30, ARSON,111
30, ASSAULT 3 & RELATED OFFENSES,4177
30, "BURGLARS TOOLS",11
30, BURGLARY,1078
30, CHILD ABANDONMENT/NON SUPPORT,4
30, CRIMINAL MISCHIEF & RELATED OF,3374
30, CRIMINAL TRESPASS,583
30, DANGEROUS DRUGS,3459
30, DANGEROUS WEAPONS,1111
30, DISORDERLY CONDUCT,6
30, ESCAPE 3,1
30, FELONY ASSAULT,1620
30, FORGERY,260
30, FRAUDS,135
30, FRAUDULENT ACCOSTING,6
30, GAMBLING,12
30, GRAND LARCENY,1825
30, GRAND LARCENY OF MOTOR VEHICLE,675
30, HARRASSMENT 2,4120
30, HOMICIDE-NEGLIGENT-VEHICLE,1
30, HOMICIDE-NEGLIGENTUNCLASSIFIE,1
30, INTOXICATED & IMPAIRED DRIVING,329
30, KIDNAPPING & RELATED OFFENSES,20
30, LOITERING/GAMBLING CARDS DIC,1
30, MISCELLANEOUS PENAL LAW,619
30, NYS LAWS-UNCLASSIFIED FELONY,29
30, OFF. AGNST PUB ORD SENSBLTY &,1985
30, OFFENSES AGAINST PUBLIC ADMINI,921
30, OFFENSES AGAINST PUBLIC SAFETY,7
30, OFFENSES AGAINST THE PERSON,124
30, OFFENSES INVOLVING FRAUD,96
30, OFFENSES RELATED TO CHILDREN,16
30, OTHER OFFENSES RELATED TO THEF,65
30, OTHER STATE LAWS NON PENAL LA,63
30, OTHER STATE LAWS NON PENAL LAW,2
30, PETIT LARCENY,4478
30, PETIT LARCENY OF MOTOR VEHICLE,5
30, POSSESSION OF STOLEN PROPERTY,137
30, PROSTITUTION & RELATED OFFENSES,8
30, ROBBERY,1478
30, SEX CRIMES,2
30, THEFT OF SERVICES,18
30, THEFT-FRAUD,264
30, UNAUTHORIZED USE OF A VEHICLE,94
30, VEHICLE AND TRAFFIC LAWS,419
31, ADMINISTRATIVE CODE,48
31, AGRICULTURE & MRKTS LAW-UNCLASSIFIED,2
31, ALCOHOLIC BEVERAGE CONTROL LAW,8
31, ANTICIPATORY OFFENSES,2
31, ARSON,68
31, ASSAULT 3 & RELATED OFFENSES,2633
31, "BURGLARS TOOLS",3
31, BURGLARY,726
31, CHILD ABANDONMENT/NON SUPPORT,2
31, CRIMINAL MISCHIEF & RELATED OF,2113
31, CRIMINAL TRESPASS,307
31, DANGEROUS DRUGS,1965
31, DANGEROUS WEAPONS,692
31, DISORDERLY CONDUCT,4
31, FELONY ASSAULT,1095
31, FORGERY,131
31, FRAUDS,127
31, FRAUDULENT ACCOSTING,2
31, GAMBLING,7
31, GRAND LARCENY,1136
31, GRAND LARCENY OF MOTOR VEHICLE,436
31, HARRASSMENT 2,2609
31, INTOXICATED & IMPAIRED DRIVING,228
31, KIDNAPPING & RELATED OFFENSES,15
31, MISCELLANEOUS PENAL LAW,395
31, NYS LAWS-UNCLASSIFIED FELONY,26
31, NYS LAWS-UNCLASSIFIED VIOLATION,1
31, OFF. AGNST PUB ORD SENSBLTY &,1158
31, OFFENSES AGAINST PUBLIC ADMINI,597
31, OFFENSES AGAINST PUBLIC SAFETY,1
31, OFFENSES AGAINST THE PERSON,66
31, OFFENSES INVOLVING FRAUD,60
31, OFFENSES RELATED TO CHILDREN,2
31, OTHER OFFENSES RELATED TO THEF,35
31, OTHER STATE LAWS NON PENAL LA,34
31, PETIT LARCENY,2682
31, PETIT LARCENY OF MOTOR VEHICLE,1
31, POSSESSION OF STOLEN PROPERTY,83
31, PROSTITUTION & RELATED OFFENSES,6
31, ROBBERY,979
31, THEFT OF SERVICES,18
31, THEFT-FRAUD,171
31, UNAUTHORIZED USE OF A VEHICLE,41
31, VEHICLE AND TRAFFIC LAWS,244
