01, ADMINISTRATIVE CODE,188
01, AGRICULTURE & MRKTS LAW-UNCLASSIFIED,2
01, ALCOHOLIC BEVERAGE CONTROL LAW,8
01, ANTICIPATORY OFFENSES,2
01, ARSON,199
01, ASSAULT 3 & RELATED OFFENSES,6584
01, "BURGLARS TOOLS",18
01, BURGLARY,2266
01, CHILD ABANDONMENT/NON SUPPORT,5
01, CRIMINAL MISCHIEF & RELATED OF,8476
01, CRIMINAL TRESPASS,369
01, DANGEROUS DRUGS,3714
01, DANGEROUS WEAPONS,1251
01, DISORDERLY CONDUCT,13
01, ENDAN WELFARE INCOMP,4
01, ESCAPE 3,3
01, FELONY ASSAULT,2480
01, FORGERY,484
01, FRAUDS,667
01, FRAUDULENT ACCOSTING,3
01, GAMBLING,18
01, GRAND LARCENY,6005
01, GRAND LARCENY OF MOTOR VEHICLE,1164
01, HARRASSMENT 2,7795
01, HOMICIDE-NEGLIGENT-VEHICLE,3
01, HOMICIDE-NEGLIGENTUNCLASSIFIE,1
01, INTOXICATED & IMPAIRED DRIVING,830
01, INTOXICATED/IMPAIRED DRIVING,1
01, JOSTLING,1
01, KIDNAPPING & RELATED OFFENSES,24
01, LOITERING/GAMBLING CARDS DIC,1
01, MISCELLANEOUS PENAL LAW,1841
01, NYS LAWS-UNCLASSIFIED FELONY,48
01, OFF. AGNST PUB ORD SENSBLTY &,4756
01, OFFENSES AGAINST PUBLIC ADMINI,866
01, OFFENSES AGAINST PUBLIC SAFETY,12
01, OFFENSES AGAINST THE PERSON,152
01, OFFENSES INVOLVING FRAUD,80
01, OFFENSES RELATED TO CHILDREN,16
01, OTHER OFFENSES RELATED TO THEF,123
01, OTHER STATE LAWS,2
01, OTHER STATE LAWS NON PENAL LA,25
01, PETIT LARCENY,8740
01, PETIT LARCENY OF MOTOR VEHICLE,13
01, POSSESSION OF STOLEN PROPERTY,311
01, PROSTITUTION & RELATED OFFENSES,3
01, ROBBERY,2564
01, THEFT OF SERVICES,5
01, THEFT-FRAUD,1722
01, UNAUTHORIZED USE OF A VEHICLE,200
01, UNLAWFUL POSS. WEAP. ON SCHOOL,1
01, VEHICLE AND TRAFFIC LAWS,593
02, ADMINISTRATIVE CODE,164
02, AGRICULTURE & MRKTS LAW-UNCLASSIFIED,2
02, ALCOHOLIC BEVERAGE CONTROL LAW,4
02, ANTICIPATORY OFFENSES,1
02, ARSON,191
02, ASSAULT 3 & RELATED OFFENSES,5912
02, "BURGLARS TOOLS",30
02, BURGLARY,2190
02, CHILD ABANDONMENT/NON SUPPORT,3
02, CRIMINAL MISCHIEF & RELATED OF,5526
02, CRIMINAL TRESPASS,392
02, DANGEROUS DRUGS,3905
02, DANGEROUS WEAPONS,1230
02, DISORDERLY CONDUCT,14
02, DISRUPTION OF A RELIGIOUS SERV,1
02, ENDAN WELFARE INCOMP,8
02, ESCAPE 3,1
02, FELONY ASSAULT,2186
02, FORGERY,492
02, FRAUDS,314
02, FRAUDULENT ACCOSTING,3
02, GAMBLING,25
02, GRAND LARCENY,3929
02, GRAND LARCENY OF MOTOR VEHICLE,1047
02, HARRASSMENT 2,6749
02, INTOXICATED & IMPAIRED DRIVING,718
02, JOSTLING,1
02, KIDNAPPING,1
02, KIDNAPPING & RELATED OFFENSES,24
02, LOITERING/GAMBLING CARDS DIC,4
02, MISCELLANEOUS PENAL LAW,1643
02, NYS LAWS-UNCLASSIFIED FELONY,44
02, OFF. AGNST PUB ORD SENSBLTY &,3030
02, OFFENSES AGAINST PUBLIC ADMINI,881
02, OFFENSES AGAINST PUBLIC SAFETY,15
02, OFFENSES AGAINST THE PERSON,131
02, OFFENSES INVOLVING FRAUD,87
02, OFFENSES RELATED TO CHILDREN,7
02, OTHER OFFENSES RELATED TO THEF,98
02, OTHER STATE LAWS,2
02, OTHER STATE LAWS NON PENAL LA,27
02, PETIT LARCENY,7909
02, PETIT LARCENY OF MOTOR VEHICLE,7
02, POSSESSION OF STOLEN PROPERTY,275
02, PROSTITUTION & RELATED OFFENSES,9
02, ROBBERY,2285
02, SEX CRIMES,1
02, THEFT OF SERVICES,2
02, THEFT-FRAUD,564
02, UNAUTHORIZED USE OF A VEHICLE,182
02, VEHICLE AND TRAFFIC LAWS,542
03, ADMINISTRATIVE CODE,154
03, AGRICULTURE & MRKTS LAW-UNCLASSIFIED,1
03, ALCOHOLIC BEVERAGE CONTROL LAW,8
03, ANTICIPATORY OFFENSES,1
03, ARSON,160
03, ASSAULT 3 & RELATED OFFENSES,5824
03, "BURGLARS TOOLS",32
03, BURGLARY,2283
03, CHILD ABANDONMENT/NON SUPPORT,5
03, CRIMINAL MISCHIEF & RELATED OF,5436
03, CRIMINAL TRESPASS,432
03, DANGEROUS DRUGS,3991
03, DANGEROUS WEAPONS,1241
03, DISORDERLY CONDUCT,13
03, DISRUPTION OF A RELIGIOUS SERV,1
03, ENDAN WELFARE INCOMP,2
03, ESCAPE 3,5
03, FELONY ASSAULT,2240
03, FORGERY,509
03, FRAUDS,300
03, FRAUDULENT ACCOSTING,9
03, GAMBLING,26
03, GRAND LARCENY,3911
03, GRAND LARCENY OF MOTOR VEHICLE,1068
03, HARRASSMENT 2,6785
03, HOMICIDE-NEGLIGENT-VEHICLE,2
03, HOMICIDE-NEGLIGENTUNCLASSIFIE,1
03, INTOXICATED & IMPAIRED DRIVING,759
03, KIDNAPPING & RELATED OFFENSES,28
03, LOITERING/GAMBLING CARDS DIC,5
03, MISCELLANEOUS PENAL LAW,1747
03, NYS LAWS-UNCLASSIFIED FELONY,40
03, OFF. AGNST PUB ORD SENSBLTY &,2882
03, OFFENSES AGAINST PUBLIC ADMINI,825
03, OFFENSES AGAINST PUBLIC SAFETY,15
03, OFFENSES AGAINST THE PERSON,105
03, OFFENSES INVOLVING FRAUD,85
03, OFFENSES RELATED TO CHILDREN,5
03, OTHER OFFENSES RELATED TO THEF,95
03, OTHER STATE LAWS,1
03, OTHER STATE LAWS NON PENAL LA,20
03, PETIT LARCENY,7985
03, PETIT LARCENY OF MOTOR VEHICLE,11
03, POSSESSION OF STOLEN PROPERTY,290
03, PROSTITUTION & RELATED OFFENSES,5
03, ROBBERY,2427
03, THEFT OF SERVICES,7
03, THEFT-FRAUD,492
03, UNAUTHORIZED USE OF A VEHICLE,155
03, UNLAWFUL POSS. WEAP. ON SCHOOL,1
03, VEHICLE AND TRAFFIC LAWS,518
04, ADMINISTRATIVE CODE,148
04, AGRICULTURE & MRKTS LAW-UNCLASSIFIED,1
04, ALCOHOLIC BEVERAGE CONTROL LAW,9
04, ARSON,184
04, ASSAULT 3 & RELATED OFFENSES,6160
04, "BURGLARS TOOLS",31
04, BURGLARY,2176
04, CHILD ABANDONMENT/NON SUPPORT,2
04, CRIMINAL MISCHIEF & RELATED OF,5355
04, CRIMINAL TRESPASS,393
04, DANGEROUS DRUGS,3681
04, DANGEROUS WEAPONS,1219
04, DISORDERLY CONDUCT,6
04, DISRUPTION OF A RELIGIOUS SERV,2
04, ENDAN WELFARE INCOMP,1
04, ESCAPE 3,1
04, FELONY ASSAULT,2303
04, FORGERY,483
04, FRAUDS,320
04, FRAUDULENT ACCOSTING,6
04, GAMBLING,21
04, GRAND LARCENY,3852
04, GRAND LARCENY OF MOTOR VEHICLE,1118
04, HARRASSMENT 2,6531
04, INTOXICATED & IMPAIRED DRIVING,756
04, JOSTLING,1
04, KIDNAPPING & RELATED OFFENSES,26
04, LOITERING/GAMBLING CARDS DIC,1
04, MISCELLANEOUS PENAL LAW,1831
04, NEW YORK CITY HEALTH CODE,1
04, NYS LAWS-UNCLASSIFIED FELONY,40
04, OFF. AGNST PUB ORD SENSBLTY &,2902
04, OFFENSES AGAINST PUBLIC ADMINI,870
04, OFFENSES AGAINST PUBLIC SAFETY,46
04, OFFENSES AGAINST THE PERSON,156
04, OFFENSES INVOLVING FRAUD,62
04, OFFENSES RELATED TO CHILDREN,11
04, OTHER OFFENSES RELATED TO THEF,96
04, OTHER STATE LAWS NON PENAL LA,20
04, OTHER TRAFFIC INFRACTION,1
04, PETIT LARCENY,7772
04, PETIT LARCENY OF MOTOR VEHICLE,13
04, POSSESSION OF STOLEN PROPERTY,272
04, PROSTITUTION & RELATED OFFENSES,5
04, ROBBERY,2385
04, THEFT OF SERVICES,6
04, THEFT-FRAUD,504
04, UNAUTHORIZED USE OF A VEHICLE,142
04, UNLAWFUL POSS. WEAP. ON SCHOOL,1
04, VEHICLE AND TRAFFIC LAWS,539
05, ADMINISTRATIVE CODE,163
05, AGRICULTURE & MRKTS LAW-UNCLASSIFIED,3
05, ALCOHOLIC BEVERAGE CONTROL LAW,7
05, ARSON,174
05, ASSAULT 3 & RELATED OFFENSES,6165
05, "BURGLARS TOOLS",24
05, BURGLARY,2193
05, CHILD ABANDONMENT/NON SUPPORT,1
05, CRIMINAL MISCHIEF & RELATED OF,5601
05, CRIMINAL TRESPASS,391
05, DANGEROUS DRUGS,3746
05, DANGEROUS WEAPONS,1286
05, DISORDERLY CONDUCT,9
05, ENDAN WELFARE INCOMP,2
05, FELONY ASSAULT,2339
05, FORGERY,512
05, FRAUDS,293
05, FRAUDULENT ACCOSTING,7
05, GAMBLING,32
05, GRAND LARCENY,3958
05, GRAND LARCENY OF MOTOR VEHICLE,1122
05, HARRASSMENT 2,6778
05, HOMICIDE-NEGLIGENT-VEHICLE,1
05, INTOXICATED & IMPAIRED DRIVING,783
05, INTOXICATED/IMPAIRED DRIVING,2
05, JOSTLING,2
05, KIDNAPPING,1
05, KIDNAPPING & RELATED OFFENSES,39
05, LOITERING/GAMBLING CARDS DIC,1
05, MISCELLANEOUS PENAL LAW,1714
05, NEW YORK CITY HEALTH CODE,1
05, NYS LAWS-UNCLASSIFIED FELONY,47
05, OFF. AGNST PUB ORD SENSBLTY &,3041
05, OFFENSES AGAINST PUBLIC ADMINI,926
05, OFFENSES AGAINST PUBLIC SAFETY,10
05, OFFENSES AGAINST THE PERSON,85
05, OFFENSES INVOLVING FRAUD,84
05, OFFENSES RELATED TO CHILDREN,6
05, OTHER OFFENSES RELATED TO THEF,103
05, OTHER STATE LAWS,5
05, OTHER STATE LAWS NON PENAL LA,23
05, OTHER STATE LAWS NON PENAL LAW,1
05, PETIT LARCENY,8176
05, PETIT LARCENY OF MOTOR VEHICLE,14
05, POSSESSION OF STOLEN PROPERTY,312
05, PROSTITUTION & RELATED OFFENSES,4
05, ROBBERY,2402
05, THEFT OF SERVICES,2
05, THEFT-FRAUD,528
05, UNAUTHORIZED USE OF A VEHICLE,147
05, VEHICLE AND TRAFFIC LAWS,574
06, ADMINISTRATIVE CODE,141
06, AGRICULTURE & MRKTS LAW-UNCLASSIFIED,3
06, ALCOHOLIC BEVERAGE CONTROL LAW,5
06, ARSON,175
06, ASSAULT 3 & RELATED OFFENSES,5816
06, "BURGLARS TOOLS",25
06, BURGLARY,2302
06, CHILD ABANDONMENT/NON SUPPORT,1
06, CRIMINAL MISCHIEF & RELATED OF,5542
06, CRIMINAL TRESPASS,381
06, DANGEROUS DRUGS,3704
06, DANGEROUS WEAPONS,1252
06, DISORDERLY CONDUCT,6
06, ENDAN WELFARE INCOMP,2
06, ESCAPE 3,4
06, FELONY ASSAULT,2210
06, FORGERY,523
06, FRAUDS,327
06, FRAUDULENT ACCOSTING,6
06, GAMBLING,18
06, GRAND LARCENY,3819
06, GRAND LARCENY OF MOTOR VEHICLE,1074
06, HARRASSMENT 2,6424
06, INTOXICATED & IMPAIRED DRIVING,807
06, INTOXICATED/IMPAIRED DRIVING,1
06, JOSTLING,2
06, KIDNAPPING,1
06, KIDNAPPING & RELATED OFFENSES,27
06, LOITERING/GAMBLING CARDS DIC,6
06, MISCELLANEOUS PENAL LAW,1741
06, NEW YORK CITY HEALTH CODE,1
06, NYS LAWS-UNCLASSIFIED FELONY,50
06, OFF. AGNST PUB ORD SENSBLTY &,2950
06, OFFENSES AGAINST PUBLIC ADMINI,851
06, OFFENSES AGAINST PUBLIC SAFETY,6
06, OFFENSES AGAINST THE PERSON,106
06, OFFENSES INVOLVING FRAUD,57
06, OFFENSES RELATED TO CHILDREN,4
06, OTHER OFFENSES RELATED TO THEF,97
06, OTHER STATE LAWS,2
06, OTHER STATE LAWS NON PENAL LA,21
06, PETIT LARCENY,8036
06, PETIT LARCENY OF MOTOR VEHICLE,10
06, POSSESSION OF STOLEN PROPERTY,293
06, PROSTITUTION & RELATED OFFENSES,2
06, ROBBERY,2287
06, THEFT OF SERVICES,2
06, THEFT-FRAUD,527
06, UNAUTHORIZED USE OF A VEHICLE,170
06, UNLAWFUL POSS. WEAP. ON SCHOOL,1
06, VEHICLE AND TRAFFIC LAWS,516
07, ADMINISTRATIVE CODE,122
07, ALCOHOLIC BEVERAGE CONTROL LAW,9
07, ANTICIPATORY OFFENSES,1
07, ARSON,159
07, ASSAULT 3 & RELATED OFFENSES,5905
07, "BURGLARS TOOLS",30
07, BURGLARY,2188
07, CHILD ABANDONMENT/NON SUPPORT,4
07, CRIMINAL MISCHIEF & RELATED OF,5338
07, CRIMINAL TRESPASS,355
07, DANGEROUS DRUGS,3703
07, DANGEROUS WEAPONS,1293
07, DISORDERLY CONDUCT,12
07, DISRUPTION OF A RELIGIOUS SERV,1
07, ENDAN WELFARE INCOMP,1
07, ESCAPE 3,1
07, FELONY ASSAULT,2247
07, FORGERY,489
07, FRAUDS,309
07, FRAUDULENT ACCOSTING,10
07, GAMBLING,10
07, GRAND LARCENY,3973
07, GRAND LARCENY OF MOTOR VEHICLE,1053
07, HARRASSMENT 2,6597
07, HOMICIDE-NEGLIGENT-VEHICLE,2
07, INTOXICATED & IMPAIRED DRIVING,763
07, JOSTLING,2
07, KIDNAPPING & RELATED OFFENSES,30
07, LOITERING FOR DRUG PURPOSES,1
07, LOITERING/GAMBLING CARDS DIC,7
07, MISCELLANEOUS PENAL LAW,1638
07, NYS LAWS-UNCLASSIFIED FELONY,47
07, OFF. AGNST PUB ORD SENSBLTY &,2934
07, OFFENSES AGAINST PUBLIC ADMINI,807
07, OFFENSES AGAINST PUBLIC SAFETY,4
07, OFFENSES AGAINST THE PERSON,101
07, OFFENSES INVOLVING FRAUD,68
07, OFFENSES RELATED TO CHILDREN,2
07, OTHER OFFENSES RELATED TO THEF,86
07, OTHER STATE LAWS,1
07, OTHER STATE LAWS NON PENAL LA,25
07, PETIT LARCENY,7902
07, PETIT LARCENY OF MOTOR VEHICLE,5
07, POSSESSION OF STOLEN PROPERTY,277
07, PROSTITUTION & RELATED OFFENSES,6
07, ROBBERY,2287
07, THEFT OF SERVICES,7
07, THEFT-FRAUD,479
07, UNAUTHORIZED USE OF A VEHICLE,154
07, UNLAWFUL POSS. WEAP. ON SCHOOL,2
07, VEHICLE AND TRAFFIC LAWS,590
08, ADMINISTRATIVE CODE,144
08, AGRICULTURE & MRKTS LAW-UNCLASSIFIED,2
08, ALCOHOLIC BEVERAGE CONTROL LAW,4
08, ARSON,155
08, ASSAULT 3 & RELATED OFFENSES,5870
08, "BURGLARS TOOLS",34
08, BURGLARY,2216
08, CRIMINAL MISCHIEF & RELATED OF,5600
08, CRIMINAL TRESPASS,369
08, DANGEROUS DRUGS,3823
08, DANGEROUS WEAPONS,1164
08, DISORDERLY CONDUCT,13
08, ENDAN WELFARE INCOMP,2
08, ESCAPE 3,2
08, FELONY ASSAULT,2155
08, FORGERY,467
08, FRAUDS,299
08, FRAUDULENT ACCOSTING,3
08, GAMBLING,26
08, GRAND LARCENY,3843
08, GRAND LARCENY OF MOTOR VEHICLE,1169
08, HARRASSMENT 2,6600
08, HOMICIDE-NEGLIGENT-VEHICLE,2
08, INTOXICATED & IMPAIRED DRIVING,723
08, INTOXICATED/IMPAIRED DRIVING,1
08, KIDNAPPING & RELATED OFFENSES,25
08, LOITERING,1
08, LOITERING/GAMBLING CARDS DIC,1
08, MISCELLANEOUS PENAL LAW,1680
08, NYS LAWS-UNCLASSIFIED FELONY,40
08, OFF. AGNST PUB ORD SENSBLTY &,2844
08, OFFENSES AGAINST PUBLIC ADMINI,859
08, OFFENSES AGAINST PUBLIC SAFETY,3
08, OFFENSES AGAINST THE PERSON,89
08, OFFENSES INVOLVING FRAUD,67
08, OFFENSES RELATED TO CHILDREN,10
08, OTHER OFFENSES RELATED TO THEF,111
08, OTHER STATE LAWS,1
08, OTHER STATE LAWS NON PENAL LA,18
08, PETIT LARCENY,7873
08, PETIT LARCENY OF MOTOR VEHICLE,10
08, POSSESSION OF STOLEN PROPERTY,301
08, PROSTITUTION & RELATED OFFENSES,5
08, ROBBERY,2325
08, THEFT OF SERVICES,8
08, THEFT-FRAUD,467
08, UNAUTHORIZED USE OF A VEHICLE,150
08, UNLAWFUL POSS. WEAP. ON SCHOOL,1
08, VEHICLE AND TRAFFIC LAWS,566
09, ADMINISTRATIVE CODE,144
09, AGRICULTURE & MRKTS LAW-UNCLASSIFIED,5
09, ALCOHOLIC BEVERAGE CONTROL LAW,5
09, ANTICIPATORY OFFENSES,4
09, ARSON,190
09, ASSAULT 3 & RELATED OFFENSES,5956
09, "BURGLARS TOOLS",25
09, BURGLARY,2316
09, CHILD ABANDONMENT/NON SUPPORT,4
09, CRIMINAL MISCHIEF & RELATED OF,5442
09, CRIMINAL TRESPASS,388
09, DANGEROUS DRUGS,3755
09, DANGEROUS WEAPONS,1251
09, DISORDERLY CONDUCT,12
09, DISRUPTION OF A RELIGIOUS SERV,2
09, ENDAN WELFARE INCOMP,1
09, FELONY ASSAULT,2128
09, FORGERY,514
09, FRAUDS,301
09, FRAUDULENT ACCOSTING,10
09, GAMBLING,13
09, GRAND LARCENY,3869
09, GRAND LARCENY OF MOTOR VEHICLE,1127
09, HARRASSMENT 2,6558
09, HOMICIDE-NEGLIGENT-VEHICLE,1
09, INTOXICATED & IMPAIRED DRIVING,731
09, JOSTLING,3
09, KIDNAPPING & RELATED OFFENSES,27
09, LOITERING/GAMBLING CARDS DIC,3
09, MISCELLANEOUS PENAL LAW,1711
09, NEW YORK CITY HEALTH CODE,1
09, NYS LAWS-UNCLASSIFIED FELONY,43
09, OFF. AGNST PUB ORD SENSBLTY &,2871
09, OFFENSES AGAINST PUBLIC ADMINI,809
09, OFFENSES AGAINST PUBLIC SAFETY,2
09, OFFENSES AGAINST THE PERSON,109
09, OFFENSES INVOLVING FRAUD,65
09, OFFENSES RELATED TO CHILDREN,5
09, OTHER OFFENSES RELATED TO THEF,107
09, OTHER STATE LAWS,1
09, OTHER STATE LAWS NON PENAL LA,24
09, PETIT LARCENY,7921
09, PETIT LARCENY OF MOTOR VEHICLE,12
09, POSSESSION OF STOLEN PROPERTY,298
09, PROSTITUTION & RELATED OFFENSES,5
09, ROBBERY,2329
09, THEFT OF SERVICES,3
09, THEFT-FRAUD,454
09, UNAUTHORIZED USE OF A VEHICLE,148
09, VEHICLE AND TRAFFIC LAWS,536
10, ADMINISTRATIVE CODE,156
10, ADMINISTRATIVE CODES,1
10, ALCOHOLIC BEVERAGE CONTROL LAW,5
10, ANTICIPATORY OFFENSES,1
10, ARSON,153
10, ASSAULT 3 & RELATED OFFENSES,5987
10, "BURGLARS TOOLS",29
10, BURGLARY,2250
10, CHILD ABANDONMENT/NON SUPPORT,5
10, CRIMINAL MISCHIEF & RELATED OF,5756
10, CRIMINAL TRESPASS,436
10, DANGEROUS DRUGS,3914
10, DANGEROUS WEAPONS,1280
10, DISORDERLY CONDUCT,3
10, ENDAN WELFARE INCOMP,2
10, FELONY ASSAULT,2206
10, FORGERY,530
10, FRAUDS,358
10, FRAUDULENT ACCOSTING,2
10, GAMBLING,25
10, GRAND LARCENY,4080
10, GRAND LARCENY OF MOTOR VEHICLE,1163
10, HARRASSMENT 2,6756
10, HOMICIDE-NEGLIGENT-VEHICLE,2
10, HOMICIDE-NEGLIGENTUNCLASSIFIE,1
10, INTOXICATED & IMPAIRED DRIVING,796
10, INTOXICATED/IMPAIRED DRIVING,1
10, JOSTLING,4
10, KIDNAPPING & RELATED OFFENSES,30
10, LOITERING/GAMBLING CARDS DIC,1
10, MISCELLANEOUS PENAL LAW,1680
10, NEW YORK CITY HEALTH CODE,1
10, NYS LAWS-UNCLASSIFIED FELONY,52
10, OFF. AGNST PUB ORD SENSBLTY &,3111
10, OFFENSES AGAINST PUBLIC ADMINI,837
10, OFFENSES AGAINST PUBLIC SAFETY,7
10, OFFENSES AGAINST THE PERSON,102
10, OFFENSES INVOLVING FRAUD,84
10, OFFENSES RELATED TO CHILDREN,8
10, OTHER OFFENSES RELATED TO THEF,125
10, OTHER STATE LAWS,1
10, OTHER STATE LAWS NON PENAL LA,26
10, PETIT LARCENY,8241
10, PETIT LARCENY OF MOTOR VEHICLE,8
10, POSSESSION OF STOLEN PROPERTY,315
10, PROSTITUTION & RELATED OFFENSES,11
10, ROBBERY,2347
10, THEFT OF SERVICES,10
10, THEFT-FRAUD,512
10, UNAUTHORIZED USE OF A VEHICLE,149
10, VEHICLE AND TRAFFIC LAWS,544
11, ADMINISTRATIVE CODE,162
11, AGRICULTURE & MRKTS LAW-UNCLASSIFIED,1
11, ALCOHOLIC BEVERAGE CONTROL LAW,2
11, ANTICIPATORY OFFENSES,2
11, ARSON,165
11, ASSAULT 3 & RELATED OFFENSES,5968
11, "BURGLARS TOOLS",32
11, BURGLARY,2245
11, CHILD ABANDONMENT/NON SUPPORT,4
11, CRIMINAL MISCHIEF & RELATED OF,5432
11, CRIMINAL TRESPASS,382
11, DANGEROUS DRUGS,3843
11, DANGEROUS WEAPONS,1304
11, DISORDERLY CONDUCT,8
11, DISRUPTION OF A RELIGIOUS SERV,1
11, ENDAN WELFARE INCOMP,2
11, ESCAPE 3,2
11, FELONY ASSAULT,2246
11, FORGERY,529
11, FRAUDS,299
11, FRAUDULENT ACCOSTING,4
11, GAMBLING,12
11, GRAND LARCENY,3929
11, GRAND LARCENY OF MOTOR VEHICLE,1159
11, HARRASSMENT 2,6555
11, HOMICIDE-NEGLIGENT-VEHICLE,1
11, INTOXICATED & IMPAIRED DRIVING,751
11, KIDNAPPING & RELATED OFFENSES,36
11, LOITERING/GAMBLING CARDS DIC,1
11, MISCELLANEOUS PENAL LAW,1702
11, NYS LAWS-UNCLASSIFIED FELONY,59
11, OFF. AGNST PUB ORD SENSBLTY &,2862
11, OFFENSES AGAINST PUBLIC ADMINI,873
11, OFFENSES AGAINST PUBLIC SAFETY,2
11, OFFENSES AGAINST THE PERSON,128
11, OFFENSES INVOLVING FRAUD,70
11, OFFENSES RELATED TO CHILDREN,11
11, OTHER OFFENSES RELATED TO THEF,99
11, OTHER STATE LAWS,2
11, OTHER STATE LAWS NON PENAL LA,24
11, OTHER STATE LAWS NON PENAL LAW,1
11, PETIT LARCENY,8095
11, PETIT LARCENY OF MOTOR VEHICLE,10
11, POSSESSION OF STOLEN PROPERTY,307
11, PROSTITUTION & RELATED OFFENSES,6
11, ROBBERY,2377
11, THEFT OF SERVICES,5
11, THEFT-FRAUD,488
11, UNAUTHORIZED USE OF A VEHICLE,173
11, VEHICLE AND TRAFFIC LAWS,544
12, ADMINISTRATIVE CODE,164
12, AGRICULTURE & MRKTS LAW-UNCLASSIFIED,3
12, ALCOHOLIC BEVERAGE CONTROL LAW,8
12, ANTICIPATORY OFFENSES,1
12, ARSON,160
12, ASSAULT 3 & RELATED OFFENSES,5928
12, "BURGLARS TOOLS",42
12, BURGLARY,2289
12, CHILD ABANDONMENT/NON SUPPORT,4
12, CRIMINAL MISCHIEF & RELATED OF,5544
12, CRIMINAL TRESPASS,377
12, DANGEROUS DRUGS,3833
12, DANGEROUS WEAPONS,1293
12, DISORDERLY CONDUCT,8
12, DISRUPTION OF A RELIGIOUS SERV,2
12, ENDAN WELFARE INCOMP,2
12, ESCAPE 3,2
12, FELONY ASSAULT,2273
12, FORGERY,546
12, FRAUDS,313
12, FRAUDULENT ACCOSTING,3
12, GAMBLING,17
12, GRAND LARCENY,4081
12, GRAND LARCENY OF MOTOR VEHICLE,1174
12, HARRASSMENT 2,6738
12, HOMICIDE-NEGLIGENTUNCLASSIFIE,1
12, INTOXICATED & IMPAIRED DRIVING,778
12, INTOXICATED/IMPAIRED DRIVING,2
12, JOSTLING,2
12, KIDNAPPING & RELATED OFFENSES,23
12, LOITERING/GAMBLING CARDS DIC,5
12, MISCELLANEOUS PENAL LAW,1656
12, NYS LAWS-UNCLASSIFIED FELONY,52
12, NYS LAWS-UNCLASSIFIED VIOLATION,2
12, OFF. AGNST PUB ORD SENSBLTY &,2977
12, OFFENSES AGAINST PUBLIC ADMINI,803
12, OFFENSES AGAINST PUBLIC SAFETY,3
12, OFFENSES AGAINST THE PERSON,130
12, OFFENSES INVOLVING FRAUD,92
12, OFFENSES RELATED TO CHILDREN,17
12, OTHER OFFENSES RELATED TO THEF,116
12, OTHER STATE LAWS,4
12, OTHER STATE LAWS NON PENAL LA,33
12, PETIT LARCENY,8067
12, PETIT LARCENY OF MOTOR VEHICLE,15
12, POSSESSION OF STOLEN PROPERTY,318
12, PROSTITUTION & RELATED OFFENSES,7
12, ROBBERY,2397
12, THEFT OF SERVICES,3
12, THEFT-FRAUD,493
12, UNAUTHORIZED USE OF A VEHICLE,173
12, UNLAWFUL POSS. WEAP. ON SCHOOL,1
12, VEHICLE AND TRAFFIC LAWS,560
13, ADMINISTRATIVE CODE,134
13, AGRICULTURE & MRKTS LAW-UNCLASSIFIED,3
13, ALCOHOLIC BEVERAGE CONTROL LAW,5
13, ANTICIPATORY OFFENSES,2
13, ARSON,160
13, ASSAULT 3 & RELATED OFFENSES,5940
13, "BURGLARS TOOLS",15
13, BURGLARY,2222
13, CHILD ABANDONMENT/NON SUPPORT,5
13, CRIMINAL MISCHIEF & RELATED OF,5363
13, CRIMINAL TRESPASS,346
13, DANGEROUS DRUGS,3702
13, DANGEROUS WEAPONS,1282
13, DISORDERLY CONDUCT,18
13, ENDAN WELFARE INCOMP,1
13, ESCAPE 3,1
13, FELONY ASSAULT,2178
13, FORGERY,523
13, FRAUDS,306
13, FRAUDULENT ACCOSTING,2
13, GAMBLING,28
13, GRAND LARCENY,3938
13, GRAND LARCENY OF MOTOR VEHICLE,1126
13, HARRASSMENT 2,6361
13, INTOXICATED & IMPAIRED DRIVING,798
13, JOSTLING,2
13, KIDNAPPING & RELATED OFFENSES,24
13, LOITERING/GAMBLING CARDS DIC,4
13, MISCELLANEOUS PENAL LAW,1691
13, NYS LAWS-UNCLASSIFIED FELONY,47
13, OFF. AGNST PUB ORD SENSBLTY &,2830
13, OFFENSES AGAINST PUBLIC ADMINI,879
13, OFFENSES AGAINST PUBLIC SAFETY,4
13, OFFENSES AGAINST THE PERSON,141
13, OFFENSES INVOLVING FRAUD,80
13, OFFENSES RELATED TO CHILDREN,7
13, OTHER OFFENSES RELATED TO THEF,118
13, OTHER STATE LAWS,1
13, OTHER STATE LAWS NON PENAL LA,23
13, PETIT LARCENY,8051
13, PETIT LARCENY OF MOTOR VEHICLE,12
13, POSSESSION OF STOLEN PROPERTY,309
13, PROSTITUTION & RELATED OFFENSES,8
13, ROBBERY,2349
13, THEFT OF SERVICES,4
13, THEFT-FRAUD,513
13, UNAUTHORIZED USE OF A VEHICLE,142
13, VEHICLE AND TRAFFIC LAWS,578
14, ADMINISTRATIVE CODE,133
14, AGRICULTURE & MRKTS LAW-UNCLASSIFIED,2
14, ALCOHOLIC BEVERAGE CONTROL LAW,6
14, ANTICIPATORY OFFENSES,1
14, ARSON,158
14, ASSAULT 3 & RELATED OFFENSES,5865
14, "BURGLARS TOOLS",27
14, BURGLARY,2327
14, CHILD ABANDONMENT/NON SUPPORT,3
14, CRIMINAL MISCHIEF & RELATED OF,5412
14, CRIMINAL TRESPASS,390
14, DANGEROUS DRUGS,3583
14, DANGEROUS WEAPONS,1192
14, DISORDERLY CONDUCT,9
14, DISRUPTION OF A RELIGIOUS SERV,1
14, ENDAN WELFARE INCOMP,3
14, FELONY ASSAULT,2184
14, FORGERY,490
14, FRAUDS,293
14, FRAUDULENT ACCOSTING,4
14, GAMBLING,24
14, GRAND LARCENY,3937
14, GRAND LARCENY OF MOTOR VEHICLE,1140
14, HARRASSMENT 2,6541
14, HOMICIDE-NEGLIGENT-VEHICLE,2
14, INTOXICATED & IMPAIRED DRIVING,718
14, JOSTLING,2
14, KIDNAPPING & RELATED OFFENSES,27
14, LOITERING/GAMBLING CARDS DIC,4
14, MISCELLANEOUS PENAL LAW,1766
14, NEW YORK CITY HEALTH CODE,1
14, NYS LAWS-UNCLASSIFIED FELONY,45
14, OFF. AGNST PUB ORD SENSBLTY &,2892
14, OFFENSES AGAINST PUBLIC ADMINI,800
14, OFFENSES AGAINST PUBLIC SAFETY,5
14, OFFENSES AGAINST THE PERSON,124
14, OFFENSES INVOLVING FRAUD,88
14, OFFENSES RELATED TO CHILDREN,5
14, OTHER OFFENSES RELATED TO THEF,75
14, OTHER STATE LAWS,6
14, OTHER STATE LAWS NON PENAL LA,33
14, PETIT LARCENY,8094
14, PETIT LARCENY OF MOTOR VEHICLE,12
14, POSSESSION OF STOLEN PROPERTY,312
14, PROSTITUTION & RELATED OFFENSES,4
14, ROBBERY,2398
14, THEFT OF SERVICES,7
14, THEFT-FRAUD,520
14, UNAUTHORIZED USE OF A VEHICLE,137
14, VEHICLE AND TRAFFIC LAWS,545
15, ADMINISTRATIVE CODE,158
15, AGRICULTURE & MRKTS LAW-UNCLASSIFIED,3
15, ALCOHOLIC BEVERAGE CONTROL LAW,6
15, ANTICIPATORY OFFENSES,1
15, ARSON,163
15, ASSAULT 3 & RELATED OFFENSES,5861
15, "BURGLARS TOOLS",24
15, BURGLARY,2334
15, CHILD ABANDONMENT/NON SUPPORT,7
15, CRIMINAL MISCHIEF & RELATED OF,5831
15, CRIMINAL TRESPASS,399
15, DANGEROUS DRUGS,3662
15, DANGEROUS WEAPONS,1232
15, DISORDERLY CONDUCT,4
15, ENDAN WELFARE INCOMP,4
15, ESCAPE 3,2
15, FELONY ASSAULT,2219
15, FORGERY,561
15, FRAUDS,330
15, FRAUDULENT ACCOSTING,8
15, GAMBLING,25
15, GRAND LARCENY,4249
15, GRAND LARCENY OF MOTOR VEHICLE,1164
15, HARRASSMENT 2,6851
15, HOMICIDE-NEGLIGENT-VEHICLE,1
15, HOMICIDE-NEGLIGENTUNCLASSIFIE,1
15, INTOXICATED & IMPAIRED DRIVING,789
15, JOSTLING,3
15, KIDNAPPING & RELATED OFFENSES,28
15, LOITERING/GAMBLING CARDS DIC,5
15, MISCELLANEOUS PENAL LAW,1723
15, NEW YORK CITY HEALTH CODE,1
15, NYS LAWS-UNCLASSIFIED FELONY,57
15, OFF. AGNST PUB ORD SENSBLTY &,3343
15, OFFENSES AGAINST PUBLIC ADMINI,826
15, OFFENSES AGAINST PUBLIC SAFETY,4
15, OFFENSES AGAINST THE PERSON,115
15, OFFENSES INVOLVING FRAUD,66
15, OFFENSES RELATED TO CHILDREN,6
15, OTHER OFFENSES RELATED TO THEF,101
15, OTHER STATE LAWS,1
15, OTHER STATE LAWS NON PENAL LA,24
15, PETIT LARCENY,8381
15, PETIT LARCENY OF MOTOR VEHICLE,16
15, POSSESSION OF STOLEN PROPERTY,330
15, PROSTITUTION & RELATED OFFENSES,6
15, ROBBERY,2434
15, THEFT OF SERVICES,6
15, THEFT-FRAUD,623
15, UNAUTHORIZED USE OF A VEHICLE,168
15, VEHICLE AND TRAFFIC LAWS,529
16, ADMINISTRATIVE CODE,134
16, ALCOHOLIC BEVERAGE CONTROL LAW,5
16, ANTICIPATORY OFFENSES,1
16, ARSON,161
16, ASSAULT 3 & RELATED OFFENSES,5877
16, "BURGLARS TOOLS",23
16, BURGLARY,2301
16, CHILD ABANDONMENT/NON SUPPORT,2
16, CRIMINAL MISCHIEF & RELATED OF,5550
16, CRIMINAL TRESPASS,389
16, DANGEROUS DRUGS,3645
16, DANGEROUS WEAPONS,1253
16, DISORDERLY CONDUCT,17
16, DISRUPTION OF A RELIGIOUS SERV,1
16, ENDAN WELFARE INCOMP,5
16, ESCAPE 3,1
16, FELONY ASSAULT,2164
16, FORGERY,481
16, FRAUDS,285
16, FRAUDULENT ACCOSTING,4
16, GAMBLING,18
16, GRAND LARCENY,3903
16, GRAND LARCENY OF MOTOR VEHICLE,1143
16, HARRASSMENT 2,6585
16, HOMICIDE-NEGLIGENT-VEHICLE,1
16, INTOXICATED & IMPAIRED DRIVING,797
16, JOSTLING,1
16, KIDNAPPING & RELATED OFFENSES,32
16, LOITERING/GAMBLING CARDS DIC,3
16, MISCELLANEOUS PENAL LAW,1714
16, NYS LAWS-UNCLASSIFIED FELONY,51
16, OFF. AGNST PUB ORD SENSBLTY &,2805
16, OFFENSES AGAINST PUBLIC ADMINI,775
16, OFFENSES AGAINST PUBLIC SAFETY,3
16, OFFENSES AGAINST THE PERSON,123
16, OFFENSES INVOLVING FRAUD,68
16, OFFENSES RELATED TO CHILDREN,27
16, OTHER OFFENSES RELATED TO THEF,113
16, OTHER STATE LAWS,6
16, OTHER STATE LAWS NON PENAL LA,30
16, PETIT LARCENY,8071
16, PETIT LARCENY OF MOTOR VEHICLE,10
16, POSSESSION OF STOLEN PROPERTY,314
16, PROSTITUTION & RELATED OFFENSES,12
16, ROBBERY,2447
16, THEFT OF SERVICES,9
16, THEFT-FRAUD,498
16, UNAUTHORIZED USE OF A VEHICLE,155
16, UNLAWFUL POSS. WEAP. ON SCHOOL,1
16, VEHICLE AND TRAFFIC LAWS,562
17, ADMINISTRATIVE CODE,140
17, AGRICULTURE & MRKTS LAW-UNCLASSIFIED,3
17, ALCOHOLIC BEVERAGE CONTROL LAW,3
17, ANTICIPATORY OFFENSES,1
17, ARSON,166
17, ASSAULT 3 & RELATED OFFENSES,5886
17, "BURGLARS TOOLS",26
17, BURGLARY,2399
17, CHILD ABANDONMENT/NON SUPPORT,6
17, CRIMINAL MISCHIEF & RELATED OF,5550
17, CRIMINAL TRESPASS,383
17, DANGEROUS DRUGS,3587
17, DANGEROUS WEAPONS,1284
17, DISORDERLY CONDUCT,12
17, ESCAPE 3,3
17, FELONY ASSAULT,2186
17, FORGERY,544
17, FRAUDS,311
17, FRAUDULENT ACCOSTING,8
17, GAMBLING,26
17, GRAND LARCENY,4067
17, GRAND LARCENY OF MOTOR VEHICLE,1187
17, HARRASSMENT 2,6485
17, INTOXICATED & IMPAIRED DRIVING,817
17, INTOXICATED/IMPAIRED DRIVING,1
17, KIDNAPPING & RELATED OFFENSES,27
17, LOITERING,1
17, LOITERING/GAMBLING CARDS DIC,8
17, MISCELLANEOUS PENAL LAW,1694
17, NEW YORK CITY HEALTH CODE,2
17, NYS LAWS-UNCLASSIFIED FELONY,40
17, OFF. AGNST PUB ORD SENSBLTY &,2843
17, OFFENSES AGAINST PUBLIC ADMINI,867
17, OFFENSES AGAINST PUBLIC SAFETY,3
17, OFFENSES AGAINST THE PERSON,93
17, OFFENSES INVOLVING FRAUD,70
17, OFFENSES RELATED TO CHILDREN,23
17, OTHER OFFENSES RELATED TO THEF,116
17, OTHER STATE LAWS,1
17, OTHER STATE LAWS NON PENAL LA,24
17, PETIT LARCENY,8089
17, PETIT LARCENY OF MOTOR VEHICLE,12
17, POSSESSION OF STOLEN PROPERTY,298
17, PROSTITUTION & RELATED OFFENSES,2
17, ROBBERY,2290
17, THEFT OF SERVICES,8
17, THEFT-FRAUD,451
17, UNAUTHORIZED USE OF A VEHICLE,148
17, VEHICLE AND TRAFFIC LAWS,568
18, ADMINISTRATIVE CODE,139
18, AGRICULTURE & MRKTS LAW-UNCLASSIFIED,2
18, ALCOHOLIC BEVERAGE CONTROL LAW,3
18, ARSON,157
18, ASSAULT 3 & RELATED OFFENSES,5870
18, "BURGLARS TOOLS",23
18, BURGLARY,2274
18, CHILD ABANDONMENT/NON SUPPORT,1
18, CRIMINAL MISCHIEF & RELATED OF,5346
18, CRIMINAL TRESPASS,378
18, DANGEROUS DRUGS,3616
18, DANGEROUS WEAPONS,1267
18, DISORDERLY CONDUCT,10
18, DISRUPTION OF A RELIGIOUS SERV,1
18, ENDAN WELFARE INCOMP,2
18, ESCAPE 3,2
18, FELONY ASSAULT,2265
18, FORGERY,520
18, FRAUDS,331
18, FRAUDULENT ACCOSTING,3
18, GAMBLING,20
18, GRAND LARCENY,3836
18, GRAND LARCENY OF MOTOR VEHICLE,1191
18, HARRASSMENT 2,6453
18, HOMICIDE-NEGLIGENT-VEHICLE,1
18, INTOXICATED & IMPAIRED DRIVING,793
18, JOSTLING,3
18, KIDNAPPING & RELATED OFFENSES,26
18, LOITERING/GAMBLING CARDS DIC,4
18, MISCELLANEOUS PENAL LAW,1720
18, NEW YORK CITY HEALTH CODE,1
18, NYS LAWS-UNCLASSIFIED FELONY,36
18, OFF. AGNST PUB ORD SENSBLTY &,2881
18, OFFENSES AGAINST PUBLIC ADMINI,748
18, OFFENSES AGAINST THE PERSON,110
18, OFFENSES INVOLVING FRAUD,71
18, OFFENSES RELATED TO CHILDREN,21
18, OTHER OFFENSES RELATED TO THEF,107
18, OTHER STATE LAWS,2
18, OTHER STATE LAWS NON PENAL LA,26
18, PETIT LARCENY,8221
18, PETIT LARCENY OF MOTOR VEHICLE,12
18, POSSESSION OF STOLEN PROPERTY,288
18, PROSTITUTION & RELATED OFFENSES,4
18, ROBBERY,2454
18, THEFT OF SERVICES,10
18, THEFT-FRAUD,463
18, UNAUTHORIZED USE OF A VEHICLE,142
18, UNLAWFUL POSS. WEAP. ON SCHOOL,1
18, VEHICLE AND TRAFFIC LAWS,544
19, ADMINISTRATIVE CODE,138
19, AGRICULTURE & MRKTS LAW-UNCLASSIFIED,2
19, ALCOHOLIC BEVERAGE CONTROL LAW,2
19, ANTICIPATORY OFFENSES,1
19, ARSON,175
19, ASSAULT 3 & RELATED OFFENSES,5959
19, "BURGLARS TOOLS",17
19, BURGLARY,2233
19, CHILD ABANDONMENT/NON SUPPORT,3
19, CRIMINAL MISCHIEF & RELATED OF,5371
19, CRIMINAL TRESPASS,391
19, DANGEROUS DRUGS,3594
19, DANGEROUS WEAPONS,1185
19, DISORDERLY CONDUCT,5
19, DISRUPTION OF A RELIGIOUS SERV,1
19, ESCAPE 3,1
19, FELONY ASSAULT,2185
19, FORGERY,493
19, FRAUDS,300
19, FRAUDULENT ACCOSTING,1
19, GAMBLING,26
19, GRAND LARCENY,3899
19, GRAND LARCENY OF MOTOR VEHICLE,1133
19, HARRASSMENT 2,6377
19, INTOXICATED & IMPAIRED DRIVING,752
19, JOSTLING,1
19, KIDNAPPING & RELATED OFFENSES,21
19, LOITERING FOR DRUG PURPOSES,1
19, LOITERING/GAMBLING CARDS DIC,5
19, MISCELLANEOUS PENAL LAW,1722
19, NEW YORK CITY HEALTH CODE,1
19, NYS LAWS-UNCLASSIFIED FELONY,55
19, OFF. AGNST PUB ORD SENSBLTY &,2824
19, OFFENSES AGAINST PUBLIC ADMINI,839
19, OFFENSES AGAINST PUBLIC SAFETY,1
19, OFFENSES AGAINST THE PERSON,103
19, OFFENSES INVOLVING FRAUD,75
19, OFFENSES RELATED TO CHILDREN,3
19, OTHER OFFENSES RELATED TO THEF,121
19, OTHER STATE LAWS NON PENAL LA,13
19, PETIT LARCENY,8143
19, PETIT LARCENY OF MOTOR VEHICLE,15
19, POSSESSION OF STOLEN PROPERTY,280
19, PROSTITUTION & RELATED OFFENSES,2
19, ROBBERY,2334
19, THEFT OF SERVICES,6
19, THEFT-FRAUD,479
19, UNAUTHORIZED USE OF A VEHICLE,158
19, UNLAWFUL POSS. WEAP. ON SCHOOL,1
19, VEHICLE AND TRAFFIC LAWS,543
20, ADMINISTRATIVE CODE,158
20, AGRICULTURE & MRKTS LAW-UNCLASSIFIED,2
20, ALCOHOLIC BEVERAGE CONTROL LAW,1
20, ARSON,153
20, ASSAULT 3 & RELATED OFFENSES,6110
20, "BURGLARS TOOLS",34
20, BURGLARY,2358
20, CHILD ABANDONMENT/NON SUPPORT,2
20, CRIMINAL MISCHIEF & RELATED OF,5971
20, CRIMINAL TRESPASS,362
20, DANGEROUS DRUGS,3793
20, DANGEROUS WEAPONS,1215
20, DISORDERLY CONDUCT,10
20, DISRUPTION OF A RELIGIOUS SERV,2
20, ENDAN WELFARE INCOMP,1
20, FELONY ASSAULT,2220
20, FORGERY,522
20, FRAUDS,341
20, FRAUDULENT ACCOSTING,5
20, GAMBLING,14
20, GRAND LARCENY,4228
20, GRAND LARCENY OF MOTOR VEHICLE,1186
20, HARRASSMENT 2,6812
20, HOMICIDE-NEGLIGENTUNCLASSIFIE,2
20, INTOXICATED & IMPAIRED DRIVING,777
20, JOSTLING,2
20, KIDNAPPING & RELATED OFFENSES,26
20, LOITERING FOR DRUG PURPOSES,1
20, LOITERING/GAMBLING CARDS DIC,8
20, MISCELLANEOUS PENAL LAW,1692
20, NEW YORK CITY HEALTH CODE,1
20, NYS LAWS-UNCLASSIFIED FELONY,42
20, OFF. AGNST PUB ORD SENSBLTY &,3237
20, OFFENSES AGAINST PUBLIC ADMINI,881
20, OFFENSES AGAINST PUBLIC SAFETY,1
20, OFFENSES AGAINST THE PERSON,128
20, OFFENSES INVOLVING FRAUD,77
20, OFFENSES RELATED TO CHILDREN,4
20, OTHER OFFENSES RELATED TO THEF,129
20, OTHER STATE LAWS,3
20, OTHER STATE LAWS NON PENAL LA,24
20, PETIT LARCENY,8445
20, PETIT LARCENY OF MOTOR VEHICLE,7
20, POSSESSION OF STOLEN PROPERTY,291
20, PROSTITUTION & RELATED OFFENSES,8
20, ROBBERY,2419
20, THEFT OF SERVICES,4
20, THEFT-FRAUD,560
20, UNAUTHORIZED USE OF A VEHICLE,159
20, VEHICLE AND TRAFFIC LAWS,550
21, ADMINISTRATIVE CODE,132
21, AGRICULTURE & MRKTS LAW-UNCLASSIFIED,1
21, ALCOHOLIC BEVERAGE CONTROL LAW,7
21, ARSON,159
21, ASSAULT 3 & RELATED OFFENSES,6106
21, "BURGLARS TOOLS",33
21, BURGLARY,2381
21, CHILD ABANDONMENT/NON SUPPORT,4
21, CRIMINAL MISCHIEF & RELATED OF,5518
21, CRIMINAL TRESPASS,387
21, DANGEROUS DRUGS,3727
21, DANGEROUS WEAPONS,1298
21, DISORDERLY CONDUCT,6
21, DISRUPTION OF A RELIGIOUS SERV,1
21, ENDAN WELFARE INCOMP,1
21, ESCAPE 3,2
21, FELONY ASSAULT,2167
21, FORGERY,479
21, FRAUDS,300
21, FRAUDULENT ACCOSTING,1
21, GAMBLING,13
21, GRAND LARCENY,3897
21, GRAND LARCENY OF MOTOR VEHICLE,1107
21, HARRASSMENT 2,6604
21, INTOXICATED & IMPAIRED DRIVING,773
21, INTOXICATED/IMPAIRED DRIVING,1
21, JOSTLING,1
21, KIDNAPPING & RELATED OFFENSES,27
21, LOITERING/GAMBLING CARDS DIC,1
21, MISCELLANEOUS PENAL LAW,1705
21, NEW YORK CITY HEALTH CODE,1
21, NYS LAWS-UNCLASSIFIED FELONY,57
21, OFF. AGNST PUB ORD SENSBLTY &,2865
21, OFFENSES AGAINST PUBLIC ADMINI,839
21, OFFENSES AGAINST THE PERSON,113
21, OFFENSES INVOLVING FRAUD,75
21, OFFENSES RELATED TO CHILDREN,9
21, OTHER OFFENSES RELATED TO THEF,107
21, OTHER STATE LAWS,1
21, OTHER STATE LAWS NON PENAL LA,25
21, PETIT LARCENY,8185
21, PETIT LARCENY OF MOTOR VEHICLE,9
21, POSSESSION OF STOLEN PROPERTY,302
21, PROSTITUTION & RELATED OFFENSES,10
21, ROBBERY,2399
21, THEFT OF SERVICES,6
21, THEFT-FRAUD,468
21, UNAUTHORIZED USE OF A VEHICLE,160
21, VEHICLE AND TRAFFIC LAWS,530
22, ADMINISTRATIVE CODE,146
22, ADMINISTRATIVE CODES,1
22, AGRICULTURE & MRKTS LAW-UNCLASSIFIED,1
22, ALCOHOLIC BEVERAGE CONTROL LAW,7
22, ARSON,167
22, ASSAULT 3 & RELATED OFFENSES,5931
22, "BURGLARS TOOLS",26
22, BURGLARY,2425
22, CHILD ABANDONMENT/NON SUPPORT,8
22, CRIMINAL MISCHIEF & RELATED OF,5503
22, CRIMINAL TRESPASS,390
22, DANGEROUS DRUGS,3404
22, DANGEROUS WEAPONS,1273
22, DISORDERLY CONDUCT,10
22, DISRUPTION OF A RELIGIOUS SERV,1
22, ESCAPE 3,1
22, FELONY ASSAULT,2185
22, FORGERY,517
22, FRAUDS,277
22, FRAUDULENT ACCOSTING,5
22, GAMBLING,20
22, GRAND LARCENY,3902
22, GRAND LARCENY OF MOTOR VEHICLE,1172
22, HARRASSMENT 2,6407
22, HOMICIDE-NEGLIGENT-VEHICLE,1
22, INTOXICATED & IMPAIRED DRIVING,786
22, JOSTLING,1
22, KIDNAPPING & RELATED OFFENSES,24
22, LOITERING,1
22, LOITERING/GAMBLING CARDS DIC,3
22, MISCELLANEOUS PENAL LAW,1625
22, NYS LAWS-UNCLASSIFIED FELONY,38
22, OFF. AGNST PUB ORD SENSBLTY &,2746
22, OFFENSES AGAINST PUBLIC ADMINI,744
22, OFFENSES AGAINST PUBLIC SAFETY,4
22, OFFENSES AGAINST THE PERSON,119
22, OFFENSES INVOLVING FRAUD,77
22, OFFENSES RELATED TO CHILDREN,5
22, OTHER OFFENSES RELATED TO THEF,88
22, OTHER STATE LAWS,1
22, OTHER STATE LAWS NON PENAL LA,25
22, PETIT LARCENY,8218
22, PETIT LARCENY OF MOTOR VEHICLE,16
22, POSSESSION OF STOLEN PROPERTY,311
22, PROSTITUTION & RELATED OFFENSES,10
22, ROBBERY,2410
22, THEFT OF SERVICES,10
22, THEFT-FRAUD,452
22, UNAUTHORIZED USE OF A VEHICLE,156
22, UNLAWFUL POSS. WEAP. ON SCHOOL,2
22, VEHICLE AND TRAFFIC LAWS,520
23, ADMINISTRATIVE CODE,125
23, AGRICULTURE & MRKTS LAW-UNCLASSIFIED,2
23, ALCOHOLIC BEVERAGE CONTROL LAW,6
23, ANTICIPATORY OFFENSES,2
23, ARSON,174
23, ASSAULT 3 & RELATED OFFENSES,5910
23, "BURGLARS TOOLS",17
23, BURGLARY,2418
23, CHILD ABANDONMENT/NON SUPPORT,3
23, CRIMINAL MISCHIEF & RELATED OF,5386
23, CRIMINAL TRESPASS,350
23, DANGEROUS DRUGS,3432
23, DANGEROUS WEAPONS,1183
23, DISORDERLY CONDUCT,9
23, DISRUPTION OF A RELIGIOUS SERV,1
23, ENDAN WELFARE INCOMP,2
23, ESCAPE 3,3
23, FELONY ASSAULT,2212
23, FORGERY,462
23, FRAUDS,298
23, FRAUDULENT ACCOSTING,3
23, GAMBLING,21
23, GRAND LARCENY,3922
23, GRAND LARCENY OF MOTOR VEHICLE,1131
23, HARRASSMENT 2,6423
23, HOMICIDE-NEGLIGENTUNCLASSIFIE,1
23, INTOXICATED & IMPAIRED DRIVING,751
23, JOSTLING,2
23, KIDNAPPING & RELATED OFFENSES,32
23, LOITERING/GAMBLING CARDS DIC,3
23, MISCELLANEOUS PENAL LAW,1692
23, NEW YORK CITY HEALTH CODE,2
23, NYS LAWS-UNCLASSIFIED FELONY,43
23, OFF. AGNST PUB ORD SENSBLTY &,2768
23, OFFENSES AGAINST PUBLIC ADMINI,807
23, OFFENSES AGAINST PUBLIC SAFETY,3
23, OFFENSES AGAINST THE PERSON,117
23, OFFENSES INVOLVING FRAUD,60
23, OFFENSES RELATED TO CHILDREN,8
23, OTHER OFFENSES RELATED TO THEF,103
23, OTHER STATE LAWS,1
23, OTHER STATE LAWS NON PENAL LA,27
23, PETIT LARCENY,8353
23, PETIT LARCENY OF MOTOR VEHICLE,5
23, POSSESSION OF STOLEN PROPERTY,293
23, PROSTITUTION & RELATED OFFENSES,18
23, ROBBERY,2399
23, SEX CRIMES,1
23, THEFT OF SERVICES,3
23, THEFT-FRAUD,449
23, UNAUTHORIZED USE OF A VEHICLE,153
23, VEHICLE AND TRAFFIC LAWS,541
24, ADMINISTRATIVE CODE,120
24, ADMINISTRATIVE CODES,1
24, ALCOHOLIC BEVERAGE CONTROL LAW,3
24, ANTICIPATORY OFFENSES,2
24, ARSON,143
24, ASSAULT 3 & RELATED OFFENSES,5879
24, "BURGLARS TOOLS",20
24, BURGLARY,2346
24, CHILD ABANDONMENT/NON SUPPORT,3
24, CRIMINAL MISCHIEF & RELATED OF,5406
24, CRIMINAL TRESPASS,367
24, DANGEROUS DRUGS,3231
24, DANGEROUS WEAPONS,1103
24, DISORDERLY CONDUCT,10
24, ENDAN WELFARE INCOMP,3
24, FELONY ASSAULT,2310
24, FORGERY,477
24, FRAUDS,274
24, FRAUDULENT ACCOSTING,5
24, GAMBLING,23
24, GRAND LARCENY,3878
24, GRAND LARCENY OF MOTOR VEHICLE,1124
24, HARRASSMENT 2,6390
24, HOMICIDE-NEGLIGENTUNCLASSIFIE,1
24, INTOXICATED & IMPAIRED DRIVING,687
24, JOSTLING,1
24, KIDNAPPING & RELATED OFFENSES,28
24, LOITERING/GAMBLING CARDS DIC,2
24, MISCELLANEOUS PENAL LAW,1609
24, NEW YORK CITY HEALTH CODE,1
24, NYS LAWS-UNCLASSIFIED FELONY,45
24, NYS LAWS-UNCLASSIFIED VIOLATION,1
24, OFF. AGNST PUB ORD SENSBLTY &,2850
24, OFFENSES AGAINST PUBLIC ADMINI,770
24, OFFENSES AGAINST PUBLIC SAFETY,4
24, OFFENSES AGAINST THE PERSON,112
24, OFFENSES INVOLVING FRAUD,63
24, OFFENSES RELATED TO CHILDREN,14
24, OTHER OFFENSES RELATED TO THEF,96
24, OTHER STATE LAWS,1
24, OTHER STATE LAWS NON PENAL LA,28
24, PETIT LARCENY,8211
24, PETIT LARCENY OF MOTOR VEHICLE,9
24, POSSESSION OF STOLEN PROPERTY,275
24, PROSTITUTION & RELATED OFFENSES,10
24, ROBBERY,2351
24, THEFT OF SERVICES,3
24, THEFT-FRAUD,436
24, UNAUTHORIZED USE OF A VEHICLE,158
24, UNLAWFUL POSS. WEAP. ON SCHOOL,1
24, VEHICLE AND TRAFFIC LAWS,524
25, ADMINISTRATIVE CODE,133
25, AGRICULTURE & MRKTS LAW-UNCLASSIFIED,2
25, ALCOHOLIC BEVERAGE CONTROL LAW,6
25, ANTICIPATORY OFFENSES,1
25, ARSON,161
25, ASSAULT 3 & RELATED OFFENSES,6088
25, "BURGLARS TOOLS",22
25, BURGLARY,2198
25, CHILD ABANDONMENT/NON SUPPORT,5
25, CRIMINAL MISCHIEF & RELATED OF,5594
25, CRIMINAL TRESPASS,341
25, DANGEROUS DRUGS,3305
25, DANGEROUS WEAPONS,1125
25, DISORDERLY CONDUCT,18
25, FELONY ASSAULT,2310
25, FORGERY,489
25, FRAUDS,290
25, FRAUDULENT ACCOSTING,5
25, GAMBLING,19
25, GRAND LARCENY,3890
25, GRAND LARCENY OF MOTOR VEHICLE,1162
25, HARRASSMENT 2,6458
25, HOMICIDE-NEGLIGENT-VEHICLE,3
25, INTOXICATED & IMPAIRED DRIVING,755
25, INTOXICATED/IMPAIRED DRIVING,1
25, JOSTLING,3
25, KIDNAPPING & RELATED OFFENSES,28
25, LOITERING/GAMBLING CARDS DIC,4
25, MISCELLANEOUS PENAL LAW,1579
25, NYS LAWS-UNCLASSIFIED FELONY,47
25, OFF. AGNST PUB ORD SENSBLTY &,2887
25, OFFENSES AGAINST PUBLIC ADMINI,768
25, OFFENSES AGAINST PUBLIC SAFETY,1
25, OFFENSES AGAINST THE PERSON,94
25, OFFENSES INVOLVING FRAUD,60
25, OFFENSES RELATED TO CHILDREN,6
25, OTHER OFFENSES RELATED TO THEF,90
25, OTHER STATE LAWS,2
25, OTHER STATE LAWS NON PENAL LA,23
25, PETIT LARCENY,7939
25, PETIT LARCENY OF MOTOR VEHICLE,14
25, POSSESSION OF STOLEN PROPERTY,330
25, PROSTITUTION & RELATED OFFENSES,13
25, ROBBERY,2337
25, THEFT OF SERVICES,4
25, THEFT-FRAUD,504
25, UNAUTHORIZED USE OF A VEHICLE,135
25, VEHICLE AND TRAFFIC LAWS,480
26, ADMINISTRATIVE CODE,131
26, AGRICULTURE & MRKTS LAW-UNCLASSIFIED,2
26, ALCOHOLIC BEVERAGE CONTROL LAW,7
26, ANTICIPATORY OFFENSES,3
26, ARSON,161
26, ASSAULT 3 & RELATED OFFENSES,5926
26, "BURGLARS TOOLS",26
26, BURGLARY,2244
26, CHILD ABANDONMENT/NON SUPPORT,2
26, CRIMINAL MISCHIEF & RELATED OF,5202
26, CRIMINAL TRESPASS,368
26, DANGEROUS DRUGS,3305
26, DANGEROUS WEAPONS,1193
26, DISORDERLY CONDUCT,13
26, ESCAPE 3,1
26, FELONY ASSAULT,2201
26, FORGERY,519
26, FRAUDS,292
26, FRAUDULENT ACCOSTING,3
26, GAMBLING,15
26, GRAND LARCENY,3781
26, GRAND LARCENY OF MOTOR VEHICLE,1131
26, HARRASSMENT 2,6355
26, HOMICIDE-NEGLIGENTUNCLASSIFIE,1
26, INTOXICATED & IMPAIRED DRIVING,721
26, JOSTLING,2
26, KIDNAPPING,1
26, KIDNAPPING & RELATED OFFENSES,23
26, LOITERING/GAMBLING CARDS DIC,1
26, MISCELLANEOUS PENAL LAW,1542
26, NYS LAWS-UNCLASSIFIED FELONY,48
26, OFF. AGNST PUB ORD SENSBLTY &,2853
26, OFFENSES AGAINST PUBLIC ADMINI,799
26, OFFENSES AGAINST PUBLIC SAFETY,1
26, OFFENSES AGAINST THE PERSON,96
26, OFFENSES INVOLVING FRAUD,57
26, OFFENSES RELATED TO CHILDREN,12
26, OTHER OFFENSES RELATED TO THEF,96
26, OTHER STATE LAWS NON PENAL LA,25
26, OTHER TRAFFIC INFRACTION,2
26, PETIT LARCENY,8002
26, PETIT LARCENY OF MOTOR VEHICLE,9
26, POSSESSION OF STOLEN PROPERTY,262
26, PROSTITUTION & RELATED OFFENSES,8
26, ROBBERY,2397
26, THEFT OF SERVICES,8
26, THEFT-FRAUD,482
26, UNAUTHORIZED USE OF A VEHICLE,143
26, VEHICLE AND TRAFFIC LAWS,554
27, ADMINISTRATIVE CODE,140
27, ALCOHOLIC BEVERAGE CONTROL LAW,6
27, ARSON,152
27, ASSAULT 3 & RELATED OFFENSES,6108
27, "BURGLARS TOOLS",29
27, BURGLARY,2210
27, CHILD ABANDONMENT/NON SUPPORT,4
27, CRIMINAL MISCHIEF & RELATED OF,5461
27, CRIMINAL TRESPASS,341
27, DANGEROUS DRUGS,3440
27, DANGEROUS WEAPONS,1175
27, DISORDERLY CONDUCT,7
27, DISRUPTION OF A RELIGIOUS SERV,1
27, ENDAN WELFARE INCOMP,1
27, FELONY ASSAULT,2200
27, FORGERY,504
27, FRAUDS,293
27, FRAUDULENT ACCOSTING,7
27, GAMBLING,17
27, GRAND LARCENY,3935
27, GRAND LARCENY OF MOTOR VEHICLE,1087
27, HARRASSMENT 2,6398
27, HOMICIDE-NEGLIGENT-VEHICLE,1
27, HOMICIDE-NEGLIGENTUNCLASSIFIE,1
27, INTOXICATED & IMPAIRED DRIVING,739
27, JOSTLING,1
27, KIDNAPPING & RELATED OFFENSES,27
27, LOITERING,1
27, LOITERING/GAMBLING CARDS DIC,5
27, MISCELLANEOUS PENAL LAW,1634
27, NYS LAWS-UNCLASSIFIED FELONY,52
27, OFF. AGNST PUB ORD SENSBLTY &,2889
27, OFFENSES AGAINST PUBLIC ADMINI,741
27, OFFENSES AGAINST PUBLIC SAFETY,3
27, OFFENSES AGAINST THE PERSON,143
27, OFFENSES INVOLVING FRAUD,72
27, OFFENSES RELATED TO CHILDREN,13
27, OTHER OFFENSES RELATED TO THEF,78
27, OTHER STATE LAWS,1
27, OTHER STATE LAWS NON PENAL LA,19
27, OTHER TRAFFIC INFRACTION,1
27, PETIT LARCENY,8126
27, PETIT LARCENY OF MOTOR VEHICLE,16
27, POSSESSION OF STOLEN PROPERTY,275
27, PROSTITUTION & RELATED OFFENSES,9
27, ROBBERY,2429
27, THEFT OF SERVICES,5
27, THEFT-FRAUD,449
27, UNAUTHORIZED USE OF A VEHICLE,142
27, VEHICLE AND TRAFFIC LAWS,526
28, ADMINISTRATIVE CODE,143
28, AGRICULTURE & MRKTS LAW-UNCLASSIFIED,3
28, ALCOHOLIC BEVERAGE CONTROL LAW,5
28, ANTICIPATORY OFFENSES,2
28, ARSON,144
28, ASSAULT 3 & RELATED OFFENSES,6059
28, "BURGLARS TOOLS",27
28, BURGLARY,2376
28, CHILD ABANDONMENT/NON SUPPORT,3
28, CRIMINAL MISCHIEF & RELATED OF,5385
28, CRIMINAL TRESPASS,348
28, DANGEROUS DRUGS,3274
28, DANGEROUS WEAPONS,1145
28, DISORDERLY CONDUCT,9
28, ENDAN WELFARE INCOMP,2
28, ESCAPE 3,2
28, FELONY ASSAULT,2268
28, FORGERY,478
28, FRAUDS,271
28, FRAUDULENT ACCOSTING,5
28, GAMBLING,20
28, GRAND LARCENY,3940
28, GRAND LARCENY OF MOTOR VEHICLE,1110
28, HARRASSMENT 2,6465
28, INTOXICATED & IMPAIRED DRIVING,750
28, INTOXICATED/IMPAIRED DRIVING,1
28, JOSTLING,1
28, KIDNAPPING & RELATED OFFENSES,37
28, LOITERING,1
28, LOITERING/GAMBLING CARDS DIC,4
28, MISCELLANEOUS PENAL LAW,1695
28, NYS LAWS-UNCLASSIFIED FELONY,44
28, OFF. AGNST PUB ORD SENSBLTY &,2962
28, OFFENSES AGAINST PUBLIC ADMINI,785
28, OFFENSES AGAINST PUBLIC SAFETY,5
28, OFFENSES AGAINST THE PERSON,104
28, OFFENSES INVOLVING FRAUD,90
28, OFFENSES RELATED TO CHILDREN,8
28, OTHER OFFENSES RELATED TO THEF,91
28, OTHER STATE LAWS,1
28, OTHER STATE LAWS NON PENAL LA,31
28, OTHER TRAFFIC INFRACTION,1
28, PETIT LARCENY,8125
28, PETIT LARCENY OF MOTOR VEHICLE,8
28, POSSESSION OF STOLEN PROPERTY,287
28, PROSTITUTION & RELATED OFFENSES,5
28, ROBBERY,2533
28, THEFT OF SERVICES,6
28, THEFT-FRAUD,487
28, UNAUTHORIZED USE OF A VEHICLE,155
28, VEHICLE AND TRAFFIC LAWS,560
29, ADMINISTRATIVE CODE,140
29, ADMINISTRATIVE CODES,1
29, ALCOHOLIC BEVERAGE CONTROL LAW,9
29, ARSON,155
29, ASSAULT 3 & RELATED OFFENSES,5441
29, "BURGLARS TOOLS",29
29, BURGLARY,2157
29, CHILD ABANDONMENT/NON SUPPORT,3
29, CRIMINAL MISCHIEF & RELATED OF,5036
29, CRIMINAL TRESPASS,338
29, DANGEROUS DRUGS,3004
29, DANGEROUS WEAPONS,1091
29, DISORDERLY CONDUCT,11
29, ENDAN WELFARE INCOMP,3
29, FELONY ASSAULT,2000
29, FORGERY,454
29, FRAUDS,242
29, FRAUDULENT ACCOSTING,2
29, GAMBLING,15
29, GRAND LARCENY,3670
29, GRAND LARCENY OF MOTOR VEHICLE,1091
29, HARRASSMENT 2,5984
29, HOMICIDE-NEGLIGENT-VEHICLE,2
29, INTOXICATED & IMPAIRED DRIVING,631
29, JOSTLING,2
29, KIDNAPPING & RELATED OFFENSES,35
29, LOITERING/GAMBLING CARDS DIC,1
29, MISCELLANEOUS PENAL LAW,1497
29, NYS LAWS-UNCLASSIFIED FELONY,40
29, OFF. AGNST PUB ORD SENSBLTY &,2614
29, OFFENSES AGAINST PUBLIC ADMINI,702
29, OFFENSES AGAINST PUBLIC SAFETY,2
29, OFFENSES AGAINST THE PERSON,91
29, OFFENSES INVOLVING FRAUD,78
29, OFFENSES RELATED TO CHILDREN,13
29, OTHER OFFENSES RELATED TO THEF,97
29, OTHER STATE LAWS,5
29, OTHER STATE LAWS NON PENAL LA,34
29, PETIT LARCENY,7687
29, PETIT LARCENY OF MOTOR VEHICLE,8
29, POSSESSION OF STOLEN PROPERTY,248
29, PROSTITUTION & RELATED OFFENSES,4
29, ROBBERY,2378
29, THEFT OF SERVICES,1
29, THEFT-FRAUD,409
29, UNAUTHORIZED USE OF A VEHICLE,145
29, UNLAWFUL POSS. WEAP. ON SCHOOL,1
29, VEHICLE AND TRAFFIC LAWS,514
30, ADMINISTRATIVE CODE,122
30, AGRICULTURE & MRKTS LAW-UNCLASSIFIED,5
30, ALCOHOLIC BEVERAGE CONTROL LAW,2
30, ARSON,152
30, ASSAULT 3 & RELATED OFFENSES,5388
30, "BURGLARS TOOLS",25
30, BURGLARY,2099
30, CHILD ABANDONMENT/NON SUPPORT,5
30, CRIMINAL MISCHIEF & RELATED OF,5016
30, CRIMINAL TRESPASS,333
30, DANGEROUS DRUGS,2874
30, DANGEROUS WEAPONS,1023
30, DISORDERLY CONDUCT,7
30, DISRUPTION OF A RELIGIOUS SERV,1
30, ESCAPE 3,4
30, FELONY ASSAULT,2172
30, FORGERY,447
30, FRAUDS,275
30, FRAUDULENT ACCOSTING,1
30, GAMBLING,14
30, GRAND LARCENY,3764
30, GRAND LARCENY OF MOTOR VEHICLE,1035
30, HARRASSMENT 2,5893
30, INTOXICATED & IMPAIRED DRIVING,672
30, JOSTLING,3
30, KIDNAPPING & RELATED OFFENSES,32
30, LOITERING/GAMBLING CARDS DIC,2
30, MISCELLANEOUS PENAL LAW,1536
30, NYS LAWS-UNCLASSIFIED FELONY,47
30, OFF. AGNST PUB ORD SENSBLTY &,2648
30, OFFENSES AGAINST PUBLIC ADMINI,732
30, OFFENSES AGAINST PUBLIC SAFETY,6
30, OFFENSES AGAINST THE PERSON,107
30, OFFENSES INVOLVING FRAUD,62
30, OFFENSES RELATED TO CHILDREN,6
30, OTHER OFFENSES RELATED TO THEF,109
30, OTHER STATE LAWS,2
30, OTHER STATE LAWS NON PENAL LA,21
30, PETIT LARCENY,7573
30, PETIT LARCENY OF MOTOR VEHICLE,8
30, POSSESSION OF STOLEN PROPERTY,243
30, PROSTITUTION & RELATED OFFENSES,5
30, ROBBERY,2306
30, THEFT OF SERVICES,12
30, THEFT-FRAUD,445
30, UNAUTHORIZED USE OF A VEHICLE,154
30, VEHICLE AND TRAFFIC LAWS,499
31, ADMINISTRATIVE CODE,89
31, ALCOHOLIC BEVERAGE CONTROL LAW,2
31, ANTICIPATORY OFFENSES,1
31, ARSON,97
31, ASSAULT 3 & RELATED OFFENSES,3454
31, "BURGLARS TOOLS",17
31, BURGLARY,1295
31, CHILD ABANDONMENT/NON SUPPORT,3
31, CRIMINAL MISCHIEF & RELATED OF,3373
31, CRIMINAL TRESPASS,211
31, DANGEROUS DRUGS,1659
31, DANGEROUS WEAPONS,644
31, DISORDERLY CONDUCT,5
31, ENDAN WELFARE INCOMP,2
31, ESCAPE 3,2
31, FELONY ASSAULT,1423
31, FORGERY,248
31, FRAUDS,135
31, FRAUDULENT ACCOSTING,4
31, GAMBLING,13
31, GRAND LARCENY,2347
31, GRAND LARCENY OF MOTOR VEHICLE,651
31, HARRASSMENT 2,3729
31, HOMICIDE-NEGLIGENT-VEHICLE,1
31, HOMICIDE-NEGLIGENTUNCLASSIFIE,1
31, INTOXICATED & IMPAIRED DRIVING,437
31, KIDNAPPING & RELATED OFFENSES,17
31, LOITERING/GAMBLING CARDS DIC,2
31, MISCELLANEOUS PENAL LAW,918
31, NYS LAWS-UNCLASSIFIED FELONY,23
31, OFF. AGNST PUB ORD SENSBLTY &,1584
31, OFFENSES AGAINST PUBLIC ADMINI,440
31, OFFENSES AGAINST PUBLIC SAFETY,3
31, OFFENSES AGAINST THE PERSON,76
31, OFFENSES INVOLVING FRAUD,37
31, OFFENSES RELATED TO CHILDREN,3
31, OTHER OFFENSES RELATED TO THEF,65
31, OTHER STATE LAWS NON PENAL LA,10
31, PETIT LARCENY,4543
31, PETIT LARCENY OF MOTOR VEHICLE,5
31, POSSESSION OF STOLEN PROPERTY,145
31, PROSTITUTION & RELATED OFFENSES,5
31, ROBBERY,1557
31, THEFT-FRAUD,315
31, UNAUTHORIZED USE OF A VEHICLE,85
31, VEHICLE AND TRAFFIC LAWS,297
