01, ADMINISTRATIVE CODE,558
01, ADMINISTRATIVE CODES,1
01, AGRICULTURE & MRKTS LAW-UNCLASSIFIED,13
01, ALCOHOLIC BEVERAGE CONTROL LAW,38
01, ANTICIPATORY OFFENSES,3
01, ARSON,534
01, ASSAULT 3 & RELATED OFFENSES,20740
01, "BURGLARS TOOLS",83
01, BURGLARY,6565
01, CHILD ABANDONMENT/NON SUPPORT,20
01, CRIMINAL MISCHIEF & RELATED OF,28101
01, CRIMINAL TRESPASS,2239
01, DANGEROUS DRUGS,12108
01, DANGEROUS WEAPONS,4340
01, DISORDERLY CONDUCT,23
01, DISRUPTION OF A RELIGIOUS SERV,1
01, ENDAN WELFARE INCOMP,11
01, ESCAPE 3,6
01, FELONY ASSAULT,7559
01, FORGERY,1786
01, FRAUDS,2279
01, FRAUDULENT ACCOSTING,83
01, GAMBLING,85
01, GRAND LARCENY,21093
01, GRAND LARCENY OF MOTOR VEHICLE,3589
01, HARRASSMENT 2,25665
01, HOMICIDE-NEGLIGENT-VEHICLE,7
01, HOMICIDE-NEGLIGENTUNCLASSIFIE,2
01, INTOXICATED & IMPAIRED DRIVING,2605
01, INTOXICATED/IMPAIRED DRIVING,1
01, JOSTLING,6
01, KIDNAPPING,1
01, KIDNAPPING & RELATED OFFENSES,96
01, KIDNAPPING AND RELATED OFFENSES,1
01, LOITERING/DEVIATE SEX,1
01, LOITERING/GAMBLING CARDS DIC,5
01, MISCELLANEOUS PENAL LAW,4681
01, NEW YORK CITY HEALTH CODE,8
01, NYS LAWS-UNCLASSIFIED FELONY,163
01, OFF. AGNST PUB ORD SENSBLTY &,16201
01, OFFENSES AGAINST PUBLIC ADMINI,3754
01, OFFENSES AGAINST PUBLIC SAFETY,44
01, OFFENSES AGAINST THE PERSON,463
01, OFFENSES INVOLVING FRAUD,609
01, OFFENSES RELATED TO CHILDREN,52
01, OTHER OFFENSES RELATED TO THEF,427
01, OTHER STATE LAWS,12
01, OTHER STATE LAWS NON PENAL LA,176
01, PETIT LARCENY,30640
01, PETIT LARCENY OF MOTOR VEHICLE,41
01, POSSESSION OF STOLEN PROPERTY,968
01, PROSTITUTION & RELATED OFFENSES,20
01, ROBBERY,7100
01, SEX CRIMES,1
01, THEFT OF SERVICES,75
01, THEFT-FRAUD,5320
01, UNAUTHORIZED USE OF A VEHICLE,741
01, UNLAWFUL POSS. WEAP. ON SCHOOL,4
01, VEHICLE AND TRAFFIC LAWS,2040
02, ADMINISTRATIVE CODE,446
02, AGRICULTURE & MRKTS LAW-UNCLASSIFIED,10
02, ALCOHOLIC BEVERAGE CONTROL LAW,31
02, ANTICIPATORY OFFENSES,2
02, ARSON,505
02, ASSAULT 3 & RELATED OFFENSES,17947
02, "BURGLARS TOOLS",72
02, BURGLARY,6369
02, CHILD ABANDONMENT/NON SUPPORT,11
02, CRIMINAL MISCHIEF & RELATED OF,17416
02, CRIMINAL TRESPASS,2350
02, DANGEROUS DRUGS,12754
02, DANGEROUS WEAPONS,4158
02, DISORDERLY CONDUCT,30
02, DISRUPTION OF A RELIGIOUS SERV,2
02, ENDAN WELFARE INCOMP,11
02, ESCAPE 3,6
02, FELONY ASSAULT,6510
02, FORGERY,1872
02, FRAUDS,1125
02, FRAUDULENT ACCOSTING,80
02, GAMBLING,74
02, GRAND LARCENY,14731
02, GRAND LARCENY OF MOTOR VEHICLE,3247
02, HARRASSMENT 2,21977
02, HOMICIDE-NEGLIGENT-VEHICLE,2
02, INTOXICATED & IMPAIRED DRIVING,2320
02, JOSTLING,12
02, KIDNAPPING,1
02, KIDNAPPING & RELATED OFFENSES,85
02, LOITERING FOR DRUG PURPOSES,1
02, LOITERING/GAMBLING CARDS DIC,8
02, MISCELLANEOUS PENAL LAW,4266
02, NEW YORK CITY HEALTH CODE,2
02, NYS LAWS-UNCLASSIFIED FELONY,134
02, OFF. AGNST PUB ORD SENSBLTY &,9868
02, OFFENSES AGAINST PUBLIC ADMINI,3458
02, OFFENSES AGAINST PUBLIC SAFETY,48
02, OFFENSES AGAINST THE PERSON,418
02, OFFENSES INVOLVING FRAUD,690
02, OFFENSES RELATED TO CHILDREN,44
02, OTHER OFFENSES RELATED TO THEF,339
02, OTHER STATE LAWS,8
02, OTHER STATE LAWS NON PENAL LA,159
02, PETIT LARCENY,28305
02, PETIT LARCENY OF MOTOR VEHICLE,31
02, POSSESSION OF STOLEN PROPERTY,897
02, PROSTITUTION & RELATED OFFENSES,23
02, ROBBERY,6575
02, SEX CRIMES,5
02, THEFT OF SERVICES,83
02, THEFT-FRAUD,1909
02, UNAUTHORIZED USE OF A VEHICLE,554
02, UNLAWFUL POSS. WEAP. ON SCHOOL,1
02, VEHICLE AND TRAFFIC LAWS,1824
03, ADMINISTRATIVE CODE,435
03, ADMINISTRATIVE CODES,1
03, AGRICULTURE & MRKTS LAW-UNCLASSIFIED,9
03, ALCOHOLIC BEVERAGE CONTROL LAW,36
03, ANTICIPATORY OFFENSES,3
03, ARSON,493
03, ASSAULT 3 & RELATED OFFENSES,17986
03, "BURGLARS TOOLS",106
03, BURGLARY,6570
03, CHILD ABANDONMENT/NON SUPPORT,12
03, CRIMINAL MISCHIEF & RELATED OF,17003
03, CRIMINAL TRESPASS,2413
03, DANGEROUS DRUGS,12787
03, DANGEROUS WEAPONS,4419
03, DISORDERLY CONDUCT,50
03, DISRUPTION OF A RELIGIOUS SERV,3
03, ENDAN WELFARE INCOMP,6
03, ESCAPE 3,11
03, FELONY ASSAULT,6405
03, FORGERY,1834
03, FRAUDS,1153
03, FRAUDULENT ACCOSTING,87
03, GAMBLING,68
03, GRAND LARCENY,14594
03, GRAND LARCENY OF MOTOR VEHICLE,3324
03, HARRASSMENT 2,21763
03, HOMICIDE-NEGLIGENT-VEHICLE,2
03, HOMICIDE-NEGLIGENTUNCLASSIFIE,1
03, INTOXICATED & IMPAIRED DRIVING,2311
03, INTOXICATED/IMPAIRED DRIVING,2
03, JOSTLING,8
03, KIDNAPPING & RELATED OFFENSES,80
03, LOITERING FOR DRUG PURPOSES,1
03, LOITERING/DEVIATE SEX,1
03, LOITERING/GAMBLING CARDS DIC,8
03, MISCELLANEOUS PENAL LAW,4370
03, NEW YORK CITY HEALTH CODE,2
03, NYS LAWS-UNCLASSIFIED FELONY,131
03, OFF. AGNST PUB ORD SENSBLTY &,9617
03, OFFENSES AGAINST PUBLIC ADMINI,3514
03, OFFENSES AGAINST PUBLIC SAFETY,56
03, OFFENSES AGAINST THE PERSON,439
03, OFFENSES INVOLVING FRAUD,638
03, OFFENSES RELATED TO CHILDREN,40
03, OTHER OFFENSES RELATED TO THEF,367
03, OTHER STATE LAWS,8
03, OTHER STATE LAWS NON PENAL LA,159
03, PETIT LARCENY,28031
03, PETIT LARCENY OF MOTOR VEHICLE,29
03, POSSESSION OF STOLEN PROPERTY,1000
03, PROSTITUTION & RELATED OFFENSES,56
03, ROBBERY,6718
03, SEX CRIMES,2
03, THEFT OF SERVICES,88
03, THEFT-FRAUD,1824
03, UNAUTHORIZED USE OF A VEHICLE,507
03, UNLAWFUL POSS. WEAP. ON SCHOOL,2
03, VEHICLE AND TRAFFIC LAWS,1851
04, ADMINISTRATIVE CODE,393
04, ADMINISTRATIVE CODES,1
04, AGRICULTURE & MRKTS LAW-UNCLASSIFIED,6
04, ALCOHOLIC BEVERAGE CONTROL LAW,24
04, ANTICIPATORY OFFENSES,3
04, ARSON,520
04, ASSAULT 3 & RELATED OFFENSES,18862
04, "BURGLARS TOOLS",90
04, BURGLARY,6449
04, CHILD ABANDONMENT/NON SUPPORT,9
04, CRIMINAL MISCHIEF & RELATED OF,17107
04, CRIMINAL TRESPASS,2336
04, DANGEROUS DRUGS,12318
04, DANGEROUS WEAPONS,4300
04, DISORDERLY CONDUCT,25
04, DISRUPTION OF A RELIGIOUS SERV,4
04, ENDAN WELFARE INCOMP,7
04, ESCAPE 3,2
04, FELONY ASSAULT,6649
04, FORGERY,1733
04, FORTUNE TELLING,1
04, FRAUDS,1034
04, FRAUDULENT ACCOSTING,93
04, GAMBLING,78
04, GRAND LARCENY,14339
04, GRAND LARCENY OF MOTOR VEHICLE,3407
04, HARRASSMENT 2,21683
04, HOMICIDE-NEGLIGENT-VEHICLE,5
04, HOMICIDE-NEGLIGENTUNCLASSIFIE,1
04, INTOXICATED & IMPAIRED DRIVING,2442
04, JOSTLING,10
04, KIDNAPPING & RELATED OFFENSES,81
04, LOITERING FOR DRUG PURPOSES,2
04, LOITERING/GAMBLING CARDS DIC,5
04, MISCELLANEOUS PENAL LAW,4518
04, NEW YORK CITY HEALTH CODE,4
04, NYS LAWS-UNCLASSIFIED FELONY,138
04, OFF. AGNST PUB ORD SENSBLTY &,9523
04, OFFENSES AGAINST PUBLIC ADMINI,3613
04, OFFENSES AGAINST PUBLIC SAFETY,173
04, OFFENSES AGAINST THE PERSON,670
04, OFFENSES INVOLVING FRAUD,620
04, OFFENSES RELATED TO CHILDREN,45
04, OTHER OFFENSES RELATED TO THEF,328
04, OTHER STATE LAWS,6
04, OTHER STATE LAWS NON PENAL LA,181
04, OTHER TRAFFIC INFRACTION,3
04, PETIT LARCENY,27976
04, PETIT LARCENY OF MOTOR VEHICLE,27
04, POSSESSION OF STOLEN PROPERTY,933
04, PROSTITUTION & RELATED OFFENSES,19
04, ROBBERY,6656
04, SEX CRIMES,2
04, THEFT OF SERVICES,89
04, THEFT-FRAUD,1745
04, UNAUTHORIZED USE OF A VEHICLE,485
04, UNLAWFUL POSS. WEAP. ON SCHOOL,3
04, VEHICLE AND TRAFFIC LAWS,1895
05, ADMINISTRATIVE CODE,418
05, ADMINISTRATIVE CODES,1
05, AGRICULTURE & MRKTS LAW-UNCLASSIFIED,5
05, ALCOHOLIC BEVERAGE CONTROL LAW,40
05, ANTICIPATORY OFFENSES,2
05, ARSON,522
05, ASSAULT 3 & RELATED OFFENSES,18793
05, "BURGLARS TOOLS",89
05, BURGLARY,6485
05, CHILD ABANDONMENT/NON SUPPORT,10
05, CRIMINAL MISCHIEF & RELATED OF,17717
05, CRIMINAL TRESPASS,2379
05, DANGEROUS DRUGS,12641
05, DANGEROUS WEAPONS,4626
05, DISORDERLY CONDUCT,33
05, ENDAN WELFARE INCOMP,6
05, ESCAPE 3,2
05, FELONY ASSAULT,6761
05, FORGERY,1846
05, FORTUNE TELLING,1
05, FRAUDS,1122
05, FRAUDULENT ACCOSTING,92
05, GAMBLING,72
05, GRAND LARCENY,14855
05, GRAND LARCENY OF MOTOR VEHICLE,3360
05, HARRASSMENT 2,22008
05, HOMICIDE-NEGLIGENT-VEHICLE,1
05, HOMICIDE-NEGLIGENTUNCLASSIFIE,1
05, INTOXICATED & IMPAIRED DRIVING,2481
05, INTOXICATED/IMPAIRED DRIVING,3
05, JOSTLING,14
05, KIDNAPPING,1
05, KIDNAPPING & RELATED OFFENSES,81
05, LOITERING,1
05, LOITERING FOR DRUG PURPOSES,1
05, LOITERING/GAMBLING CARDS DIC,1
05, MISCELLANEOUS PENAL LAW,4479
05, NEW YORK CITY HEALTH CODE,2
05, NYS LAWS-UNCLASSIFIED FELONY,132
05, OFF. AGNST PUB ORD SENSBLTY &,10054
05, OFFENSES AGAINST PUBLIC ADMINI,3731
05, OFFENSES AGAINST PUBLIC SAFETY,56
05, OFFENSES AGAINST THE PERSON,430
05, OFFENSES INVOLVING FRAUD,606
05, OFFENSES RELATED TO CHILDREN,55
05, OTHER OFFENSES RELATED TO THEF,348
05, OTHER STATE LAWS,9
05, OTHER STATE LAWS NON PENAL LA,185
05, OTHER STATE LAWS NON PENAL LAW,1
05, PETIT LARCENY,28448
05, PETIT LARCENY OF MOTOR VEHICLE,33
05, POSSESSION OF STOLEN PROPERTY,1059
05, PROSTITUTION & RELATED OFFENSES,22
05, ROBBERY,6569
05, SEX CRIMES,1
05, THEFT OF SERVICES,111
05, THEFT-FRAUD,1867
05, UNAUTHORIZED USE OF A VEHICLE,500
05, UNLAWFUL POSS. WEAP. ON SCHOOL,3
05, VEHICLE AND TRAFFIC LAWS,1889
06, ABORTION,1
06, ADMINISTRATIVE CODE,396
06, AGRICULTURE & MRKTS LAW-UNCLASSIFIED,10
06, ALCOHOLIC BEVERAGE CONTROL LAW,28
06, ANTICIPATORY OFFENSES,2
06, ARSON,481
06, ASSAULT 3 & RELATED OFFENSES,18086
06, "BURGLARS TOOLS",77
06, BURGLARY,6484
06, CHILD ABANDONMENT/NON SUPPORT,13
06, CRIMINAL MISCHIEF & RELATED OF,17191
06, CRIMINAL TRESPASS,2386
06, DANGEROUS DRUGS,12517
06, DANGEROUS WEAPONS,4383
06, DISORDERLY CONDUCT,27
06, ENDAN WELFARE INCOMP,4
06, ESCAPE 3,6
06, FELONY ASSAULT,6540
06, FORGERY,1815
06, FRAUDS,1098
06, FRAUDULENT ACCOSTING,91
06, GAMBLING,87
06, GRAND LARCENY,14601
06, GRAND LARCENY OF MOTOR VEHICLE,3381
06, HARRASSMENT 2,21354
06, HOMICIDE-NEGLIGENT-VEHICLE,1
06, INTOXICATED & IMPAIRED DRIVING,2544
06, INTOXICATED/IMPAIRED DRIVING,1
06, JOSTLING,14
06, KIDNAPPING,1
06, KIDNAPPING & RELATED OFFENSES,75
06, LOITERING/GAMBLING CARDS DIC,12
06, MISCELLANEOUS PENAL LAW,4372
06, NEW YORK CITY HEALTH CODE,4
06, NYS LAWS-UNCLASSIFIED FELONY,119
06, OFF. AGNST PUB ORD SENSBLTY &,9634
06, OFFENSES AGAINST PUBLIC ADMINI,3718
06, OFFENSES AGAINST PUBLIC SAFETY,28
06, OFFENSES AGAINST THE PERSON,412
06, OFFENSES INVOLVING FRAUD,623
06, OFFENSES RELATED TO CHILDREN,41
06, OTHER OFFENSES RELATED TO THEF,379
06, OTHER STATE LAWS,10
06, OTHER STATE LAWS NON PENAL LA,186
06, PETIT LARCENY,28366
06, PETIT LARCENY OF MOTOR VEHICLE,39
06, POSSESSION OF STOLEN PROPERTY,1017
06, PROSTITUTION & RELATED OFFENSES,14
06, ROBBERY,6551
06, SEX CRIMES,3
06, THEFT OF SERVICES,104
06, THEFT-FRAUD,1775
06, UNAUTHORIZED USE OF A VEHICLE,504
06, UNLAWFUL POSS. WEAP. ON SCHOOL,2
06, VEHICLE AND TRAFFIC LAWS,1836
07, ABORTION,1
07, ADMINISTRATIVE CODE,371
07, AGRICULTURE & MRKTS LAW-UNCLASSIFIED,6
07, ALCOHOLIC BEVERAGE CONTROL LAW,25
07, ANTICIPATORY OFFENSES,4
07, ARSON,470
07, ASSAULT 3 & RELATED OFFENSES,18343
07, "BURGLARS TOOLS",101
07, BURGLARY,6438
07, CHILD ABANDONMENT/NON SUPPORT,10
07, CRIMINAL MISCHIEF & RELATED OF,17043
07, CRIMINAL TRESPASS,2332
07, DANGEROUS DRUGS,12331
07, DANGEROUS WEAPONS,4429
07, DISORDERLY CONDUCT,31
07, DISRUPTION OF A RELIGIOUS SERV,1
07, ENDAN WELFARE INCOMP,3
07, ESCAPE 3,9
07, FELONY ASSAULT,6587
07, FORGERY,1758
07, FORTUNE TELLING,3
07, FRAUDS,1131
07, FRAUDULENT ACCOSTING,102
07, GAMBLING,80
07, GRAND LARCENY,14735
07, GRAND LARCENY OF MOTOR VEHICLE,3306
07, HARRASSMENT 2,21656
07, HOMICIDE-NEGLIGENT-VEHICLE,7
07, HOMICIDE-NEGLIGENTUNCLASSIFIE,1
07, INTOXICATED & IMPAIRED DRIVING,2449
07, JOSTLING,9
07, KIDNAPPING & RELATED OFFENSES,70
07, LOITERING FOR DRUG PURPOSES,2
07, LOITERING/DEVIATE SEX,2
07, LOITERING/GAMBLING CARDS DIC,12
07, MISCELLANEOUS PENAL LAW,4250
07, NEW YORK CITY HEALTH CODE,3
07, NYS LAWS-UNCLASSIFIED FELONY,119
07, NYS LAWS-UNCLASSIFIED VIOLATION,1
07, OFF. AGNST PUB ORD SENSBLTY &,9656
07, OFFENSES AGAINST PUBLIC ADMINI,3484
07, OFFENSES AGAINST PUBLIC SAFETY,20
07, OFFENSES AGAINST THE PERSON,443
07, OFFENSES INVOLVING FRAUD,678
07, OFFENSES RELATED TO CHILDREN,36
07, OTHER OFFENSES RELATED TO THEF,376
07, OTHER STATE LAWS,4
07, OTHER STATE LAWS NON PENAL LA,200
07, PETIT LARCENY,28535
07, PETIT LARCENY OF MOTOR VEHICLE,24
07, POSSESSION OF STOLEN PROPERTY,957
07, PROSTITUTION & RELATED OFFENSES,15
07, ROBBERY,6802
07, SEX CRIMES,3
07, THEFT OF SERVICES,99
07, THEFT-FRAUD,1801
07, UNAUTHORIZED USE OF A VEHICLE,478
07, UNLAWFUL POSS. WEAP. ON SCHOOL,4
07, VEHICLE AND TRAFFIC LAWS,2006
08, ADMINISTRATIVE CODE,392
08, AGRICULTURE & MRKTS LAW-UNCLASSIFIED,9
08, ALCOHOLIC BEVERAGE CONTROL LAW,26
08, ANTICIPATORY OFFENSES,1
08, ARSON,475
08, ASSAULT 3 & RELATED OFFENSES,18147
08, "BURGLARS TOOLS",95
08, BURGLARY,6440
08, CHILD ABANDONMENT/NON SUPPORT,9
08, CRIMINAL MISCHIEF & RELATED OF,17422
08, CRIMINAL TRESPASS,2357
08, DANGEROUS DRUGS,12731
08, DANGEROUS WEAPONS,4306
08, DISORDERLY CONDUCT,28
08, DISRUPTION OF A RELIGIOUS SERV,3
08, ENDAN WELFARE INCOMP,8
08, ESCAPE 3,5
08, FELONY ASSAULT,6317
08, FORGERY,1831
08, FORTUNE TELLING,1
08, FRAUDS,1060
08, FRAUDULENT ACCOSTING,94
08, GAMBLING,84
08, GRAND LARCENY,14457
08, GRAND LARCENY OF MOTOR VEHICLE,3400
08, HARRASSMENT 2,21652
08, HOMICIDE-NEGLIGENT-VEHICLE,4
08, HOMICIDE-NEGLIGENTUNCLASSIFIE,1
08, INTOXICATED & IMPAIRED DRIVING,2408
08, INTOXICATED/IMPAIRED DRIVING,4
08, JOSTLING,10
08, KIDNAPPING & RELATED OFFENSES,72
08, LOITERING,1
08, LOITERING/GAMBLING CARDS DIC,3
08, MISCELLANEOUS PENAL LAW,4163
08, NYS LAWS-UNCLASSIFIED FELONY,130
08, OFF. AGNST PUB ORD SENSBLTY &,9486
08, OFFENSES AGAINST PUBLIC ADMINI,3584
08, OFFENSES AGAINST PUBLIC SAFETY,20
08, OFFENSES AGAINST THE PERSON,439
08, OFFENSES INVOLVING FRAUD,670
08, OFFENSES RELATED TO CHILDREN,53
08, OTHER OFFENSES RELATED TO THEF,352
08, OTHER STATE LAWS,7
08, OTHER STATE LAWS NON PENAL LA,182
08, PETIT LARCENY,28279
08, PETIT LARCENY OF MOTOR VEHICLE,26
08, POSSESSION OF STOLEN PROPERTY,1040
08, PROSTITUTION & RELATED OFFENSES,11
08, ROBBERY,6623
08, SEX CRIMES,1
08, THEFT OF SERVICES,113
08, THEFT-FRAUD,1699
08, UNAUTHORIZED USE OF A VEHICLE,539
08, UNLAWFUL POSS. WEAP. ON SCHOOL,5
08, VEHICLE AND TRAFFIC LAWS,1897
09, ADMINISTRATIVE CODE,393
09, AGRICULTURE & MRKTS LAW-UNCLASSIFIED,10
09, ALCOHOLIC BEVERAGE CONTROL LAW,20
09, ANTICIPATORY OFFENSES,5
09, ARSON,524
09, ASSAULT 3 & RELATED OFFENSES,18431
09, "BURGLARS TOOLS",82
09, BURGLARY,6533
09, CHILD ABANDONMENT/NON SUPPORT,12
09, CRIMINAL MISCHIEF & RELATED OF,17372
09, CRIMINAL TRESPASS,2412
09, DANGEROUS DRUGS,12744
09, DANGEROUS WEAPONS,4415
09, DISORDERLY CONDUCT,26
09, DISRUPTION OF A RELIGIOUS SERV,2
09, ENDAN WELFARE INCOMP,6
09, ESCAPE 3,4
09, FELONY ASSAULT,6539
09, FORGERY,1779
09, FORTUNE TELLING,1
09, FRAUDS,1074
09, FRAUDULENT ACCOSTING,106
09, GAMBLING,70
09, GRAND LARCENY,14731
09, GRAND LARCENY OF MOTOR VEHICLE,3443
09, HARRASSMENT 2,21729
09, HOMICIDE-NEGLIGENT-VEHICLE,2
09, INTOXICATED & IMPAIRED DRIVING,2348
09, JOSTLING,13
09, KIDNAPPING & RELATED OFFENSES,68
09, LOITERING,1
09, LOITERING/GAMBLING CARDS DIC,6
09, MISCELLANEOUS PENAL LAW,4354
09, NEW YORK CITY HEALTH CODE,1
09, NYS LAWS-UNCLASSIFIED FELONY,143
09, NYS LAWS-UNCLASSIFIED VIOLATION,1
09, OFF. AGNST PUB ORD SENSBLTY &,9614
09, OFFENSES AGAINST PUBLIC ADMINI,3579
09, OFFENSES AGAINST PUBLIC SAFETY,11
09, OFFENSES AGAINST THE PERSON,433
09, OFFENSES INVOLVING FRAUD,657
09, OFFENSES RELATED TO CHILDREN,57
09, OTHER OFFENSES RELATED TO THEF,372
09, OTHER STATE LAWS,9
09, OTHER STATE LAWS NON PENAL LA,185
09, OTHER STATE LAWS NON PENAL LAW,1
09, OTHER TRAFFIC INFRACTION,1
09, PETIT LARCENY,28365
09, PETIT LARCENY OF MOTOR VEHICLE,32
09, POSSESSION OF STOLEN PROPERTY,1026
09, PROSTITUTION & RELATED OFFENSES,20
09, ROBBERY,6659
09, SEX CRIMES,7
09, THEFT OF SERVICES,87
09, THEFT-FRAUD,1670
09, UNAUTHORIZED USE OF A VEHICLE,460
09, VEHICLE AND TRAFFIC LAWS,1841
10, ADMINISTRATIVE CODE,409
10, ADMINISTRATIVE CODES,2
10, AGRICULTURE & MRKTS LAW-UNCLASSIFIED,5
10, ALCOHOLIC BEVERAGE CONTROL LAW,25
10, ANTICIPATORY OFFENSES,4
10, ARSON,470
10, ASSAULT 3 & RELATED OFFENSES,18359
10, "BURGLARS TOOLS",84
10, BURGLARY,6678
10, CHILD ABANDONMENT/NON SUPPORT,10
10, CRIMINAL MISCHIEF & RELATED OF,18164
10, CRIMINAL TRESPASS,2412
10, DANGEROUS DRUGS,12840
10, DANGEROUS WEAPONS,4488
10, DISORDERLY CONDUCT,20
10, DISRUPTION OF A RELIGIOUS SERV,1
10, ENDAN WELFARE INCOMP,6
10, ESCAPE 3,4
10, FELONY ASSAULT,6526
10, FORGERY,1885
10, FRAUDS,1209
10, FRAUDULENT ACCOSTING,107
10, GAMBLING,80
10, GRAND LARCENY,15290
10, GRAND LARCENY OF MOTOR VEHICLE,3616
10, HARRASSMENT 2,22442
10, HOMICIDE-NEGLIGENT-VEHICLE,2
10, HOMICIDE-NEGLIGENTUNCLASSIFIE,3
10, INTOXICATED & IMPAIRED DRIVING,2319
10, INTOXICATED/IMPAIRED DRIVING,2
10, JOSTLING,14
10, KIDNAPPING & RELATED OFFENSES,67
10, LOITERING,1
10, LOITERING FOR DRUG PURPOSES,2
10, LOITERING/GAMBLING CARDS DIC,6
10, MISCELLANEOUS PENAL LAW,4386
10, NEW YORK CITY HEALTH CODE,2
10, NYS LAWS-UNCLASSIFIED FELONY,145
10, OFF. AGNST PUB ORD SENSBLTY &,10467
10, OFFENSES AGAINST PUBLIC ADMINI,3540
10, OFFENSES AGAINST PUBLIC SAFETY,21
10, OFFENSES AGAINST THE PERSON,409
10, OFFENSES INVOLVING FRAUD,691
10, OFFENSES RELATED TO CHILDREN,47
10, OTHER OFFENSES RELATED TO THEF,359
10, OTHER STATE LAWS,5
10, OTHER STATE LAWS NON PENAL LA,204
10, PETIT LARCENY,29399
10, PETIT LARCENY OF MOTOR VEHICLE,30
10, POSSESSION OF STOLEN PROPERTY,1042
10, PROSTITUTION & RELATED OFFENSES,28
10, ROBBERY,6744
10, SEX CRIMES,2
10, THEFT OF SERVICES,108
10, THEFT-FRAUD,2030
10, UNAUTHORIZED USE OF A VEHICLE,476
10, UNLAWFUL POSS. WEAP. ON SCHOOL,2
10, VEHICLE AND TRAFFIC LAWS,1908
11, ADMINISTRATIVE CODE,408
11, ADMINISTRATIVE CODES,1
11, AGRICULTURE & MRKTS LAW-UNCLASSIFIED,2
11, ALCOHOLIC BEVERAGE CONTROL LAW,23
11, ANTICIPATORY OFFENSES,3
11, ARSON,456
11, ASSAULT 3 & RELATED OFFENSES,18490
11, "BURGLARS TOOLS",106
11, BURGLARY,6462
11, CHILD ABANDONMENT/NON SUPPORT,15
11, CRIMINAL MISCHIEF & RELATED OF,17338
11, CRIMINAL TRESPASS,2446
11, DANGEROUS DRUGS,12917
11, DANGEROUS WEAPONS,4538
11, DISORDERLY CONDUCT,23
11, DISRUPTION OF A RELIGIOUS SERV,3
11, ENDAN WELFARE INCOMP,8
11, ESCAPE 3,4
11, FELONY ASSAULT,6566
11, FORGERY,1776
11, FRAUDS,1094
11, FRAUDULENT ACCOSTING,110
11, GAMBLING,61
11, GRAND LARCENY,14535
11, GRAND LARCENY OF MOTOR VEHICLE,3439
11, HARRASSMENT 2,21407
11, HOMICIDE-NEGLIGENT-VEHICLE,3
11, HOMICIDE-NEGLIGENTUNCLASSIFIE,2
11, INTOXICATED & IMPAIRED DRIVING,2360
11, INTOXICATED/IMPAIRED DRIVING,1
11, JOSTLING,10
11, KIDNAPPING,1
11, KIDNAPPING & RELATED OFFENSES,102
11, LOITERING FOR DRUG PURPOSES,1
11, LOITERING/DEVIATE SEX,1
11, LOITERING/GAMBLING CARDS DIC,4
11, MISCELLANEOUS PENAL LAW,4291
11, NEW YORK CITY HEALTH CODE,1
11, NYS LAWS-UNCLASSIFIED FELONY,138
11, OFF. AGNST PUB ORD SENSBLTY &,9376
11, OFFENSES AGAINST PUBLIC ADMINI,3593
11, OFFENSES AGAINST PUBLIC SAFETY,11
11, OFFENSES AGAINST THE PERSON,415
11, OFFENSES INVOLVING FRAUD,646
11, OFFENSES RELATED TO CHILDREN,42
11, OTHER OFFENSES RELATED TO THEF,362
11, OTHER STATE LAWS,9
11, OTHER STATE LAWS NON PENAL LA,189
11, OTHER STATE LAWS NON PENAL LAW,2
11, PETIT LARCENY,28584
11, PETIT LARCENY OF MOTOR VEHICLE,25
11, POSSESSION OF STOLEN PROPERTY,1036
11, PROSTITUTION & RELATED OFFENSES,41
11, ROBBERY,6792
11, SEX CRIMES,3
11, THEFT OF SERVICES,100
11, THEFT-FRAUD,1813
11, UNAUTHORIZED USE OF A VEHICLE,482
11, UNLAWFUL POSS. WEAP. ON SCHOOL,2
11, VEHICLE AND TRAFFIC LAWS,1939
12, ADMINISTRATIVE CODE,401
12, AGRICULTURE & MRKTS LAW-UNCLASSIFIED,9
12, ALCOHOLIC BEVERAGE CONTROL LAW,20
12, ANTICIPATORY OFFENSES,3
12, ARSON,471
12, ASSAULT 3 & RELATED OFFENSES,18658
12, "BURGLARS TOOLS",101
12, BURGLARY,6638
12, CHILD ABANDONMENT/NON SUPPORT,10
12, CRIMINAL MISCHIEF & RELATED OF,17580
12, CRIMINAL TRESPASS,2402
12, DANGEROUS DRUGS,13018
12, DANGEROUS WEAPONS,4474
12, DISORDERLY CONDUCT,26
12, DISRUPTION OF A RELIGIOUS SERV,4
12, ENDAN WELFARE INCOMP,4
12, ESCAPE 3,5
12, FELONY ASSAULT,6555
12, FORGERY,1922
12, FRAUDS,1118
12, FRAUDULENT ACCOSTING,102
12, GAMBLING,86
12, GRAND LARCENY,14833
12, GRAND LARCENY OF MOTOR VEHICLE,3397
12, HARRASSMENT 2,21865
12, HOMICIDE-NEGLIGENT-VEHICLE,1
12, HOMICIDE-NEGLIGENTUNCLASSIFIE,1
12, INTOXICATED & IMPAIRED DRIVING,2475
12, INTOXICATED/IMPAIRED DRIVING,3
12, JOSTLING,11
12, KIDNAPPING & RELATED OFFENSES,72
12, LOITERING FOR DRUG PURPOSES,1
12, LOITERING/DEVIATE SEX,1
12, LOITERING/GAMBLING CARDS DIC,11
12, MISCELLANEOUS PENAL LAW,4242
12, NEW YORK CITY HEALTH CODE,3
12, NYS LAWS-UNCLASSIFIED FELONY,146
12, NYS LAWS-UNCLASSIFIED VIOLATION,2
12, OFF. AGNST PUB ORD SENSBLTY &,9677
12, OFFENSES AGAINST PUBLIC ADMINI,3452
12, OFFENSES AGAINST PUBLIC SAFETY,13
12, OFFENSES AGAINST THE PERSON,435
12, OFFENSES INVOLVING FRAUD,623
12, OFFENSES RELATED TO CHILDREN,60
12, OTHER OFFENSES RELATED TO THEF,383
12, OTHER STATE LAWS,11
12, OTHER STATE LAWS NON PENAL LA,222
12, PETIT LARCENY,28977
12, PETIT LARCENY OF MOTOR VEHICLE,33
12, POSSESSION OF STOLEN PROPERTY,1083
12, PROSTITUTION & RELATED OFFENSES,44
12, ROBBERY,6849
12, SEX CRIMES,3
12, THEFT OF SERVICES,115
12, THEFT-FRAUD,1828
12, UNAUTHORIZED USE OF A VEHICLE,471
12, UNDER THE INFLUENCE OF DRUGS,1
12, UNLAWFUL POSS. WEAP. ON SCHOOL,3
12, VEHICLE AND TRAFFIC LAWS,1929
13, ADMINISTRATIVE CODE,399
13, AGRICULTURE & MRKTS LAW-UNCLASSIFIED,7
13, ALCOHOLIC BEVERAGE CONTROL LAW,33
13, ANTICIPATORY OFFENSES,3
13, ARSON,468
13, ASSAULT 3 & RELATED OFFENSES,18407
13, "BURGLARS TOOLS",75
13, BURGLARY,6607
13, CHILD ABANDONMENT/NON SUPPORT,14
13, CRIMINAL MISCHIEF & RELATED OF,17260
13, CRIMINAL TRESPASS,2342
13, DANGEROUS DRUGS,12578
13, DANGEROUS WEAPONS,4470
13, DISORDERLY CONDUCT,29
13, ENDAN WELFARE INCOMP,3
13, ESCAPE 3,4
13, FELONY ASSAULT,6570
13, FORGERY,1852
13, FRAUDS,1063
13, FRAUDULENT ACCOSTING,90
13, GAMBLING,76
13, GRAND LARCENY,14707
13, GRAND LARCENY OF MOTOR VEHICLE,3388
13, HARRASSMENT 2,21383
13, HOMICIDE-NEGLIGENT-VEHICLE,2
13, HOMICIDE-NEGLIGENTUNCLASSIFIE,2
13, INTOXICATED & IMPAIRED DRIVING,2562
13, INTOXICATED/IMPAIRED DRIVING,3
13, JOSTLING,8
13, KIDNAPPING & RELATED OFFENSES,55
13, LOITERING FOR DRUG PURPOSES,1
13, LOITERING/GAMBLING CARDS DIC,7
13, MISCELLANEOUS PENAL LAW,4320
13, NEW YORK CITY HEALTH CODE,3
13, NYS LAWS-UNCLASSIFIED FELONY,135
13, NYS LAWS-UNCLASSIFIED VIOLATION,2
13, OFF. AGNST PUB ORD SENSBLTY &,9558
13, OFFENSES AGAINST PUBLIC ADMINI,3634
13, OFFENSES AGAINST PUBLIC SAFETY,15
13, OFFENSES AGAINST THE PERSON,434
13, OFFENSES INVOLVING FRAUD,640
13, OFFENSES RELATED TO CHILDREN,34
13, OTHER OFFENSES RELATED TO THEF,384
13, OTHER STATE LAWS,8
13, OTHER STATE LAWS NON PENAL LA,187
13, PETIT LARCENY,28578
13, PETIT LARCENY OF MOTOR VEHICLE,30
13, POSSESSION OF STOLEN PROPERTY,1069
13, PROSTITUTION & RELATED OFFENSES,34
13, ROBBERY,6838
13, SEX CRIMES,3
13, THEFT OF SERVICES,107
13, THEFT-FRAUD,1760
13, UNAUTHORIZED USE OF A VEHICLE,442
13, VEHICLE AND TRAFFIC LAWS,2003
14, ADMINISTRATIVE CODE,353
14, ADMINISTRATIVE CODES,2
14, AGRICULTURE & MRKTS LAW-UNCLASSIFIED,7
14, ALCOHOLIC BEVERAGE CONTROL LAW,35
14, ANTICIPATORY OFFENSES,9
14, ARSON,439
14, ASSAULT 3 & RELATED OFFENSES,18462
14, "BURGLARS TOOLS",79
14, BURGLARY,6608
14, CHILD ABANDONMENT/NON SUPPORT,15
14, CRIMINAL MISCHIEF & RELATED OF,17561
14, CRIMINAL TRESPASS,2379
14, DANGEROUS DRUGS,12084
14, DANGEROUS WEAPONS,4283
14, DISORDERLY CONDUCT,31
14, DISRUPTION OF A RELIGIOUS SERV,3
14, ENDAN WELFARE INCOMP,6
14, ESCAPE 3,8
14, FELONY ASSAULT,6410
14, FORGERY,1773
14, FRAUDS,1082
14, FRAUDULENT ACCOSTING,95
14, GAMBLING,95
14, GRAND LARCENY,15054
14, GRAND LARCENY OF MOTOR VEHICLE,3509
14, HARRASSMENT 2,21610
14, HOMICIDE-NEGLIGENT-VEHICLE,8
14, INTOXICATED & IMPAIRED DRIVING,2416
14, INTOXICATED/IMPAIRED DRIVING,1
14, JOSTLING,12
14, KIDNAPPING & RELATED OFFENSES,82
14, LOITERING FOR DRUG PURPOSES,3
14, LOITERING/DEVIATE SEX,3
14, LOITERING/GAMBLING CARDS DIC,6
14, MISCELLANEOUS PENAL LAW,4330
14, NEW YORK CITY HEALTH CODE,1
14, NYS LAWS-UNCLASSIFIED FELONY,140
14, OFF. AGNST PUB ORD SENSBLTY &,9643
14, OFFENSES AGAINST PUBLIC ADMINI,3520
14, OFFENSES AGAINST PUBLIC SAFETY,20
14, OFFENSES AGAINST THE PERSON,454
14, OFFENSES INVOLVING FRAUD,663
14, OFFENSES RELATED TO CHILDREN,46
14, OTHER OFFENSES RELATED TO THEF,307
14, OTHER STATE LAWS,13
14, OTHER STATE LAWS NON PENAL LA,200
14, PETIT LARCENY,28976
14, PETIT LARCENY OF MOTOR VEHICLE,33
14, POSSESSION OF STOLEN PROPERTY,1088
14, PROSTITUTION & RELATED OFFENSES,38
14, ROBBERY,6728
14, SEX CRIMES,2
14, THEFT OF SERVICES,88
14, THEFT-FRAUD,1853
14, UNAUTHORIZED USE OF A VEHICLE,458
14, UNLAWFUL POSS. WEAP. ON SCHOOL,2
14, VEHICLE AND TRAFFIC LAWS,1943
15, ADMINISTRATIVE CODE,432
15, ADMINISTRATIVE CODES,1
15, AGRICULTURE & MRKTS LAW-UNCLASSIFIED,11
15, ALCOHOLIC BEVERAGE CONTROL LAW,34
15, ANTICIPATORY OFFENSES,6
15, ARSON,465
15, ASSAULT 3 & RELATED OFFENSES,18595
15, "BURGLARS TOOLS",92
15, BURGLARY,6677
15, CHILD ABANDONMENT/NON SUPPORT,13
15, CRIMINAL MISCHIEF & RELATED OF,18536
15, CRIMINAL TRESPASS,2336
15, DANGEROUS DRUGS,12347
15, DANGEROUS WEAPONS,4269
15, DISORDERLY CONDUCT,18
15, ENDAN WELFARE INCOMP,8
15, ESCAPE 3,2
15, FELONY ASSAULT,6562
15, FORGERY,1869
15, FRAUDS,1307
15, FRAUDULENT ACCOSTING,92
15, GAMBLING,89
15, GRAND LARCENY,16120
15, GRAND LARCENY OF MOTOR VEHICLE,3537
15, HARRASSMENT 2,22814
15, HOMICIDE-NEGLIGENT-VEHICLE,4
15, HOMICIDE-NEGLIGENTUNCLASSIFIE,1
15, INTOXICATED & IMPAIRED DRIVING,2486
15, INTOXICATED/IMPAIRED DRIVING,1
15, JOSTLING,9
15, KIDNAPPING,1
15, KIDNAPPING & RELATED OFFENSES,75
15, LOITERING,1
15, LOITERING/DEVIATE SEX,1
15, LOITERING/GAMBLING CARDS DIC,12
15, MISCELLANEOUS PENAL LAW,4468
15, NEW YORK CITY HEALTH CODE,3
15, NYS LAWS-UNCLASSIFIED FELONY,142
15, OFF. AGNST PUB ORD SENSBLTY &,11203
15, OFFENSES AGAINST PUBLIC ADMINI,3573
15, OFFENSES AGAINST PUBLIC SAFETY,19
15, OFFENSES AGAINST THE PERSON,395
15, OFFENSES INVOLVING FRAUD,635
15, OFFENSES RELATED TO CHILDREN,28
15, OTHER OFFENSES RELATED TO THEF,369
15, OTHER STATE LAWS,8
15, OTHER STATE LAWS NON PENAL LA,212
15, PETIT LARCENY,30204
15, PETIT LARCENY OF MOTOR VEHICLE,41
15, POSSESSION OF STOLEN PROPERTY,1066
15, PROSTITUTION & RELATED OFFENSES,27
15, ROBBERY,6933
15, SEX CRIMES,4
15, THEFT OF SERVICES,109
15, THEFT-FRAUD,2421
15, UNAUTHORIZED USE OF A VEHICLE,591
15, UNLAWFUL POSS. WEAP. ON SCHOOL,1
15, VEHICLE AND TRAFFIC LAWS,1913
16, ADMINISTRATIVE CODE,375
16, ADMINISTRATIVE CODES,2
16, AGRICULTURE & MRKTS LAW-UNCLASSIFIED,6
16, ALCOHOLIC BEVERAGE CONTROL LAW,22
16, ANTICIPATORY OFFENSES,3
16, ARSON,461
16, ASSAULT 3 & RELATED OFFENSES,18242
16, "BURGLARS TOOLS",76
16, BURGLARY,6584
16, CHILD ABANDONMENT/NON SUPPORT,9
16, CRIMINAL MISCHIEF & RELATED OF,17683
16, CRIMINAL TRESPASS,2315
16, DANGEROUS DRUGS,12232
16, DANGEROUS WEAPONS,4387
16, DISORDERLY CONDUCT,32
16, DISRUPTION OF A RELIGIOUS SERV,1
16, ENDAN WELFARE INCOMP,12
16, ESCAPE 3,7
16, FELONY ASSAULT,6438
16, FORGERY,1786
16, FRAUDS,1055
16, FRAUDULENT ACCOSTING,78
16, GAMBLING,59
16, GRAND LARCENY,14734
16, GRAND LARCENY OF MOTOR VEHICLE,3400
16, HARRASSMENT 2,21384
16, HOMICIDE-NEGLIGENT-VEHICLE,3
16, HOMICIDE-NEGLIGENTUNCLASSIFIE,1
16, INTOXICATED & IMPAIRED DRIVING,2453
16, INTOXICATED/IMPAIRED DRIVING,2
16, JOSTLING,14
16, KIDNAPPING & RELATED OFFENSES,84
16, LOITERING FOR DRUG PURPOSES,1
16, LOITERING/GAMBLING CARDS DIC,4
16, MISCELLANEOUS PENAL LAW,4301
16, NEW YORK CITY HEALTH CODE,2
16, NYS LAWS-UNCLASSIFIED FELONY,133
16, NYS LAWS-UNCLASSIFIED VIOLATION,2
16, OFF. AGNST PUB ORD SENSBLTY &,9654
16, OFFENSES AGAINST PUBLIC ADMINI,3551
16, OFFENSES AGAINST PUBLIC SAFETY,16
16, OFFENSES AGAINST THE PERSON,409
16, OFFENSES INVOLVING FRAUD,605
16, OFFENSES RELATED TO CHILDREN,55
16, OTHER OFFENSES RELATED TO THEF,383
16, OTHER STATE LAWS,12
16, OTHER STATE LAWS NON PENAL LA,178
16, PETIT LARCENY,28884
16, PETIT LARCENY OF MOTOR VEHICLE,29
16, POSSESSION OF STOLEN PROPERTY,1112
16, PROSTITUTION & RELATED OFFENSES,42
16, ROBBERY,6854
16, SEX CRIMES,1
16, THEFT OF SERVICES,132
16, THEFT-FRAUD,1749
16, UNAUTHORIZED USE OF A VEHICLE,468
16, UNLAWFUL POSS. WEAP. ON SCHOOL,2
16, VEHICLE AND TRAFFIC LAWS,1943
17, ADMINISTRATIVE CODE,406
17, AGRICULTURE & MRKTS LAW-UNCLASSIFIED,7
17, ALCOHOLIC BEVERAGE CONTROL LAW,25
17, ANTICIPATORY OFFENSES,4
17, ARSON,477
17, ASSAULT 3 & RELATED OFFENSES,18567
17, "BURGLARS TOOLS",81
17, BURGLARY,6759
17, CHILD ABANDONMENT/NON SUPPORT,12
17, CRIMINAL MISCHIEF & RELATED OF,17536
17, CRIMINAL TRESPASS,2234
17, DANGEROUS DRUGS,12153
17, DANGEROUS WEAPONS,4480
17, DISORDERLY CONDUCT,39
17, DISRUPTION OF A RELIGIOUS SERV,1
17, ENDAN WELFARE INCOMP,2
17, ESCAPE 3,9
17, FELONY ASSAULT,6597
17, FORGERY,1842
17, FRAUDS,1116
17, FRAUDULENT ACCOSTING,80
17, GAMBLING,81
17, GRAND LARCENY,14975
17, GRAND LARCENY OF MOTOR VEHICLE,3509
17, HARRASSMENT 2,21557
17, HOMICIDE-NEGLIGENT-VEHICLE,1
17, HOMICIDE-NEGLIGENTUNCLASSIFIE,1
17, INTOXICATED & IMPAIRED DRIVING,2626
17, INTOXICATED/IMPAIRED DRIVING,2
17, JOSTLING,6
17, KIDNAPPING & RELATED OFFENSES,82
17, LOITERING,1
17, LOITERING/GAMBLING CARDS DIC,8
17, MISCELLANEOUS PENAL LAW,4247
17, NEW YORK CITY HEALTH CODE,3
17, NYS LAWS-UNCLASSIFIED FELONY,149
17, OFF. AGNST PUB ORD SENSBLTY &,9523
17, OFFENSES AGAINST PUBLIC ADMINI,3793
17, OFFENSES AGAINST PUBLIC SAFETY,16
17, OFFENSES AGAINST THE PERSON,407
17, OFFENSES INVOLVING FRAUD,649
17, OFFENSES RELATED TO CHILDREN,54
17, OTHER OFFENSES RELATED TO THEF,366
17, OTHER STATE LAWS,9
17, OTHER STATE LAWS NON PENAL LA,165
17, PETIT LARCENY,29067
17, PETIT LARCENY OF MOTOR VEHICLE,27
17, POSSESSION OF STOLEN PROPERTY,1007
17, PROSTITUTION & RELATED OFFENSES,33
17, ROBBERY,6651
17, SEX CRIMES,7
17, THEFT OF SERVICES,107
17, THEFT-FRAUD,1751
17, UNAUTHORIZED USE OF A VEHICLE,493
17, UNLAWFUL POSS. WEAP. ON SCHOOL,1
17, VEHICLE AND TRAFFIC LAWS,1978
18, ADMINISTRATIVE CODE,385
18, ADMINISTRATIVE CODES,3
18, AGRICULTURE & MRKTS LAW-UNCLASSIFIED,10
18, ALCOHOLIC BEVERAGE CONTROL LAW,22
18, ANTICIPATORY OFFENSES,2
18, ARSON,467
18, ASSAULT 3 & RELATED OFFENSES,18704
18, "BURGLARS TOOLS",99
18, BURGLARY,6629
18, CHILD ABANDONMENT/NON SUPPORT,11
18, CRIMINAL MISCHIEF & RELATED OF,17418
18, CRIMINAL TRESPASS,2238
18, DANGEROUS DRUGS,11974
18, DANGEROUS WEAPONS,4584
18, DISORDERLY CONDUCT,29
18, DISRUPTION OF A RELIGIOUS SERV,2
18, ENDAN WELFARE INCOMP,6
18, ESCAPE 3,5
18, FELONY ASSAULT,6488
18, FORGERY,1806
18, FORTUNE TELLING,1
18, FRAUDS,1057
18, FRAUDULENT ACCOSTING,83
18, GAMBLING,89
18, GRAND LARCENY,14813
18, GRAND LARCENY OF MOTOR VEHICLE,3470
18, HARRASSMENT 2,21553
18, HOMICIDE-NEGLIGENT-VEHICLE,1
18, HOMICIDE-NEGLIGENTUNCLASSIFIE,1
18, INTOXICATED & IMPAIRED DRIVING,2537
18, INTOXICATED/IMPAIRED DRIVING,1
18, JOSTLING,18
18, KIDNAPPING & RELATED OFFENSES,83
18, LOITERING/GAMBLING CARDS DIC,7
18, MISCELLANEOUS PENAL LAW,4244
18, NEW YORK CITY HEALTH CODE,2
18, NYS LAWS-UNCLASSIFIED FELONY,129
18, NYS LAWS-UNCLASSIFIED VIOLATION,2
18, OFF. AGNST PUB ORD SENSBLTY &,9623
18, OFFENSES AGAINST PUBLIC ADMINI,3427
18, OFFENSES AGAINST PUBLIC SAFETY,9
18, OFFENSES AGAINST THE PERSON,396
18, OFFENSES INVOLVING FRAUD,616
18, OFFENSES RELATED TO CHILDREN,66
18, OTHER OFFENSES RELATED TO THEF,375
18, OTHER STATE LAWS,6
18, OTHER STATE LAWS NON PENAL LA,208
18, PETIT LARCENY,29497
18, PETIT LARCENY OF MOTOR VEHICLE,35
18, POSSESSION OF STOLEN PROPERTY,997
18, PROSTITUTION & RELATED OFFENSES,22
18, ROBBERY,6884
18, SEX CRIMES,5
18, THEFT OF SERVICES,102
18, THEFT-FRAUD,1761
18, UNAUTHORIZED USE OF A VEHICLE,457
18, UNLAWFUL POSS. WEAP. ON SCHOOL,2
18, VEHICLE AND TRAFFIC LAWS,1954
19, ADMINISTRATIVE CODE,396
19, AGRICULTURE & MRKTS LAW-UNCLASSIFIED,8
19, ALCOHOLIC BEVERAGE CONTROL LAW,20
19, ANTICIPATORY OFFENSES,2
19, ARSON,478
19, ASSAULT 3 & RELATED OFFENSES,18346
19, "BURGLARS TOOLS",81
19, BURGLARY,6637
19, CHILD ABANDONMENT/NON SUPPORT,9
19, CRIMINAL MISCHIEF & RELATED OF,17132
19, CRIMINAL TRESPASS,2250
19, DANGEROUS DRUGS,11762
19, DANGEROUS WEAPONS,4323
19, DISORDERLY CONDUCT,20
19, DISRUPTION OF A RELIGIOUS SERV,4
19, ENDAN WELFARE INCOMP,1
19, ESCAPE 3,2
19, FELONY ASSAULT,6484
19, FORGERY,1764
19, FRAUDS,1088
19, FRAUDULENT ACCOSTING,87
19, GAMBLING,91
19, GRAND LARCENY,14674
19, GRAND LARCENY OF MOTOR VEHICLE,3472
19, HARRASSMENT 2,21015
19, HOMICIDE-NEGLIGENT-VEHICLE,1
19, INTOXICATED & IMPAIRED DRIVING,2363
19, INTOXICATED/IMPAIRED DRIVING,1
19, JOSTLING,9
19, KIDNAPPING & RELATED OFFENSES,76
19, LOITERING FOR DRUG PURPOSES,1
19, LOITERING/DEVIATE SEX,1
19, LOITERING/GAMBLING CARDS DIC,13
19, MISCELLANEOUS PENAL LAW,4327
19, NEW YORK CITY HEALTH CODE,5
19, NYS LAWS-UNCLASSIFIED FELONY,136
19, NYS LAWS-UNCLASSIFIED VIOLATION,1
19, OFF. AGNST PUB ORD SENSBLTY &,9330
19, OFFENSES AGAINST MARRIAGE UNCL,1
19, OFFENSES AGAINST PUBLIC ADMINI,3536
19, OFFENSES AGAINST PUBLIC SAFETY,12
19, OFFENSES AGAINST THE PERSON,421
19, OFFENSES INVOLVING FRAUD,596
19, OFFENSES RELATED TO CHILDREN,46
19, OTHER OFFENSES RELATED TO THEF,359
19, OTHER STATE LAWS,5
19, OTHER STATE LAWS NON PENAL LA,177
19, PETIT LARCENY,28749
19, PETIT LARCENY OF MOTOR VEHICLE,32
19, POSSESSION OF STOLEN PROPERTY,975
19, PROSTITUTION & RELATED OFFENSES,17
19, ROBBERY,6825
19, SEX CRIMES,3
19, THEFT OF SERVICES,110
19, THEFT-FRAUD,1628
19, UNAUTHORIZED USE OF A VEHICLE,485
19, UNLAWFUL POSS. WEAP. ON SCHOOL,1
19, VEHICLE AND TRAFFIC LAWS,1956
20, ADMINISTRATIVE CODE,458
20, AGRICULTURE & MRKTS LAW-UNCLASSIFIED,5
20, ALCOHOLIC BEVERAGE CONTROL LAW,28
20, ANTICIPATORY OFFENSES,1
20, ARSON,464
20, ASSAULT 3 & RELATED OFFENSES,18965
20, "BURGLARS TOOLS",108
20, BURGLARY,6862
20, CHILD ABANDONMENT/NON SUPPORT,16
20, CRIMINAL MISCHIEF & RELATED OF,18487
20, CRIMINAL TRESPASS,2243
20, DANGEROUS DRUGS,12715
20, DANGEROUS WEAPONS,4437
20, DISORDERLY CONDUCT,27
20, DISRUPTION OF A RELIGIOUS SERV,3
20, ENDAN WELFARE INCOMP,4
20, ESCAPE 3,7
20, FELONY ASSAULT,6556
20, FORGERY,1868
20, FRAUDS,1179
20, FRAUDULENT ACCOSTING,84
20, GAMBLING,65
20, GRAND LARCENY,15615
20, GRAND LARCENY OF MOTOR VEHICLE,3499
20, HARRASSMENT 2,22544
20, HOMICIDE-NEGLIGENT-VEHICLE,3
20, HOMICIDE-NEGLIGENTUNCLASSIFIE,2
20, INTOXICATED & IMPAIRED DRIVING,2368
20, INTOXICATED/IMPAIRED DRIVING,1
20, JOSTLING,15
20, KIDNAPPING & RELATED OFFENSES,79
20, LOITERING FOR DRUG PURPOSES,1
20, LOITERING/GAMBLING CARDS DIC,12
20, MISCELLANEOUS PENAL LAW,4225
20, NEW YORK CITY HEALTH CODE,3
20, NYS LAWS-UNCLASSIFIED FELONY,146
20, NYS LAWS-UNCLASSIFIED VIOLATION,1
20, OFF. AGNST PUB ORD SENSBLTY &,10740
20, OFFENSES AGAINST PUBLIC ADMINI,3662
20, OFFENSES AGAINST PUBLIC SAFETY,22
20, OFFENSES AGAINST THE PERSON,450
20, OFFENSES INVOLVING FRAUD,626
20, OFFENSES RELATED TO CHILDREN,46
20, OTHER OFFENSES RELATED TO THEF,383
20, OTHER STATE LAWS,9
20, OTHER STATE LAWS NON PENAL LA,227
20, PETIT LARCENY,30279
20, PETIT LARCENY OF MOTOR VEHICLE,18
20, POSSESSION OF STOLEN PROPERTY,968
20, PROSTITUTION & RELATED OFFENSES,26
20, ROBBERY,7133
20, SEX CRIMES,1
20, THEFT OF SERVICES,117
20, THEFT-FRAUD,2091
20, UNAUTHORIZED USE OF A VEHICLE,492
20, UNLAWFUL POSS. WEAP. ON SCHOOL,4
20, VEHICLE AND TRAFFIC LAWS,1964
21, ADMINISTRATIVE CODE,383
21, AGRICULTURE & MRKTS LAW-UNCLASSIFIED,6
21, ALCOHOLIC BEVERAGE CONTROL LAW,26
21, ANTICIPATORY OFFENSES,2
21, ARSON,453
21, ASSAULT 3 & RELATED OFFENSES,18634
21, "BURGLARS TOOLS",89
21, BURGLARY,6831
21, CHILD ABANDONMENT/NON SUPPORT,13
21, CRIMINAL MISCHIEF & RELATED OF,17547
21, CRIMINAL TRESPASS,2270
21, DANGEROUS DRUGS,11926
21, DANGEROUS WEAPONS,4384
21, DISORDERLY CONDUCT,24
21, DISRUPTION OF A RELIGIOUS SERV,1
21, ENDAN WELFARE INCOMP,7
21, ESCAPE 3,7
21, FELONY ASSAULT,6612
21, FORGERY,1811
21, FRAUDS,1018
21, FRAUDULENT ACCOSTING,81
21, GAMBLING,77
21, GRAND LARCENY,14636
21, GRAND LARCENY OF MOTOR VEHICLE,3491
21, HARRASSMENT 2,21566
21, HOMICIDE-NEGLIGENTUNCLASSIFIE,1
21, INTOXICATED & IMPAIRED DRIVING,2398
21, INTOXICATED/IMPAIRED DRIVING,1
21, JOSTLING,8
21, KIDNAPPING & RELATED OFFENSES,68
21, LOITERING/GAMBLING CARDS DIC,6
21, MISCELLANEOUS PENAL LAW,4249
21, NEW YORK CITY HEALTH CODE,5
21, NYS LAWS-UNCLASSIFIED FELONY,155
21, OFF. AGNST PUB ORD SENSBLTY &,9519
21, OFFENSES AGAINST PUBLIC ADMINI,3492
21, OFFENSES AGAINST PUBLIC SAFETY,19
21, OFFENSES AGAINST THE PERSON,403
21, OFFENSES INVOLVING FRAUD,595
21, OFFENSES RELATED TO CHILDREN,57
21, OTHER OFFENSES RELATED TO THEF,386
21, OTHER STATE LAWS,12
21, OTHER STATE LAWS NON PENAL LA,156
21, PETIT LARCENY,29552
21, PETIT LARCENY OF MOTOR VEHICLE,24
21, POSSESSION OF STOLEN PROPERTY,1009
21, PROSTITUTION & RELATED OFFENSES,27
21, ROBBERY,6995
21, THEFT OF SERVICES,129
21, THEFT-FRAUD,1744
21, UNAUTHORIZED USE OF A VEHICLE,463
21, UNLAWFUL POSS. WEAP. ON SCHOOL,2
21, VEHICLE AND TRAFFIC LAWS,1935
22, ADMINISTRATIVE CODE,351
22, ADMINISTRATIVE CODES,1
22, AGRICULTURE & MRKTS LAW-UNCLASSIFIED,3
22, ALCOHOLIC BEVERAGE CONTROL LAW,30
22, ANTICIPATORY OFFENSES,6
22, ARSON,470
22, ASSAULT 3 & RELATED OFFENSES,18727
22, "BURGLARS TOOLS",88
22, BURGLARY,6774
22, CHILD ABANDONMENT/NON SUPPORT,12
22, CRIMINAL MISCHIEF & RELATED OF,17640
22, CRIMINAL TRESPASS,2246
22, DANGEROUS DRUGS,11539
22, DANGEROUS WEAPONS,4245
22, DISORDERLY CONDUCT,22
22, DISRUPTION OF A RELIGIOUS SERV,1
22, ENDAN WELFARE INCOMP,2
22, ESCAPE 3,5
22, FELONY ASSAULT,6525
22, FORGERY,1775
22, FRAUDS,990
22, FRAUDULENT ACCOSTING,89
22, GAMBLING,68
22, GRAND LARCENY,14737
22, GRAND LARCENY OF MOTOR VEHICLE,3606
22, HARRASSMENT 2,21306
22, HOMICIDE-NEGLIGENT-VEHICLE,4
22, HOMICIDE-NEGLIGENTUNCLASSIFIE,1
22, INTOXICATED & IMPAIRED DRIVING,2417
22, INTOXICATED/IMPAIRED DRIVING,1
22, JOSTLING,15
22, KIDNAPPING & RELATED OFFENSES,71
22, LOITERING,2
22, LOITERING/GAMBLING CARDS DIC,5
22, MISCELLANEOUS PENAL LAW,4092
22, NEW YORK CITY HEALTH CODE,4
22, NYS LAWS-UNCLASSIFIED FELONY,114
22, NYS LAWS-UNCLASSIFIED VIOLATION,3
22, OFF. AGNST PUB ORD SENSBLTY &,9371
22, OFFENSES AGAINST PUBLIC ADMINI,3441
22, OFFENSES AGAINST PUBLIC SAFETY,19
22, OFFENSES AGAINST THE PERSON,400
22, OFFENSES INVOLVING FRAUD,572
22, OFFENSES RELATED TO CHILDREN,64
22, OTHER OFFENSES RELATED TO THEF,341
22, OTHER STATE LAWS,6
22, OTHER STATE LAWS NON PENAL LA,179
22, PETIT LARCENY,29435
22, PETIT LARCENY OF MOTOR VEHICLE,37
22, POSSESSION OF STOLEN PROPERTY,1047
22, PROSTITUTION & RELATED OFFENSES,42
22, ROBBERY,6980
22, SEX CRIMES,3
22, THEFT OF SERVICES,122
22, THEFT-FRAUD,1703
22, UNAUTHORIZED USE OF A VEHICLE,473
22, UNDER THE INFLUENCE OF DRUGS,1
22, UNLAWFUL POSS. WEAP. ON SCHOOL,5
22, VEHICLE AND TRAFFIC LAWS,1974
23, ADMINISTRATIVE CODE,372
23, AGRICULTURE & MRKTS LAW-UNCLASSIFIED,10
23, ALCOHOLIC BEVERAGE CONTROL LAW,22
23, ANTICIPATORY OFFENSES,2
23, ARSON,490
23, ASSAULT 3 & RELATED OFFENSES,18374
23, "BURGLARS TOOLS",67
23, BURGLARY,7000
23, CHILD ABANDONMENT/NON SUPPORT,20
23, CRIMINAL MISCHIEF & RELATED OF,17047
23, CRIMINAL TRESPASS,2209
23, DANGEROUS DRUGS,11465
23, DANGEROUS WEAPONS,4091
23, DISORDERLY CONDUCT,32
23, DISRUPTION OF A RELIGIOUS SERV,3
23, ENDAN WELFARE INCOMP,4
23, ESCAPE 3,6
23, FELONY ASSAULT,6543
23, FORGERY,1701
23, FORTUNE TELLING,1
23, FRAUDS,1011
23, FRAUDULENT ACCOSTING,95
23, GAMBLING,66
23, GRAND LARCENY,14870
23, GRAND LARCENY OF MOTOR VEHICLE,3538
23, HARRASSMENT 2,21230
23, HOMICIDE-NEGLIGENTUNCLASSIFIE,2
23, INTOXICATED & IMPAIRED DRIVING,2395
23, JOSTLING,8
23, KIDNAPPING & RELATED OFFENSES,78
23, LOITERING/GAMBLING CARDS DIC,7
23, MISCELLANEOUS PENAL LAW,4185
23, NEW YORK CITY HEALTH CODE,3
23, NYS LAWS-UNCLASSIFIED FELONY,132
23, NYS LAWS-UNCLASSIFIED VIOLATION,1
23, OFF. AGNST PUB ORD SENSBLTY &,9341
23, OFFENSES AGAINST MARRIAGE UNCL,1
23, OFFENSES AGAINST PUBLIC ADMINI,3451
23, OFFENSES AGAINST PUBLIC SAFETY,22
23, OFFENSES AGAINST THE PERSON,405
23, OFFENSES INVOLVING FRAUD,575
23, OFFENSES RELATED TO CHILDREN,36
23, OTHER OFFENSES RELATED TO THEF,382
23, OTHER STATE LAWS,3
23, OTHER STATE LAWS NON PENAL LA,174
23, OTHER STATE LAWS NON PENAL LAW,1
23, PETIT LARCENY,29507
23, PETIT LARCENY OF MOTOR VEHICLE,22
23, POSSESSION OF STOLEN PROPERTY,973
23, PROSTITUTION & RELATED OFFENSES,31
23, ROBBERY,7088
23, SEX CRIMES,2
23, THEFT OF SERVICES,119
23, THEFT-FRAUD,1690
23, UNAUTHORIZED USE OF A VEHICLE,469
23, UNLAWFUL POSS. WEAP. ON SCHOOL,2
23, VEHICLE AND TRAFFIC LAWS,1957
24, ABORTION,1
24, ADMINISTRATIVE CODE,367
24, ADMINISTRATIVE CODES,1
24, AGRICULTURE & MRKTS LAW-UNCLASSIFIED,5
24, ALCOHOLIC BEVERAGE CONTROL LAW,33
24, ANTICIPATORY OFFENSES,4
24, ARSON,412
24, ASSAULT 3 & RELATED OFFENSES,18348
24, "BURGLARS TOOLS",99
24, BURGLARY,6875
24, CHILD ABANDONMENT/NON SUPPORT,10
24, CRIMINAL MISCHIEF & RELATED OF,17383
24, CRIMINAL TRESPASS,2068
24, DANGEROUS DRUGS,10783
24, DANGEROUS WEAPONS,4024
24, DISORDERLY CONDUCT,31
24, ENDAN WELFARE INCOMP,4
24, ESCAPE 3,9
24, FELONY ASSAULT,6579
24, FORGERY,1624
24, FRAUDS,992
24, FRAUDULENT ACCOSTING,95
24, GAMBLING,74
24, GRAND LARCENY,14388
24, GRAND LARCENY OF MOTOR VEHICLE,3522
24, HARRASSMENT 2,21077
24, HOMICIDE-NEGLIGENT-VEHICLE,1
24, HOMICIDE-NEGLIGENTUNCLASSIFIE,1
24, INTOXICATED & IMPAIRED DRIVING,2258
24, INTOXICATED/IMPAIRED DRIVING,2
24, JOSTLING,11
24, KIDNAPPING & RELATED OFFENSES,71
24, LOITERING,1
24, LOITERING/GAMBLING CARDS DIC,3
24, MISCELLANEOUS PENAL LAW,4045
24, NEW YORK CITY HEALTH CODE,2
24, NYS LAWS-UNCLASSIFIED FELONY,120
24, NYS LAWS-UNCLASSIFIED VIOLATION,2
24, OFF. AGNST PUB ORD SENSBLTY &,9396
24, OFFENSES AGAINST PUBLIC ADMINI,3397
24, OFFENSES AGAINST PUBLIC SAFETY,18
24, OFFENSES AGAINST THE PERSON,406
24, OFFENSES INVOLVING FRAUD,559
24, OFFENSES RELATED TO CHILDREN,42
24, OTHER OFFENSES RELATED TO THEF,349
24, OTHER STATE LAWS,7
24, OTHER STATE LAWS NON PENAL LA,201
24, OTHER STATE LAWS NON PENAL LAW,1
24, PETIT LARCENY,29084
24, PETIT LARCENY OF MOTOR VEHICLE,33
24, POSSESSION OF STOLEN PROPERTY,975
24, PROSTITUTION & RELATED OFFENSES,31
24, ROBBERY,6956
24, SEX CRIMES,1
24, THEFT OF SERVICES,107
24, THEFT-FRAUD,1645
24, UNAUTHORIZED USE OF A VEHICLE,495
24, UNLAWFUL POSS. WEAP. ON SCHOOL,4
24, VEHICLE AND TRAFFIC LAWS,1906
25, ADMINISTRATIVE CODE,356
25, AGRICULTURE & MRKTS LAW-UNCLASSIFIED,7
25, ALCOHOLIC BEVERAGE CONTROL LAW,22
25, ANTICIPATORY OFFENSES,1
25, ARSON,461
25, ASSAULT 3 & RELATED OFFENSES,18923
25, "BURGLARS TOOLS",83
25, BURGLARY,6488
25, CHILD ABANDONMENT/NON SUPPORT,13
25, CRIMINAL MISCHIEF & RELATED OF,17673
25, CRIMINAL TRESPASS,2040
25, DANGEROUS DRUGS,10669
25, DANGEROUS WEAPONS,3904
25, DISORDERLY CONDUCT,42
25, ENDAN WELFARE INCOMP,6
25, ESCAPE 3,4
25, FELONY ASSAULT,6727
25, FORGERY,1654
25, FORTUNE TELLING,1
25, FRAUDS,976
25, FRAUDULENT ACCOSTING,78
25, GAMBLING,72
25, GRAND LARCENY,14137
25, GRAND LARCENY OF MOTOR VEHICLE,3514
25, HARRASSMENT 2,21280
25, HOMICIDE-NEGLIGENT-VEHICLE,4
25, INTOXICATED & IMPAIRED DRIVING,2368
25, INTOXICATED/IMPAIRED DRIVING,3
25, JOSTLING,13
25, KIDNAPPING & RELATED OFFENSES,88
25, LOITERING/DEVIATE SEX,2
25, LOITERING/GAMBLING CARDS DIC,5
25, MISCELLANEOUS PENAL LAW,4075
25, NEW YORK CITY HEALTH CODE,1
25, NYS LAWS-UNCLASSIFIED FELONY,140
25, OFF. AGNST PUB ORD SENSBLTY &,9660
25, OFFENSES AGAINST PUBLIC ADMINI,3313
25, OFFENSES AGAINST PUBLIC SAFETY,15
25, OFFENSES AGAINST THE PERSON,406
25, OFFENSES INVOLVING FRAUD,573
25, OFFENSES RELATED TO CHILDREN,28
25, OTHER OFFENSES RELATED TO THEF,330
25, OTHER STATE LAWS,7
25, OTHER STATE LAWS NON PENAL LA,144
25, PETIT LARCENY,28262
25, PETIT LARCENY OF MOTOR VEHICLE,34
25, POSSESSION OF STOLEN PROPERTY,1015
25, PROSTITUTION & RELATED OFFENSES,41
25, ROBBERY,6784
25, SEX CRIMES,1
25, THEFT OF SERVICES,96
25, THEFT-FRAUD,1677
25, UNAUTHORIZED USE OF A VEHICLE,444
25, VEHICLE AND TRAFFIC LAWS,1854
26, ABORTION,1
26, ADMINISTRATIVE CODE,394
26, AGRICULTURE & MRKTS LAW-UNCLASSIFIED,3
26, ALCOHOLIC BEVERAGE CONTROL LAW,24
26, ANTICIPATORY OFFENSES,4
26, ARSON,444
26, ASSAULT 3 & RELATED OFFENSES,18365
26, "BURGLARS TOOLS",88
26, BURGLARY,6511
26, CHILD ABANDONMENT/NON SUPPORT,12
26, CRIMINAL MISCHIEF & RELATED OF,17016
26, CRIMINAL TRESPASS,2059
26, DANGEROUS DRUGS,10794
26, DANGEROUS WEAPONS,4062
26, DISORDERLY CONDUCT,34
26, ENDAN WELFARE INCOMP,3
26, ESCAPE 3,7
26, FELONY ASSAULT,6583
26, FORGERY,1684
26, FORTUNE TELLING,1
26, FRAUDS,1003
26, FRAUDULENT ACCOSTING,98
26, GAMBLING,58
26, GRAND LARCENY,14128
26, GRAND LARCENY OF MOTOR VEHICLE,3433
26, HARRASSMENT 2,21058
26, HOMICIDE-NEGLIGENT-VEHICLE,3
26, HOMICIDE-NEGLIGENTUNCLASSIFIE,1
26, INTOXICATED & IMPAIRED DRIVING,2307
26, JOSTLING,13
26, KIDNAPPING,1
26, KIDNAPPING & RELATED OFFENSES,77
26, LOITERING/GAMBLING CARDS DIC,4
26, MISCELLANEOUS PENAL LAW,4046
26, NYS LAWS-UNCLASSIFIED FELONY,116
26, OFF. AGNST PUB ORD SENSBLTY &,9227
26, OFFENSES AGAINST PUBLIC ADMINI,3319
26, OFFENSES AGAINST PUBLIC SAFETY,18
26, OFFENSES AGAINST THE PERSON,394
26, OFFENSES INVOLVING FRAUD,573
26, OFFENSES RELATED TO CHILDREN,39
26, OTHER OFFENSES RELATED TO THEF,394
26, OTHER STATE LAWS,9
26, OTHER STATE LAWS NON PENAL LA,186
26, OTHER TRAFFIC INFRACTION,3
26, PETIT LARCENY,28574
26, PETIT LARCENY OF MOTOR VEHICLE,21
26, POSSESSION OF STOLEN PROPERTY,956
26, PROSTITUTION & RELATED OFFENSES,40
26, ROBBERY,6812
26, SEX CRIMES,2
26, THEFT OF SERVICES,110
26, THEFT-FRAUD,1648
26, UNAUTHORIZED USE OF A VEHICLE,466
26, UNLAWFUL POSS. WEAP. ON SCHOOL,1
26, VEHICLE AND TRAFFIC LAWS,1871
27, ADMINISTRATIVE CODE,371
27, AGRICULTURE & MRKTS LAW-UNCLASSIFIED,7
27, ALCOHOLIC BEVERAGE CONTROL LAW,37
27, ANTICIPATORY OFFENSES,2
27, ARSON,451
27, ASSAULT 3 & RELATED OFFENSES,18654
27, "BURGLARS TOOLS",81
27, BURGLARY,6590
27, CHILD ABANDONMENT/NON SUPPORT,14
27, CRIMINAL MISCHIEF & RELATED OF,17197
27, CRIMINAL TRESPASS,2122
27, DANGEROUS DRUGS,11156
27, DANGEROUS WEAPONS,4085
27, DISORDERLY CONDUCT,21
27, DISRUPTION OF A RELIGIOUS SERV,4
27, ENDAN WELFARE INCOMP,4
27, ESCAPE 3,1
27, FELONY ASSAULT,6579
27, FORGERY,1637
27, FRAUDS,1027
27, FRAUDULENT ACCOSTING,99
27, GAMBLING,73
27, GRAND LARCENY,14577
27, GRAND LARCENY OF MOTOR VEHICLE,3335
27, HARRASSMENT 2,20995
27, HOMICIDE-NEGLIGENT-VEHICLE,3
27, HOMICIDE-NEGLIGENTUNCLASSIFIE,2
27, INTOXICATED & IMPAIRED DRIVING,2490
27, INTOXICATED/IMPAIRED DRIVING,1
27, JOSTLING,8
27, KIDNAPPING,1
27, KIDNAPPING & RELATED OFFENSES,71
27, LOITERING,2
27, LOITERING/DEVIATE SEX,2
27, LOITERING/GAMBLING CARDS DIC,5
27, MISCELLANEOUS PENAL LAW,3964
27, NEW YORK CITY HEALTH CODE,2
27, NYS LAWS-UNCLASSIFIED FELONY,137
27, OFF. AGNST PUB ORD SENSBLTY &,9482
27, OFFENSES AGAINST MARRIAGE UNCL,1
27, OFFENSES AGAINST PUBLIC ADMINI,3348
27, OFFENSES AGAINST PUBLIC SAFETY,25
27, OFFENSES AGAINST THE PERSON,449
27, OFFENSES INVOLVING FRAUD,604
27, OFFENSES RELATED TO CHILDREN,40
27, OTHER OFFENSES RELATED TO THEF,333
27, OTHER STATE LAWS,5
27, OTHER STATE LAWS NON PENAL LA,178
27, OTHER TRAFFIC INFRACTION,2
27, PETIT LARCENY,28833
27, PETIT LARCENY OF MOTOR VEHICLE,29
27, POSSESSION OF STOLEN PROPERTY,974
27, PROSTITUTION & RELATED OFFENSES,21
27, ROBBERY,6859
27, SEX CRIMES,1
27, THEFT OF SERVICES,97
27, THEFT-FRAUD,1720
27, UNAUTHORIZED USE OF A VEHICLE,484
27, UNLAWFUL POSS. WEAP. ON SCHOOL,1
27, VEHICLE AND TRAFFIC LAWS,1869
28, ADMINISTRATIVE CODE,379
28, AGRICULTURE & MRKTS LAW-UNCLASSIFIED,6
28, ALCOHOLIC BEVERAGE CONTROL LAW,33
28, ANTICIPATORY OFFENSES,2
28, ARSON,472
28, ASSAULT 3 & RELATED OFFENSES,18564
28, "BURGLARS TOOLS",92
28, BURGLARY,6701
28, CHILD ABANDONMENT/NON SUPPORT,11
28, CRIMINAL MISCHIEF & RELATED OF,17338
28, CRIMINAL TRESPASS,2126
28, DANGEROUS DRUGS,10663
28, DANGEROUS WEAPONS,4017
28, DISORDERLY CONDUCT,32
28, ENDAN WELFARE INCOMP,5
28, ESCAPE 3,5
28, FELONY ASSAULT,6708
28, FORGERY,1731
28, FRAUDS,1026
28, FRAUDULENT ACCOSTING,80
28, GAMBLING,67
28, GRAND LARCENY,14838
28, GRAND LARCENY OF MOTOR VEHICLE,3483
28, HARRASSMENT 2,21091
28, HOMICIDE-NEGLIGENT-VEHICLE,1
28, HOMICIDE-NEGLIGENTUNCLASSIFIE,1
28, INTOXICATED & IMPAIRED DRIVING,2249
28, INTOXICATED/IMPAIRED DRIVING,3
28, JOSTLING,11
28, KIDNAPPING & RELATED OFFENSES,78
28, KIDNAPPING AND RELATED OFFENSES,1
28, LOITERING,1
28, LOITERING FOR DRUG PURPOSES,2
28, LOITERING/GAMBLING CARDS DIC,7
28, MISCELLANEOUS PENAL LAW,4132
28, NEW YORK CITY HEALTH CODE,2
28, NYS LAWS-UNCLASSIFIED FELONY,147
28, OFF. AGNST PUB ORD SENSBLTY &,9597
28, OFFENSES AGAINST PUBLIC ADMINI,3382
28, OFFENSES AGAINST PUBLIC SAFETY,14
28, OFFENSES AGAINST THE PERSON,409
28, OFFENSES INVOLVING FRAUD,557
28, OFFENSES RELATED TO CHILDREN,29
28, OTHER OFFENSES RELATED TO THEF,365
28, OTHER STATE LAWS,7
28, OTHER STATE LAWS NON PENAL LA,181
28, OTHER TRAFFIC INFRACTION,1
28, PETIT LARCENY,29011
28, PETIT LARCENY OF MOTOR VEHICLE,28
28, POSSESSION OF STOLEN PROPERTY,941
28, PROSTITUTION & RELATED OFFENSES,20
28, ROBBERY,6977
28, SEX CRIMES,2
28, THEFT OF SERVICES,104
28, THEFT-FRAUD,1721
28, UNAUTHORIZED USE OF A VEHICLE,430
28, UNDER THE INFLUENCE OF DRUGS,1
28, VEHICLE AND TRAFFIC LAWS,1991
29, ADMINISTRATIVE CODE,363
29, ADMINISTRATIVE CODES,1
29, AGRICULTURE & MRKTS LAW-UNCLASSIFIED,8
29, ALCOHOLIC BEVERAGE CONTROL LAW,25
29, ANTICIPATORY OFFENSES,2
29, ARSON,437
29, ASSAULT 3 & RELATED OFFENSES,17085
29, "BURGLARS TOOLS",87
29, BURGLARY,6304
29, CHILD ABANDONMENT/NON SUPPORT,11
29, CRIMINAL MISCHIEF & RELATED OF,15937
29, CRIMINAL TRESPASS,1951
29, DANGEROUS DRUGS,9855
29, DANGEROUS WEAPONS,3755
29, DISORDERLY CONDUCT,25
29, DISRUPTION OF A RELIGIOUS SERV,1
29, ENDAN WELFARE INCOMP,7
29, ESCAPE 3,5
29, FELONY ASSAULT,6097
29, FORGERY,1586
29, FRAUDS,878
29, FRAUDULENT ACCOSTING,76
29, GAMBLING,66
29, GRAND LARCENY,13754
29, GRAND LARCENY OF MOTOR VEHICLE,3292
29, HARRASSMENT 2,19627
29, HOMICIDE-NEGLIGENT-VEHICLE,5
29, INTOXICATED & IMPAIRED DRIVING,2116
29, INTOXICATED/IMPAIRED DRIVING,1
29, JOSTLING,10
29, KIDNAPPING,1
29, KIDNAPPING & RELATED OFFENSES,85
29, LOITERING,1
29, LOITERING FOR DRUG PURPOSES,2
29, LOITERING/DEVIATE SEX,1
29, LOITERING/GAMBLING CARDS DIC,5
29, MISCELLANEOUS PENAL LAW,3784
29, NEW YORK CITY HEALTH CODE,3
29, NYS LAWS-UNCLASSIFIED FELONY,133
29, NYS LAWS-UNCLASSIFIED VIOLATION,1
29, OFF. AGNST PUB ORD SENSBLTY &,8721
29, OFFENSES AGAINST PUBLIC ADMINI,3147
29, OFFENSES AGAINST PUBLIC SAFETY,18
29, OFFENSES AGAINST THE PERSON,383
29, OFFENSES INVOLVING FRAUD,528
29, OFFENSES RELATED TO CHILDREN,68
29, OTHER OFFENSES RELATED TO THEF,340
29, OTHER STATE LAWS,13
29, OTHER STATE LAWS NON PENAL LA,163
29, PETIT LARCENY,27235
29, PETIT LARCENY OF MOTOR VEHICLE,30
29, POSSESSION OF STOLEN PROPERTY,877
29, PROSTITUTION & RELATED OFFENSES,26
29, ROBBERY,6619
29, SEX CRIMES,3
29, THEFT OF SERVICES,81
29, THEFT-FRAUD,1568
29, UNAUTHORIZED USE OF A VEHICLE,428
29, UNLAWFUL POSS. WEAP. ON SCHOOL,1
29, VEHICLE AND TRAFFIC LAWS,1792
30, ADMINISTRATIVE CODE,349
30, ADMINISTRATIVE CODES,1
30, AGRICULTURE & MRKTS LAW-UNCLASSIFIED,10
30, ALCOHOLIC BEVERAGE CONTROL LAW,19
30, ANTICIPATORY OFFENSES,2
30, ARSON,441
30, ASSAULT 3 & RELATED OFFENSES,16965
30, "BURGLARS TOOLS",88
30, BURGLARY,6165
30, CHILD ABANDONMENT/NON SUPPORT,16
30, CRIMINAL MISCHIEF & RELATED OF,15965
30, CRIMINAL TRESPASS,1836
30, DANGEROUS DRUGS,9477
30, DANGEROUS WEAPONS,3616
30, DISORDERLY CONDUCT,18
30, DISRUPTION OF A RELIGIOUS SERV,2
30, ENDAN WELFARE INCOMP,3
30, ESCAPE 3,8
30, FELONY ASSAULT,6297
30, FORGERY,1541
30, FRAUDS,895
30, FRAUDULENT ACCOSTING,79
30, GAMBLING,48
30, GRAND LARCENY,13912
30, GRAND LARCENY OF MOTOR VEHICLE,3216
30, HARRASSMENT 2,19491
30, HOMICIDE-NEGLIGENT-VEHICLE,2
30, HOMICIDE-NEGLIGENTUNCLASSIFIE,2
30, INTOXICATED & IMPAIRED DRIVING,2079
30, JOSTLING,13
30, KIDNAPPING & RELATED OFFENSES,76
30, LOITERING,1
30, LOITERING FOR DRUG PURPOSES,1
30, LOITERING/GAMBLING CARDS DIC,8
30, MISCELLANEOUS PENAL LAW,3850
30, NEW YORK CITY HEALTH CODE,1
30, NYS LAWS-UNCLASSIFIED FELONY,129
30, OFF. AGNST PUB ORD SENSBLTY &,8861
30, OFFENSES AGAINST PUBLIC ADMINI,3116
30, OFFENSES AGAINST PUBLIC SAFETY,24
30, OFFENSES AGAINST THE PERSON,376
30, OFFENSES INVOLVING FRAUD,468
30, OFFENSES RELATED TO CHILDREN,61
30, OTHER OFFENSES RELATED TO THEF,344
30, OTHER STATE LAWS,4
30, OTHER STATE LAWS NON PENAL LA,140
30, OTHER STATE LAWS NON PENAL LAW,2
30, PETIT LARCENY,26799
30, PETIT LARCENY OF MOTOR VEHICLE,24
30, POSSESSION OF STOLEN PROPERTY,851
30, PROSTITUTION & RELATED OFFENSES,20
30, ROBBERY,6531
30, SEX CRIMES,2
30, THEFT OF SERVICES,109
30, THEFT-FRAUD,1605
30, UNAUTHORIZED USE OF A VEHICLE,479
30, UNLAWFUL POSS. WEAP. ON SCHOOL,2
30, VEHICLE AND TRAFFIC LAWS,1839
31, ADMINISTRATIVE CODE,239
31, AGRICULTURE & MRKTS LAW-UNCLASSIFIED,2
31, ALCOHOLIC BEVERAGE CONTROL LAW,14
31, ANTICIPATORY OFFENSES,4
31, ARSON,291
31, ASSAULT 3 & RELATED OFFENSES,10766
31, "BURGLARS TOOLS",45
31, BURGLARY,3931
31, CHILD ABANDONMENT/NON SUPPORT,6
31, CRIMINAL MISCHIEF & RELATED OF,10551
31, CRIMINAL TRESPASS,1099
31, DANGEROUS DRUGS,5551
31, DANGEROUS WEAPONS,2312
31, DISORDERLY CONDUCT,12
31, ENDAN WELFARE INCOMP,6
31, ESCAPE 3,5
31, FELONY ASSAULT,4125
31, FORGERY,809
31, FRAUDS,575
31, FRAUDULENT ACCOSTING,58
31, GAMBLING,36
31, GRAND LARCENY,8863
31, GRAND LARCENY OF MOTOR VEHICLE,1978
31, HARRASSMENT 2,12245
31, HOMICIDE-NEGLIGENT-VEHICLE,1
31, HOMICIDE-NEGLIGENTUNCLASSIFIE,1
31, INTOXICATED & IMPAIRED DRIVING,1367
31, JOSTLING,2
31, KIDNAPPING & RELATED OFFENSES,55
31, LOITERING/GAMBLING CARDS DIC,5
31, MISCELLANEOUS PENAL LAW,2397
31, NEW YORK CITY HEALTH CODE,1
31, NYS LAWS-UNCLASSIFIED FELONY,81
31, NYS LAWS-UNCLASSIFIED VIOLATION,1
31, OFF. AGNST PUB ORD SENSBLTY &,5276
31, OFFENSES AGAINST PUBLIC ADMINI,1920
31, OFFENSES AGAINST PUBLIC SAFETY,11
31, OFFENSES AGAINST THE PERSON,254
31, OFFENSES INVOLVING FRAUD,279
31, OFFENSES RELATED TO CHILDREN,24
31, OTHER OFFENSES RELATED TO THEF,208
31, OTHER STATE LAWS,1
31, OTHER STATE LAWS NON PENAL LA,78
31, PETIT LARCENY,16015
31, PETIT LARCENY OF MOTOR VEHICLE,12
31, POSSESSION OF STOLEN PROPERTY,483
31, PROSTITUTION & RELATED OFFENSES,20
31, ROBBERY,4228
31, THEFT OF SERVICES,48
31, THEFT-FRAUD,1015
31, UNAUTHORIZED USE OF A VEHICLE,289
31, VEHICLE AND TRAFFIC LAWS,1064
