01, ADMINISTRATIVE CODE,164
01, ADMINISTRATIVE CODES,1
01, AGRICULTURE & MRKTS LAW-UNCLASSIFIED,2
01, ALCOHOLIC BEVERAGE CONTROL LAW,7
01, ARSON,88
01, ASSAULT 3 & RELATED OFFENSES,4202
01, "BURGLARS TOOLS",20
01, BURGLARY,1773
01, CHILD ABANDONMENT/NON SUPPORT,6
01, CRIMINAL MISCHIEF & RELATED OF,7842
01, CRIMINAL TRESPASS,327
01, DANGEROUS DRUGS,752
01, DANGEROUS WEAPONS,770
01, DISORDERLY CONDUCT,1
01, DISRUPTION OF A RELIGIOUS SERV,1
01, ENDAN WELFARE INCOMP,2
01, ESCAPE 3,2
01, FELONY ASSAULT,1413
01, FORGERY,370
01, FRAUDS,423
01, GAMBLING,9
01, GRAND LARCENY,3940
01, GRAND LARCENY OF MOTOR VEHICLE,1151
01, HARRASSMENT 2,5454
01, HOMICIDE-NEGLIGENT-VEHICLE,2
01, HOMICIDE-NEGLIGENTUNCLASSIFIE,1
01, INTOXICATED & IMPAIRED DRIVING,567
01, JOSTLING,1
01, KIDNAPPING,1
01, KIDNAPPING & RELATED OFFENSES,18
01, LOITERING/DEVIATE SEX,1
01, MISCELLANEOUS PENAL LAW,1051
01, NYS LAWS-UNCLASSIFIED FELONY,13
01, OFF. AGNST PUB ORD SENSBLTY &,3527
01, OFFENSES AGAINST PUBLIC ADMINI,549
01, OFFENSES AGAINST PUBLIC SAFETY,5
01, OFFENSES AGAINST THE PERSON,73
01, OFFENSES INVOLVING FRAUD,53
01, OFFENSES RELATED TO CHILDREN,26
01, OTHER OFFENSES RELATED TO THEF,96
01, OTHER STATE LAWS,2
01, OTHER STATE LAWS NON PENAL LA,14
01, PETIT LARCENY,5928
01, PETIT LARCENY OF MOTOR VEHICLE,12
01, POSSESSION OF STOLEN PROPERTY,182
01, PROSTITUTION & RELATED OFFENSES,3
01, ROBBERY,1352
01, THEFT OF SERVICES,1
01, THEFT-FRAUD,999
01, UNAUTHORIZED USE OF A VEHICLE,246
01, UNLAWFUL POSS. WEAP. ON SCHOOL,1
01, VEHICLE AND TRAFFIC LAWS,464
02, ADMINISTRATIVE CODE,121
02, AGRICULTURE & MRKTS LAW-UNCLASSIFIED,2
02, ALCOHOLIC BEVERAGE CONTROL LAW,2
02, ARSON,65
02, ASSAULT 3 & RELATED OFFENSES,3618
02, "BURGLARS TOOLS",11
02, BURGLARY,1632
02, CHILD ABANDONMENT/NON SUPPORT,2
02, CRIMINAL MISCHIEF & RELATED OF,4165
02, CRIMINAL TRESPASS,293
02, DANGEROUS DRUGS,761
02, DANGEROUS WEAPONS,757
02, DISRUPTION OF A RELIGIOUS SERV,1
02, ESCAPE 3,2
02, FELONY ASSAULT,1256
02, FORGERY,371
02, FRAUDS,207
02, FRAUDULENT ACCOSTING,1
02, GAMBLING,4
02, GRAND LARCENY,2792
02, GRAND LARCENY OF MOTOR VEHICLE,1037
02, HARRASSMENT 2,4612
02, INTOXICATED & IMPAIRED DRIVING,513
02, JOSTLING,1
02, KIDNAPPING & RELATED OFFENSES,12
02, MISCELLANEOUS PENAL LAW,994
02, NYS LAWS-UNCLASSIFIED FELONY,11
02, OFF. AGNST PUB ORD SENSBLTY &,2025
02, OFFENSES AGAINST PUBLIC ADMINI,533
02, OFFENSES AGAINST PUBLIC SAFETY,10
02, OFFENSES AGAINST THE PERSON,85
02, OFFENSES INVOLVING FRAUD,40
02, OFFENSES RELATED TO CHILDREN,35
02, OTHER OFFENSES RELATED TO THEF,57
02, OTHER STATE LAWS,2
02, OTHER STATE LAWS NON PENAL LA,2
02, PETIT LARCENY,5613
02, PETIT LARCENY OF MOTOR VEHICLE,9
02, POSSESSION OF STOLEN PROPERTY,157
02, ROBBERY,1367
02, THEFT OF SERVICES,1
02, THEFT-FRAUD,345
02, UNAUTHORIZED USE OF A VEHICLE,151
02, UNLAWFUL POSS. WEAP. ON SCHOOL,1
02, VEHICLE AND TRAFFIC LAWS,431
03, ADMINISTRATIVE CODE,124
03, ADMINISTRATIVE CODES,1
03, AGRICULTURE & MRKTS LAW-UNCLASSIFIED,4
03, ALCOHOLIC BEVERAGE CONTROL LAW,5
03, ARSON,92
03, ASSAULT 3 & RELATED OFFENSES,3615
03, "BURGLARS TOOLS",18
03, BURGLARY,1692
03, CRIMINAL MISCHIEF & RELATED OF,3946
03, CRIMINAL TRESPASS,344
03, DANGEROUS DRUGS,748
03, DANGEROUS WEAPONS,837
03, DISORDERLY CONDUCT,2
03, ENDAN WELFARE INCOMP,4
03, ESCAPE 3,3
03, FELONY ASSAULT,1198
03, FORGERY,396
03, FRAUDS,215
03, FRAUDULENT ACCOSTING,15
03, GAMBLING,3
03, GRAND LARCENY,2736
03, GRAND LARCENY OF MOTOR VEHICLE,1064
03, HARRASSMENT 2,4452
03, INTOXICATED & IMPAIRED DRIVING,512
03, INTOXICATED/IMPAIRED DRIVING,1
03, JOSTLING,1
03, KIDNAPPING & RELATED OFFENSES,11
03, LOITERING/DEVIATE SEX,1
03, MISCELLANEOUS PENAL LAW,933
03, NYS LAWS-UNCLASSIFIED FELONY,12
03, OFF. AGNST PUB ORD SENSBLTY &,1887
03, OFFENSES AGAINST PUBLIC ADMINI,542
03, OFFENSES AGAINST PUBLIC SAFETY,8
03, OFFENSES AGAINST THE PERSON,66
03, OFFENSES INVOLVING FRAUD,55
03, OFFENSES RELATED TO CHILDREN,17
03, OTHER OFFENSES RELATED TO THEF,84
03, OTHER STATE LAWS,1
03, OTHER STATE LAWS NON PENAL LA,11
03, PETIT LARCENY,5279
03, PETIT LARCENY OF MOTOR VEHICLE,4
03, POSSESSION OF STOLEN PROPERTY,183
03, PROSTITUTION & RELATED OFFENSES,11
03, ROBBERY,1385
03, THEFT OF SERVICES,3
03, THEFT-FRAUD,371
03, UNAUTHORIZED USE OF A VEHICLE,151
03, VEHICLE AND TRAFFIC LAWS,388
04, ADMINISTRATIVE CODE,112
04, ADMINISTRATIVE CODES,1
04, AGRICULTURE & MRKTS LAW-UNCLASSIFIED,2
04, ALCOHOLIC BEVERAGE CONTROL LAW,5
04, ANTICIPATORY OFFENSES,1
04, ARSON,93
04, ASSAULT 3 & RELATED OFFENSES,3799
04, "BURGLARS TOOLS",19
04, BURGLARY,1712
04, CHILD ABANDONMENT/NON SUPPORT,2
04, CRIMINAL MISCHIEF & RELATED OF,3900
04, CRIMINAL TRESPASS,291
04, DANGEROUS DRUGS,725
04, DANGEROUS WEAPONS,765
04, DISORDERLY CONDUCT,1
04, DISRUPTION OF A RELIGIOUS SERV,2
04, ENDAN WELFARE INCOMP,3
04, FELONY ASSAULT,1229
04, FORGERY,358
04, FRAUDS,155
04, FRAUDULENT ACCOSTING,4
04, GAMBLING,3
04, GRAND LARCENY,2718
04, GRAND LARCENY OF MOTOR VEHICLE,1121
04, HARRASSMENT 2,4514
04, HOMICIDE-NEGLIGENT-VEHICLE,1
04, INTOXICATED & IMPAIRED DRIVING,589
04, KIDNAPPING & RELATED OFFENSES,15
04, MISCELLANEOUS PENAL LAW,1013
04, NYS LAWS-UNCLASSIFIED FELONY,13
04, OFF. AGNST PUB ORD SENSBLTY &,1948
04, OFFENSES AGAINST PUBLIC ADMINI,540
04, OFFENSES AGAINST PUBLIC SAFETY,11
04, OFFENSES AGAINST THE PERSON,80
04, OFFENSES INVOLVING FRAUD,57
04, OFFENSES RELATED TO CHILDREN,20
04, OTHER OFFENSES RELATED TO THEF,63
04, OTHER STATE LAWS,2
04, OTHER STATE LAWS NON PENAL LA,11
04, OTHER TRAFFIC INFRACTION,2
04, PETIT LARCENY,5557
04, PETIT LARCENY OF MOTOR VEHICLE,9
04, POSSESSION OF STOLEN PROPERTY,180
04, PROSTITUTION & RELATED OFFENSES,1
04, ROBBERY,1324
04, THEFT OF SERVICES,5
04, THEFT-FRAUD,313
04, UNAUTHORIZED USE OF A VEHICLE,173
04, VEHICLE AND TRAFFIC LAWS,417
05, ADMINISTRATIVE CODE,109
05, ADMINISTRATIVE CODES,1
05, AGRICULTURE & MRKTS LAW-UNCLASSIFIED,1
05, ALCOHOLIC BEVERAGE CONTROL LAW,5
05, ANTICIPATORY OFFENSES,1
05, ARSON,99
05, ASSAULT 3 & RELATED OFFENSES,3758
05, "BURGLARS TOOLS",19
05, BURGLARY,1751
05, CHILD ABANDONMENT/NON SUPPORT,1
05, CRIMINAL MISCHIEF & RELATED OF,4170
05, CRIMINAL TRESPASS,286
05, DANGEROUS DRUGS,750
05, DANGEROUS WEAPONS,840
05, DISORDERLY CONDUCT,2
05, ENDAN WELFARE INCOMP,3
05, FELONY ASSAULT,1294
05, FORGERY,366
05, FORTUNE TELLING,1
05, FRAUDS,210
05, FRAUDULENT ACCOSTING,5
05, GAMBLING,3
05, GRAND LARCENY,2676
05, GRAND LARCENY OF MOTOR VEHICLE,1042
05, HARRASSMENT 2,4491
05, HOMICIDE-NEGLIGENTUNCLASSIFIE,1
05, INTOXICATED & IMPAIRED DRIVING,561
05, JOSTLING,1
05, KIDNAPPING & RELATED OFFENSES,8
05, MISCELLANEOUS PENAL LAW,1056
05, NEW YORK CITY HEALTH CODE,1
05, NYS LAWS-UNCLASSIFIED FELONY,13
05, OFF. AGNST PUB ORD SENSBLTY &,2129
05, OFFENSES AGAINST PUBLIC ADMINI,549
05, OFFENSES AGAINST PUBLIC SAFETY,9
05, OFFENSES AGAINST THE PERSON,77
05, OFFENSES INVOLVING FRAUD,44
05, OFFENSES RELATED TO CHILDREN,28
05, OTHER OFFENSES RELATED TO THEF,79
05, OTHER STATE LAWS,2
05, OTHER STATE LAWS NON PENAL LA,14
05, PETIT LARCENY,5464
05, PETIT LARCENY OF MOTOR VEHICLE,6
05, POSSESSION OF STOLEN PROPERTY,209
05, PROSTITUTION & RELATED OFFENSES,3
05, ROBBERY,1377
05, THEFT OF SERVICES,9
05, THEFT-FRAUD,367
05, UNAUTHORIZED USE OF A VEHICLE,149
05, UNLAWFUL POSS. WEAP. ON SCHOOL,1
05, VEHICLE AND TRAFFIC LAWS,409
06, ABORTION,1
06, ADMINISTRATIVE CODE,116
06, AGRICULTURE & MRKTS LAW-UNCLASSIFIED,4
06, ALCOHOLIC BEVERAGE CONTROL LAW,5
06, ANTICIPATORY OFFENSES,1
06, ARSON,75
06, ASSAULT 3 & RELATED OFFENSES,3736
06, "BURGLARS TOOLS",20
06, BURGLARY,1685
06, CHILD ABANDONMENT/NON SUPPORT,7
06, CRIMINAL MISCHIEF & RELATED OF,3877
06, CRIMINAL TRESPASS,267
06, DANGEROUS DRUGS,794
06, DANGEROUS WEAPONS,825
06, DISORDERLY CONDUCT,1
06, ESCAPE 3,1
06, FELONY ASSAULT,1244
06, FORGERY,390
06, FRAUDS,196
06, FRAUDULENT ACCOSTING,4
06, GAMBLING,4
06, GRAND LARCENY,2675
06, GRAND LARCENY OF MOTOR VEHICLE,1048
06, HARRASSMENT 2,4458
06, INTOXICATED & IMPAIRED DRIVING,572
06, JOSTLING,1
06, KIDNAPPING & RELATED OFFENSES,11
06, MISCELLANEOUS PENAL LAW,972
06, NYS LAWS-UNCLASSIFIED FELONY,9
06, OFF. AGNST PUB ORD SENSBLTY &,1899
06, OFFENSES AGAINST PUBLIC ADMINI,538
06, OFFENSES AGAINST PUBLIC SAFETY,4
06, OFFENSES AGAINST THE PERSON,76
06, OFFENSES INVOLVING FRAUD,43
06, OFFENSES RELATED TO CHILDREN,17
06, OTHER OFFENSES RELATED TO THEF,80
06, OTHER STATE LAWS,4
06, OTHER STATE LAWS NON PENAL LA,8
06, PETIT LARCENY,5394
06, PETIT LARCENY OF MOTOR VEHICLE,12
06, POSSESSION OF STOLEN PROPERTY,176
06, ROBBERY,1375
06, THEFT OF SERVICES,6
06, THEFT-FRAUD,360
06, UNAUTHORIZED USE OF A VEHICLE,158
06, UNLAWFUL POSS. WEAP. ON SCHOOL,1
06, VEHICLE AND TRAFFIC LAWS,427
07, ABORTION,1
07, ADMINISTRATIVE CODE,107
07, AGRICULTURE & MRKTS LAW-UNCLASSIFIED,1
07, ALCOHOLIC BEVERAGE CONTROL LAW,7
07, ARSON,82
07, ASSAULT 3 & RELATED OFFENSES,3649
07, "BURGLARS TOOLS",23
07, BURGLARY,1660
07, CHILD ABANDONMENT/NON SUPPORT,1
07, CRIMINAL MISCHIEF & RELATED OF,3939
07, CRIMINAL TRESPASS,296
07, DANGEROUS DRUGS,701
07, DANGEROUS WEAPONS,822
07, DISORDERLY CONDUCT,1
07, ESCAPE 3,1
07, FELONY ASSAULT,1276
07, FORGERY,358
07, FORTUNE TELLING,1
07, FRAUDS,202
07, GAMBLING,4
07, GRAND LARCENY,2720
07, GRAND LARCENY OF MOTOR VEHICLE,1044
07, HARRASSMENT 2,4506
07, HOMICIDE-NEGLIGENT-VEHICLE,2
07, INTOXICATED & IMPAIRED DRIVING,553
07, JOSTLING,1
07, KIDNAPPING & RELATED OFFENSES,12
07, LOITERING/GAMBLING CARDS DIC,1
07, MISCELLANEOUS PENAL LAW,935
07, NYS LAWS-UNCLASSIFIED FELONY,10
07, NYS LAWS-UNCLASSIFIED VIOLATION,1
07, OFF. AGNST PUB ORD SENSBLTY &,1971
07, OFFENSES AGAINST PUBLIC ADMINI,531
07, OFFENSES AGAINST PUBLIC SAFETY,3
07, OFFENSES AGAINST THE PERSON,78
07, OFFENSES INVOLVING FRAUD,37
07, OFFENSES RELATED TO CHILDREN,16
07, OTHER OFFENSES RELATED TO THEF,69
07, OTHER STATE LAWS,1
07, OTHER STATE LAWS NON PENAL LA,19
07, PETIT LARCENY,5502
07, PETIT LARCENY OF MOTOR VEHICLE,9
07, POSSESSION OF STOLEN PROPERTY,176
07, PROSTITUTION & RELATED OFFENSES,4
07, ROBBERY,1495
07, THEFT OF SERVICES,6
07, THEFT-FRAUD,392
07, UNAUTHORIZED USE OF A VEHICLE,145
07, UNLAWFUL POSS. WEAP. ON SCHOOL,1
07, VEHICLE AND TRAFFIC LAWS,449
08, ADMINISTRATIVE CODE,87
08, AGRICULTURE & MRKTS LAW-UNCLASSIFIED,3
08, ALCOHOLIC BEVERAGE CONTROL LAW,2
08, ARSON,94
08, ASSAULT 3 & RELATED OFFENSES,3591
08, "BURGLARS TOOLS",19
08, BURGLARY,1668
08, CHILD ABANDONMENT/NON SUPPORT,2
08, CRIMINAL MISCHIEF & RELATED OF,3946
08, CRIMINAL TRESPASS,292
08, DANGEROUS DRUGS,762
08, DANGEROUS WEAPONS,801
08, DISORDERLY CONDUCT,3
08, DISRUPTION OF A RELIGIOUS SERV,1
08, ENDAN WELFARE INCOMP,3
08, FELONY ASSAULT,1158
08, FORGERY,381
08, FRAUDS,159
08, GAMBLING,3
08, GRAND LARCENY,2670
08, GRAND LARCENY OF MOTOR VEHICLE,1006
08, HARRASSMENT 2,4602
08, HOMICIDE-NEGLIGENT-VEHICLE,2
08, INTOXICATED & IMPAIRED DRIVING,551
08, INTOXICATED/IMPAIRED DRIVING,3
08, JOSTLING,1
08, KIDNAPPING & RELATED OFFENSES,14
08, MISCELLANEOUS PENAL LAW,975
08, NYS LAWS-UNCLASSIFIED FELONY,14
08, OFF. AGNST PUB ORD SENSBLTY &,1948
08, OFFENSES AGAINST PUBLIC ADMINI,480
08, OFFENSES AGAINST PUBLIC SAFETY,4
08, OFFENSES AGAINST THE PERSON,82
08, OFFENSES INVOLVING FRAUD,39
08, OFFENSES RELATED TO CHILDREN,24
08, OTHER OFFENSES RELATED TO THEF,67
08, OTHER STATE LAWS,3
08, OTHER STATE LAWS NON PENAL LA,11
08, PETIT LARCENY,5386
08, PETIT LARCENY OF MOTOR VEHICLE,4
08, POSSESSION OF STOLEN PROPERTY,181
08, PROSTITUTION & RELATED OFFENSES,2
08, ROBBERY,1317
08, THEFT OF SERVICES,5
08, THEFT-FRAUD,327
08, UNAUTHORIZED USE OF A VEHICLE,167
08, UNLAWFUL POSS. WEAP. ON SCHOOL,2
08, VEHICLE AND TRAFFIC LAWS,427
09, ADMINISTRATIVE CODE,98
09, ALCOHOLIC BEVERAGE CONTROL LAW,5
09, ARSON,76
09, ASSAULT 3 & RELATED OFFENSES,3674
09, "BURGLARS TOOLS",21
09, BURGLARY,1742
09, CHILD ABANDONMENT/NON SUPPORT,3
09, CRIMINAL MISCHIEF & RELATED OF,4052
09, CRIMINAL TRESPASS,276
09, DANGEROUS DRUGS,771
09, DANGEROUS WEAPONS,780
09, DISORDERLY CONDUCT,3
09, ENDAN WELFARE INCOMP,1
09, ESCAPE 3,1
09, FELONY ASSAULT,1283
09, FORGERY,394
09, FRAUDS,198
09, FRAUDULENT ACCOSTING,3
09, GAMBLING,5
09, GRAND LARCENY,2695
09, GRAND LARCENY OF MOTOR VEHICLE,1125
09, HARRASSMENT 2,4555
09, INTOXICATED & IMPAIRED DRIVING,561
09, KIDNAPPING & RELATED OFFENSES,15
09, MISCELLANEOUS PENAL LAW,1009
09, NYS LAWS-UNCLASSIFIED FELONY,14
09, OFF. AGNST PUB ORD SENSBLTY &,1936
09, OFFENSES AGAINST PUBLIC ADMINI,552
09, OFFENSES AGAINST PUBLIC SAFETY,3
09, OFFENSES AGAINST THE PERSON,64
09, OFFENSES INVOLVING FRAUD,51
09, OFFENSES RELATED TO CHILDREN,21
09, OTHER OFFENSES RELATED TO THEF,80
09, OTHER STATE LAWS,3
09, OTHER STATE LAWS NON PENAL LA,14
09, OTHER STATE LAWS NON PENAL LAW,1
09, OTHER TRAFFIC INFRACTION,1
09, PETIT LARCENY,5515
09, PETIT LARCENY OF MOTOR VEHICLE,3
09, POSSESSION OF STOLEN PROPERTY,190
09, PROSTITUTION & RELATED OFFENSES,4
09, ROBBERY,1401
09, THEFT OF SERVICES,4
09, THEFT-FRAUD,342
09, UNAUTHORIZED USE OF A VEHICLE,151
09, VEHICLE AND TRAFFIC LAWS,386
10, ADMINISTRATIVE CODE,95
10, AGRICULTURE & MRKTS LAW-UNCLASSIFIED,1
10, ALCOHOLIC BEVERAGE CONTROL LAW,4
10, ARSON,80
10, ASSAULT 3 & RELATED OFFENSES,3658
10, "BURGLARS TOOLS",18
10, BURGLARY,1720
10, CRIMINAL MISCHIEF & RELATED OF,4177
10, CRIMINAL TRESPASS,311
10, DANGEROUS DRUGS,799
10, DANGEROUS WEAPONS,826
10, DISORDERLY CONDUCT,2
10, DISRUPTION OF A RELIGIOUS SERV,1
10, ENDAN WELFARE INCOMP,2
10, ESCAPE 3,1
10, FELONY ASSAULT,1289
10, FORGERY,420
10, FRAUDS,223
10, FRAUDULENT ACCOSTING,6
10, GAMBLING,3
10, GRAND LARCENY,2851
10, GRAND LARCENY OF MOTOR VEHICLE,1158
10, HARRASSMENT 2,4683
10, HOMICIDE-NEGLIGENTUNCLASSIFIE,1
10, INTOXICATED & IMPAIRED DRIVING,506
10, INTOXICATED/IMPAIRED DRIVING,1
10, JOSTLING,2
10, KIDNAPPING & RELATED OFFENSES,14
10, MISCELLANEOUS PENAL LAW,993
10, NYS LAWS-UNCLASSIFIED FELONY,8
10, OFF. AGNST PUB ORD SENSBLTY &,2255
10, OFFENSES AGAINST PUBLIC ADMINI,541
10, OFFENSES AGAINST PUBLIC SAFETY,4
10, OFFENSES AGAINST THE PERSON,79
10, OFFENSES INVOLVING FRAUD,53
10, OFFENSES RELATED TO CHILDREN,18
10, OTHER OFFENSES RELATED TO THEF,73
10, OTHER STATE LAWS,3
10, OTHER STATE LAWS NON PENAL LA,7
10, PETIT LARCENY,5576
10, PETIT LARCENY OF MOTOR VEHICLE,8
10, POSSESSION OF STOLEN PROPERTY,185
10, PROSTITUTION & RELATED OFFENSES,2
10, ROBBERY,1385
10, THEFT OF SERVICES,5
10, THEFT-FRAUD,408
10, UNAUTHORIZED USE OF A VEHICLE,148
10, UNLAWFUL POSS. WEAP. ON SCHOOL,1
10, VEHICLE AND TRAFFIC LAWS,391
11, ADMINISTRATIVE CODE,96
11, ALCOHOLIC BEVERAGE CONTROL LAW,1
11, ARSON,66
11, ASSAULT 3 & RELATED OFFENSES,3549
11, "BURGLARS TOOLS",23
11, BURGLARY,1625
11, CHILD ABANDONMENT/NON SUPPORT,4
11, CRIMINAL MISCHIEF & RELATED OF,3999
11, CRIMINAL TRESPASS,301
11, DANGEROUS DRUGS,746
11, DANGEROUS WEAPONS,802
11, DISORDERLY CONDUCT,2
11, ENDAN WELFARE INCOMP,1
11, FELONY ASSAULT,1195
11, FORGERY,358
11, FRAUDS,174
11, FRAUDULENT ACCOSTING,6
11, GAMBLING,4
11, GRAND LARCENY,2706
11, GRAND LARCENY OF MOTOR VEHICLE,1057
11, HARRASSMENT 2,4465
11, HOMICIDE-NEGLIGENT-VEHICLE,1
11, HOMICIDE-NEGLIGENTUNCLASSIFIE,1
11, INTOXICATED & IMPAIRED DRIVING,530
11, INTOXICATED/IMPAIRED DRIVING,1
11, KIDNAPPING,1
11, KIDNAPPING & RELATED OFFENSES,23
11, LOITERING/DEVIATE SEX,1
11, MISCELLANEOUS PENAL LAW,978
11, NYS LAWS-UNCLASSIFIED FELONY,15
11, OFF. AGNST PUB ORD SENSBLTY &,1923
11, OFFENSES AGAINST PUBLIC ADMINI,517
11, OFFENSES AGAINST PUBLIC SAFETY,1
11, OFFENSES AGAINST THE PERSON,75
11, OFFENSES INVOLVING FRAUD,49
11, OFFENSES RELATED TO CHILDREN,18
11, OTHER OFFENSES RELATED TO THEF,55
11, OTHER STATE LAWS,3
11, OTHER STATE LAWS NON PENAL LA,8
11, PETIT LARCENY,5505
11, PETIT LARCENY OF MOTOR VEHICLE,7
11, POSSESSION OF STOLEN PROPERTY,213
11, PROSTITUTION & RELATED OFFENSES,3
11, ROBBERY,1367
11, THEFT OF SERVICES,5
11, THEFT-FRAUD,361
11, UNAUTHORIZED USE OF A VEHICLE,140
11, UNLAWFUL POSS. WEAP. ON SCHOOL,2
11, VEHICLE AND TRAFFIC LAWS,394
12, ADMINISTRATIVE CODE,96
12, AGRICULTURE & MRKTS LAW-UNCLASSIFIED,1
12, ALCOHOLIC BEVERAGE CONTROL LAW,2
12, ARSON,79
12, ASSAULT 3 & RELATED OFFENSES,3718
12, "BURGLARS TOOLS",17
12, BURGLARY,1761
12, CHILD ABANDONMENT/NON SUPPORT,2
12, CRIMINAL MISCHIEF & RELATED OF,4090
12, CRIMINAL TRESPASS,301
12, DANGEROUS DRUGS,813
12, DANGEROUS WEAPONS,822
12, DISORDERLY CONDUCT,2
12, ENDAN WELFARE INCOMP,2
12, ESCAPE 3,2
12, FELONY ASSAULT,1217
12, FORGERY,474
12, FRAUDS,190
12, FRAUDULENT ACCOSTING,2
12, GAMBLING,1
12, GRAND LARCENY,2718
12, GRAND LARCENY OF MOTOR VEHICLE,1043
12, HARRASSMENT 2,4470
12, INTOXICATED & IMPAIRED DRIVING,567
12, JOSTLING,1
12, KIDNAPPING & RELATED OFFENSES,13
12, LOITERING/DEVIATE SEX,1
12, LOITERING/GAMBLING CARDS DIC,1
12, MISCELLANEOUS PENAL LAW,953
12, NEW YORK CITY HEALTH CODE,1
12, NYS LAWS-UNCLASSIFIED FELONY,14
12, OFF. AGNST PUB ORD SENSBLTY &,1978
12, OFFENSES AGAINST PUBLIC ADMINI,503
12, OFFENSES AGAINST PUBLIC SAFETY,2
12, OFFENSES AGAINST THE PERSON,53
12, OFFENSES INVOLVING FRAUD,45
12, OFFENSES RELATED TO CHILDREN,24
12, OTHER OFFENSES RELATED TO THEF,64
12, OTHER STATE LAWS NON PENAL LA,11
12, PETIT LARCENY,5541
12, PETIT LARCENY OF MOTOR VEHICLE,4
12, POSSESSION OF STOLEN PROPERTY,196
12, PROSTITUTION & RELATED OFFENSES,2
12, ROBBERY,1451
12, THEFT OF SERVICES,6
12, THEFT-FRAUD,359
12, UNAUTHORIZED USE OF A VEHICLE,142
12, UNDER THE INFLUENCE OF DRUGS,1
12, VEHICLE AND TRAFFIC LAWS,402
13, ADMINISTRATIVE CODE,102
13, ALCOHOLIC BEVERAGE CONTROL LAW,4
13, ARSON,73
13, ASSAULT 3 & RELATED OFFENSES,3640
13, "BURGLARS TOOLS",20
13, BURGLARY,1799
13, CHILD ABANDONMENT/NON SUPPORT,2
13, CRIMINAL MISCHIEF & RELATED OF,3873
13, CRIMINAL TRESPASS,307
13, DANGEROUS DRUGS,784
13, DANGEROUS WEAPONS,824
13, ENDAN WELFARE INCOMP,2
13, ESCAPE 3,1
13, FELONY ASSAULT,1237
13, FORGERY,362
13, FRAUDS,171
13, FRAUDULENT ACCOSTING,4
13, GAMBLING,3
13, GRAND LARCENY,2825
13, GRAND LARCENY OF MOTOR VEHICLE,1035
13, HARRASSMENT 2,4472
13, HOMICIDE-NEGLIGENT-VEHICLE,2
13, INTOXICATED & IMPAIRED DRIVING,590
13, INTOXICATED/IMPAIRED DRIVING,1
13, KIDNAPPING & RELATED OFFENSES,5
13, MISCELLANEOUS PENAL LAW,945
13, NEW YORK CITY HEALTH CODE,2
13, NYS LAWS-UNCLASSIFIED FELONY,14
13, OFF. AGNST PUB ORD SENSBLTY &,1925
13, OFFENSES AGAINST PUBLIC ADMINI,531
13, OFFENSES AGAINST THE PERSON,74
13, OFFENSES INVOLVING FRAUD,44
13, OFFENSES RELATED TO CHILDREN,8
13, OTHER OFFENSES RELATED TO THEF,66
13, OTHER STATE LAWS,3
13, OTHER STATE LAWS NON PENAL LA,10
13, PETIT LARCENY,5548
13, PETIT LARCENY OF MOTOR VEHICLE,5
13, POSSESSION OF STOLEN PROPERTY,194
13, PROSTITUTION & RELATED OFFENSES,6
13, ROBBERY,1471
13, THEFT OF SERVICES,7
13, THEFT-FRAUD,330
13, UNAUTHORIZED USE OF A VEHICLE,141
13, VEHICLE AND TRAFFIC LAWS,426
14, ADMINISTRATIVE CODE,100
14, ADMINISTRATIVE CODES,1
14, AGRICULTURE & MRKTS LAW-UNCLASSIFIED,1
14, ALCOHOLIC BEVERAGE CONTROL LAW,1
14, ANTICIPATORY OFFENSES,1
14, ARSON,87
14, ASSAULT 3 & RELATED OFFENSES,3624
14, "BURGLARS TOOLS",22
14, BURGLARY,1687
14, CHILD ABANDONMENT/NON SUPPORT,1
14, CRIMINAL MISCHIEF & RELATED OF,3806
14, CRIMINAL TRESPASS,287
14, DANGEROUS DRUGS,712
14, DANGEROUS WEAPONS,766
14, DISORDERLY CONDUCT,4
14, DISRUPTION OF A RELIGIOUS SERV,1
14, ENDAN WELFARE INCOMP,1
14, ESCAPE 3,1
14, FELONY ASSAULT,1223
14, FORGERY,378
14, FRAUDS,207
14, FRAUDULENT ACCOSTING,1
14, GAMBLING,6
14, GRAND LARCENY,2754
14, GRAND LARCENY OF MOTOR VEHICLE,1101
14, HARRASSMENT 2,4572
14, HOMICIDE-NEGLIGENT-VEHICLE,2
14, INTOXICATED & IMPAIRED DRIVING,576
14, INTOXICATED/IMPAIRED DRIVING,1
14, KIDNAPPING & RELATED OFFENSES,18
14, LOITERING/DEVIATE SEX,3
14, MISCELLANEOUS PENAL LAW,932
14, NYS LAWS-UNCLASSIFIED FELONY,13
14, OFF. AGNST PUB ORD SENSBLTY &,2025
14, OFFENSES AGAINST PUBLIC ADMINI,529
14, OFFENSES AGAINST PUBLIC SAFETY,1
14, OFFENSES AGAINST THE PERSON,71
14, OFFENSES INVOLVING FRAUD,33
14, OFFENSES RELATED TO CHILDREN,29
14, OTHER OFFENSES RELATED TO THEF,70
14, OTHER STATE LAWS,3
14, OTHER STATE LAWS NON PENAL LA,11
14, PETIT LARCENY,5485
14, PETIT LARCENY OF MOTOR VEHICLE,7
14, POSSESSION OF STOLEN PROPERTY,214
14, PROSTITUTION & RELATED OFFENSES,4
14, ROBBERY,1394
14, THEFT OF SERVICES,7
14, THEFT-FRAUD,370
14, UNAUTHORIZED USE OF A VEHICLE,154
14, UNLAWFUL POSS. WEAP. ON SCHOOL,1
14, VEHICLE AND TRAFFIC LAWS,402
15, ADMINISTRATIVE CODE,113
15, ADMINISTRATIVE CODES,1
15, AGRICULTURE & MRKTS LAW-UNCLASSIFIED,1
15, ALCOHOLIC BEVERAGE CONTROL LAW,3
15, ANTICIPATORY OFFENSES,1
15, ARSON,73
15, ASSAULT 3 & RELATED OFFENSES,3809
15, "BURGLARS TOOLS",24
15, BURGLARY,1718
15, CHILD ABANDONMENT/NON SUPPORT,2
15, CRIMINAL MISCHIEF & RELATED OF,4232
15, CRIMINAL TRESPASS,289
15, DANGEROUS DRUGS,767
15, DANGEROUS WEAPONS,755
15, DISORDERLY CONDUCT,4
15, ENDAN WELFARE INCOMP,1
15, FELONY ASSAULT,1270
15, FORGERY,370
15, FRAUDS,240
15, FRAUDULENT ACCOSTING,1
15, GAMBLING,7
15, GRAND LARCENY,3056
15, GRAND LARCENY OF MOTOR VEHICLE,1095
15, HARRASSMENT 2,4649
15, HOMICIDE-NEGLIGENT-VEHICLE,2
15, INTOXICATED & IMPAIRED DRIVING,589
15, JOSTLING,2
15, KIDNAPPING & RELATED OFFENSES,19
15, MISCELLANEOUS PENAL LAW,1016
15, NEW YORK CITY HEALTH CODE,1
15, NYS LAWS-UNCLASSIFIED FELONY,10
15, OFF. AGNST PUB ORD SENSBLTY &,2362
15, OFFENSES AGAINST PUBLIC ADMINI,542
15, OFFENSES AGAINST PUBLIC SAFETY,5
15, OFFENSES AGAINST THE PERSON,64
15, OFFENSES INVOLVING FRAUD,40
15, OFFENSES RELATED TO CHILDREN,5
15, OTHER OFFENSES RELATED TO THEF,74
15, OTHER STATE LAWS,4
15, OTHER STATE LAWS NON PENAL LA,11
15, PETIT LARCENY,5825
15, PETIT LARCENY OF MOTOR VEHICLE,11
15, POSSESSION OF STOLEN PROPERTY,195
15, PROSTITUTION & RELATED OFFENSES,1
15, ROBBERY,1452
15, THEFT OF SERVICES,3
15, THEFT-FRAUD,472
15, UNAUTHORIZED USE OF A VEHICLE,187
15, VEHICLE AND TRAFFIC LAWS,419
16, ADMINISTRATIVE CODE,101
16, ADMINISTRATIVE CODES,2
16, AGRICULTURE & MRKTS LAW-UNCLASSIFIED,1
16, ALCOHOLIC BEVERAGE CONTROL LAW,3
16, ARSON,79
16, ASSAULT 3 & RELATED OFFENSES,3603
16, "BURGLARS TOOLS",14
16, BURGLARY,1672
16, CHILD ABANDONMENT/NON SUPPORT,3
16, CRIMINAL MISCHIEF & RELATED OF,3985
16, CRIMINAL TRESPASS,259
16, DANGEROUS DRUGS,724
16, DANGEROUS WEAPONS,794
16, DISORDERLY CONDUCT,1
16, ENDAN WELFARE INCOMP,3
16, ESCAPE 3,2
16, FELONY ASSAULT,1223
16, FORGERY,420
16, FRAUDS,207
16, FRAUDULENT ACCOSTING,3
16, GAMBLING,3
16, GRAND LARCENY,2710
16, GRAND LARCENY OF MOTOR VEHICLE,1043
16, HARRASSMENT 2,4388
16, HOMICIDE-NEGLIGENT-VEHICLE,2
16, INTOXICATED & IMPAIRED DRIVING,565
16, INTOXICATED/IMPAIRED DRIVING,2
16, JOSTLING,1
16, KIDNAPPING & RELATED OFFENSES,17
16, MISCELLANEOUS PENAL LAW,965
16, NYS LAWS-UNCLASSIFIED FELONY,14
16, NYS LAWS-UNCLASSIFIED VIOLATION,1
16, OFF. AGNST PUB ORD SENSBLTY &,1955
16, OFFENSES AGAINST PUBLIC ADMINI,518
16, OFFENSES AGAINST PUBLIC SAFETY,3
16, OFFENSES AGAINST THE PERSON,60
16, OFFENSES INVOLVING FRAUD,63
16, OFFENSES RELATED TO CHILDREN,16
16, OTHER OFFENSES RELATED TO THEF,81
16, OTHER STATE LAWS,1
16, OTHER STATE LAWS NON PENAL LA,13
16, PETIT LARCENY,5546
16, PETIT LARCENY OF MOTOR VEHICLE,9
16, POSSESSION OF STOLEN PROPERTY,198
16, PROSTITUTION & RELATED OFFENSES,5
16, ROBBERY,1359
16, THEFT-FRAUD,354
16, UNAUTHORIZED USE OF A VEHICLE,139
16, VEHICLE AND TRAFFIC LAWS,419
17, ADMINISTRATIVE CODE,110
17, ALCOHOLIC BEVERAGE CONTROL LAW,2
17, ARSON,89
17, ASSAULT 3 & RELATED OFFENSES,3637
17, "BURGLARS TOOLS",14
17, BURGLARY,1732
17, CRIMINAL MISCHIEF & RELATED OF,4110
17, CRIMINAL TRESPASS,294
17, DANGEROUS DRUGS,747
17, DANGEROUS WEAPONS,813
17, DISORDERLY CONDUCT,3
17, DISRUPTION OF A RELIGIOUS SERV,1
17, ENDAN WELFARE INCOMP,1
17, ESCAPE 3,1
17, FELONY ASSAULT,1242
17, FORGERY,424
17, FRAUDS,181
17, FRAUDULENT ACCOSTING,4
17, GAMBLING,4
17, GRAND LARCENY,2726
17, GRAND LARCENY OF MOTOR VEHICLE,1116
17, HARRASSMENT 2,4531
17, INTOXICATED & IMPAIRED DRIVING,605
17, JOSTLING,1
17, KIDNAPPING & RELATED OFFENSES,15
17, MISCELLANEOUS PENAL LAW,947
17, NYS LAWS-UNCLASSIFIED FELONY,14
17, OFF. AGNST PUB ORD SENSBLTY &,1957
17, OFFENSES AGAINST PUBLIC ADMINI,556
17, OFFENSES AGAINST PUBLIC SAFETY,3
17, OFFENSES AGAINST THE PERSON,77
17, OFFENSES INVOLVING FRAUD,54
17, OFFENSES RELATED TO CHILDREN,19
17, OTHER OFFENSES RELATED TO THEF,87
17, OTHER STATE LAWS,5
17, OTHER STATE LAWS NON PENAL LA,10
17, PETIT LARCENY,5489
17, PETIT LARCENY OF MOTOR VEHICLE,10
17, POSSESSION OF STOLEN PROPERTY,190
17, PROSTITUTION & RELATED OFFENSES,4
17, ROBBERY,1331
17, THEFT OF SERVICES,3
17, THEFT-FRAUD,322
17, UNAUTHORIZED USE OF A VEHICLE,161
17, VEHICLE AND TRAFFIC LAWS,412
18, ADMINISTRATIVE CODE,100
18, ADMINISTRATIVE CODES,2
18, AGRICULTURE & MRKTS LAW-UNCLASSIFIED,1
18, ALCOHOLIC BEVERAGE CONTROL LAW,6
18, ARSON,87
18, ASSAULT 3 & RELATED OFFENSES,3659
18, "BURGLARS TOOLS",25
18, BURGLARY,1701
18, CHILD ABANDONMENT/NON SUPPORT,3
18, CRIMINAL MISCHIEF & RELATED OF,3937
18, CRIMINAL TRESPASS,293
18, DANGEROUS DRUGS,706
18, DANGEROUS WEAPONS,852
18, DISORDERLY CONDUCT,2
18, ENDAN WELFARE INCOMP,2
18, FELONY ASSAULT,1193
18, FORGERY,407
18, FRAUDS,150
18, GAMBLING,8
18, GRAND LARCENY,2798
18, GRAND LARCENY OF MOTOR VEHICLE,1088
18, HARRASSMENT 2,4556
18, INTOXICATED & IMPAIRED DRIVING,588
18, JOSTLING,2
18, KIDNAPPING & RELATED OFFENSES,19
18, LOITERING/GAMBLING CARDS DIC,1
18, MISCELLANEOUS PENAL LAW,968
18, NYS LAWS-UNCLASSIFIED FELONY,13
18, OFF. AGNST PUB ORD SENSBLTY &,1971
18, OFFENSES AGAINST PUBLIC ADMINI,558
18, OFFENSES AGAINST PUBLIC SAFETY,2
18, OFFENSES AGAINST THE PERSON,56
18, OFFENSES INVOLVING FRAUD,60
18, OFFENSES RELATED TO CHILDREN,22
18, OTHER OFFENSES RELATED TO THEF,76
18, OTHER STATE LAWS,2
18, OTHER STATE LAWS NON PENAL LA,8
18, PETIT LARCENY,5626
18, PETIT LARCENY OF MOTOR VEHICLE,10
18, POSSESSION OF STOLEN PROPERTY,196
18, PROSTITUTION & RELATED OFFENSES,2
18, ROBBERY,1358
18, THEFT OF SERVICES,6
18, THEFT-FRAUD,364
18, UNAUTHORIZED USE OF A VEHICLE,156
18, VEHICLE AND TRAFFIC LAWS,409
19, ADMINISTRATIVE CODE,103
19, AGRICULTURE & MRKTS LAW-UNCLASSIFIED,1
19, ALCOHOLIC BEVERAGE CONTROL LAW,4
19, ARSON,73
19, ASSAULT 3 & RELATED OFFENSES,3683
19, "BURGLARS TOOLS",12
19, BURGLARY,1657
19, CHILD ABANDONMENT/NON SUPPORT,1
19, CRIMINAL MISCHIEF & RELATED OF,3958
19, CRIMINAL TRESPASS,265
19, DANGEROUS DRUGS,694
19, DANGEROUS WEAPONS,821
19, DISORDERLY CONDUCT,2
19, DISRUPTION OF A RELIGIOUS SERV,2
19, FELONY ASSAULT,1223
19, FORGERY,373
19, FRAUDS,185
19, FRAUDULENT ACCOSTING,4
19, GAMBLING,6
19, GRAND LARCENY,2759
19, GRAND LARCENY OF MOTOR VEHICLE,1132
19, HARRASSMENT 2,4310
19, HOMICIDE-NEGLIGENT-VEHICLE,1
19, INTOXICATED & IMPAIRED DRIVING,555
19, INTOXICATED/IMPAIRED DRIVING,1
19, JOSTLING,1
19, KIDNAPPING & RELATED OFFENSES,14
19, LOITERING/DEVIATE SEX,1
19, LOITERING/GAMBLING CARDS DIC,2
19, MISCELLANEOUS PENAL LAW,939
19, NEW YORK CITY HEALTH CODE,1
19, NYS LAWS-UNCLASSIFIED FELONY,9
19, NYS LAWS-UNCLASSIFIED VIOLATION,1
19, OFF. AGNST PUB ORD SENSBLTY &,1901
19, OFFENSES AGAINST PUBLIC ADMINI,537
19, OFFENSES AGAINST THE PERSON,65
19, OFFENSES INVOLVING FRAUD,52
19, OFFENSES RELATED TO CHILDREN,19
19, OTHER OFFENSES RELATED TO THEF,56
19, OTHER STATE LAWS,3
19, OTHER STATE LAWS NON PENAL LA,8
19, PETIT LARCENY,5436
19, PETIT LARCENY OF MOTOR VEHICLE,4
19, POSSESSION OF STOLEN PROPERTY,182
19, ROBBERY,1412
19, THEFT OF SERVICES,4
19, THEFT-FRAUD,301
19, UNAUTHORIZED USE OF A VEHICLE,151
19, VEHICLE AND TRAFFIC LAWS,422
20, ADMINISTRATIVE CODE,132
20, AGRICULTURE & MRKTS LAW-UNCLASSIFIED,1
20, ALCOHOLIC BEVERAGE CONTROL LAW,4
20, ARSON,73
20, ASSAULT 3 & RELATED OFFENSES,3822
20, "BURGLARS TOOLS",22
20, BURGLARY,1741
20, CHILD ABANDONMENT/NON SUPPORT,5
20, CRIMINAL MISCHIEF & RELATED OF,4107
20, CRIMINAL TRESPASS,284
20, DANGEROUS DRUGS,782
20, DANGEROUS WEAPONS,829
20, DISORDERLY CONDUCT,5
20, ENDAN WELFARE INCOMP,2
20, ESCAPE 3,2
20, FELONY ASSAULT,1293
20, FORGERY,428
20, FRAUDS,222
20, FRAUDULENT ACCOSTING,6
20, GAMBLING,4
20, GRAND LARCENY,2883
20, GRAND LARCENY OF MOTOR VEHICLE,1130
20, HARRASSMENT 2,4679
20, HOMICIDE-NEGLIGENT-VEHICLE,1
20, INTOXICATED & IMPAIRED DRIVING,502
20, JOSTLING,3
20, KIDNAPPING & RELATED OFFENSES,16
20, LOITERING/GAMBLING CARDS DIC,1
20, MISCELLANEOUS PENAL LAW,951
20, NYS LAWS-UNCLASSIFIED FELONY,16
20, OFF. AGNST PUB ORD SENSBLTY &,2159
20, OFFENSES AGAINST PUBLIC ADMINI,553
20, OFFENSES AGAINST PUBLIC SAFETY,5
20, OFFENSES AGAINST THE PERSON,77
20, OFFENSES INVOLVING FRAUD,40
20, OFFENSES RELATED TO CHILDREN,33
20, OTHER OFFENSES RELATED TO THEF,65
20, OTHER STATE LAWS,1
20, OTHER STATE LAWS NON PENAL LA,16
20, PETIT LARCENY,5639
20, PETIT LARCENY OF MOTOR VEHICLE,4
20, POSSESSION OF STOLEN PROPERTY,176
20, PROSTITUTION & RELATED OFFENSES,3
20, ROBBERY,1448
20, THEFT OF SERVICES,4
20, THEFT-FRAUD,422
20, UNAUTHORIZED USE OF A VEHICLE,160
20, UNLAWFUL POSS. WEAP. ON SCHOOL,1
20, VEHICLE AND TRAFFIC LAWS,415
21, ADMINISTRATIVE CODE,98
21, ALCOHOLIC BEVERAGE CONTROL LAW,4
21, ARSON,74
21, ASSAULT 3 & RELATED OFFENSES,3622
21, "BURGLARS TOOLS",19
21, BURGLARY,1658
21, CHILD ABANDONMENT/NON SUPPORT,1
21, CRIMINAL MISCHIEF & RELATED OF,4023
21, CRIMINAL TRESPASS,262
21, DANGEROUS DRUGS,674
21, DANGEROUS WEAPONS,812
21, DISORDERLY CONDUCT,2
21, ENDAN WELFARE INCOMP,2
21, FELONY ASSAULT,1250
21, FORGERY,415
21, FRAUDS,172
21, FRAUDULENT ACCOSTING,3
21, GAMBLING,3
21, GRAND LARCENY,2654
21, GRAND LARCENY OF MOTOR VEHICLE,1137
21, HARRASSMENT 2,4410
21, INTOXICATED & IMPAIRED DRIVING,548
21, JOSTLING,1
21, KIDNAPPING & RELATED OFFENSES,18
21, LOITERING/GAMBLING CARDS DIC,1
21, MISCELLANEOUS PENAL LAW,969
21, NEW YORK CITY HEALTH CODE,1
21, NYS LAWS-UNCLASSIFIED FELONY,18
21, OFF. AGNST PUB ORD SENSBLTY &,1890
21, OFFENSES AGAINST PUBLIC ADMINI,502
21, OFFENSES AGAINST PUBLIC SAFETY,3
21, OFFENSES AGAINST THE PERSON,66
21, OFFENSES INVOLVING FRAUD,38
21, OFFENSES RELATED TO CHILDREN,23
21, OTHER OFFENSES RELATED TO THEF,79
21, OTHER STATE LAWS,3
21, OTHER STATE LAWS NON PENAL LA,14
21, PETIT LARCENY,5641
21, PETIT LARCENY OF MOTOR VEHICLE,3
21, POSSESSION OF STOLEN PROPERTY,192
21, PROSTITUTION & RELATED OFFENSES,4
21, ROBBERY,1408
21, THEFT OF SERVICES,7
21, THEFT-FRAUD,351
21, UNAUTHORIZED USE OF A VEHICLE,134
21, VEHICLE AND TRAFFIC LAWS,441
22, ADMINISTRATIVE CODE,77
22, ALCOHOLIC BEVERAGE CONTROL LAW,1
22, ANTICIPATORY OFFENSES,3
22, ARSON,75
22, ASSAULT 3 & RELATED OFFENSES,3688
22, "BURGLARS TOOLS",26
22, BURGLARY,1711
22, CHILD ABANDONMENT/NON SUPPORT,2
22, CRIMINAL MISCHIEF & RELATED OF,4165
22, CRIMINAL TRESPASS,290
22, DANGEROUS DRUGS,715
22, DANGEROUS WEAPONS,729
22, DISORDERLY CONDUCT,1
22, FELONY ASSAULT,1228
22, FORGERY,377
22, FRAUDS,180
22, FRAUDULENT ACCOSTING,2
22, GAMBLING,1
22, GRAND LARCENY,2739
22, GRAND LARCENY OF MOTOR VEHICLE,1120
22, HARRASSMENT 2,4450
22, HOMICIDE-NEGLIGENT-VEHICLE,2
22, INTOXICATED & IMPAIRED DRIVING,579
22, INTOXICATED/IMPAIRED DRIVING,1
22, JOSTLING,2
22, KIDNAPPING & RELATED OFFENSES,16
22, MISCELLANEOUS PENAL LAW,911
22, NEW YORK CITY HEALTH CODE,3
22, NYS LAWS-UNCLASSIFIED FELONY,10
22, NYS LAWS-UNCLASSIFIED VIOLATION,2
22, OFF. AGNST PUB ORD SENSBLTY &,1956
22, OFFENSES AGAINST PUBLIC ADMINI,531
22, OFFENSES AGAINST PUBLIC SAFETY,1
22, OFFENSES AGAINST THE PERSON,58
22, OFFENSES INVOLVING FRAUD,41
22, OFFENSES RELATED TO CHILDREN,29
22, OTHER OFFENSES RELATED TO THEF,79
22, OTHER STATE LAWS,1
22, OTHER STATE LAWS NON PENAL LA,11
22, PETIT LARCENY,5661
22, PETIT LARCENY OF MOTOR VEHICLE,8
22, POSSESSION OF STOLEN PROPERTY,213
22, PROSTITUTION & RELATED OFFENSES,3
22, ROBBERY,1411
22, THEFT OF SERVICES,3
22, THEFT-FRAUD,350
22, UNAUTHORIZED USE OF A VEHICLE,151
22, VEHICLE AND TRAFFIC LAWS,473
23, ADMINISTRATIVE CODE,96
23, AGRICULTURE & MRKTS LAW-UNCLASSIFIED,1
23, ALCOHOLIC BEVERAGE CONTROL LAW,1
23, ARSON,86
23, ASSAULT 3 & RELATED OFFENSES,3749
23, "BURGLARS TOOLS",15
23, BURGLARY,1786
23, CHILD ABANDONMENT/NON SUPPORT,4
23, CRIMINAL MISCHIEF & RELATED OF,3962
23, CRIMINAL TRESPASS,290
23, DANGEROUS DRUGS,725
23, DANGEROUS WEAPONS,805
23, DISORDERLY CONDUCT,5
23, ENDAN WELFARE INCOMP,2
23, FELONY ASSAULT,1275
23, FORGERY,369
23, FRAUDS,174
23, FRAUDULENT ACCOSTING,1
23, GAMBLING,3
23, GRAND LARCENY,2728
23, GRAND LARCENY OF MOTOR VEHICLE,1144
23, HARRASSMENT 2,4351
23, INTOXICATED & IMPAIRED DRIVING,567
23, KIDNAPPING & RELATED OFFENSES,14
23, LOITERING/GAMBLING CARDS DIC,1
23, MISCELLANEOUS PENAL LAW,936
23, NYS LAWS-UNCLASSIFIED FELONY,17
23, OFF. AGNST PUB ORD SENSBLTY &,1954
23, OFFENSES AGAINST PUBLIC ADMINI,540
23, OFFENSES AGAINST PUBLIC SAFETY,1
23, OFFENSES AGAINST THE PERSON,79
23, OFFENSES INVOLVING FRAUD,38
23, OFFENSES RELATED TO CHILDREN,19
23, OTHER OFFENSES RELATED TO THEF,86
23, OTHER STATE LAWS NON PENAL LA,10
23, PETIT LARCENY,5558
23, PETIT LARCENY OF MOTOR VEHICLE,7
23, POSSESSION OF STOLEN PROPERTY,165
23, PROSTITUTION & RELATED OFFENSES,1
23, ROBBERY,1440
23, THEFT OF SERVICES,3
23, THEFT-FRAUD,368
23, UNAUTHORIZED USE OF A VEHICLE,164
23, UNLAWFUL POSS. WEAP. ON SCHOOL,1
23, VEHICLE AND TRAFFIC LAWS,458
24, ABORTION,1
24, ADMINISTRATIVE CODE,99
24, AGRICULTURE & MRKTS LAW-UNCLASSIFIED,2
24, ALCOHOLIC BEVERAGE CONTROL LAW,3
24, ARSON,78
24, ASSAULT 3 & RELATED OFFENSES,3654
24, "BURGLARS TOOLS",21
24, BURGLARY,1755
24, CHILD ABANDONMENT/NON SUPPORT,2
24, CRIMINAL MISCHIEF & RELATED OF,3902
24, CRIMINAL TRESPASS,269
24, DANGEROUS DRUGS,645
24, DANGEROUS WEAPONS,714
24, DISORDERLY CONDUCT,2
24, ESCAPE 3,2
24, FELONY ASSAULT,1187
24, FORGERY,357
24, FRAUDS,171
24, FRAUDULENT ACCOSTING,4
24, GAMBLING,4
24, GRAND LARCENY,2620
24, GRAND LARCENY OF MOTOR VEHICLE,1151
24, HARRASSMENT 2,4405
24, INTOXICATED & IMPAIRED DRIVING,544
24, INTOXICATED/IMPAIRED DRIVING,1
24, JOSTLING,3
24, KIDNAPPING & RELATED OFFENSES,9
24, MISCELLANEOUS PENAL LAW,906
24, NEW YORK CITY HEALTH CODE,1
24, NYS LAWS-UNCLASSIFIED FELONY,12
24, OFF. AGNST PUB ORD SENSBLTY &,1884
24, OFFENSES AGAINST PUBLIC ADMINI,530
24, OFFENSES AGAINST PUBLIC SAFETY,1
24, OFFENSES AGAINST THE PERSON,63
24, OFFENSES INVOLVING FRAUD,36
24, OFFENSES RELATED TO CHILDREN,9
24, OTHER OFFENSES RELATED TO THEF,59
24, OTHER STATE LAWS,4
24, OTHER STATE LAWS NON PENAL LA,10
24, PETIT LARCENY,5460
24, PETIT LARCENY OF MOTOR VEHICLE,8
24, POSSESSION OF STOLEN PROPERTY,202
24, PROSTITUTION & RELATED OFFENSES,1
24, ROBBERY,1432
24, THEFT OF SERVICES,5
24, THEFT-FRAUD,334
24, UNAUTHORIZED USE OF A VEHICLE,165
24, UNLAWFUL POSS. WEAP. ON SCHOOL,1
24, VEHICLE AND TRAFFIC LAWS,406
25, ADMINISTRATIVE CODE,96
25, AGRICULTURE & MRKTS LAW-UNCLASSIFIED,2
25, ALCOHOLIC BEVERAGE CONTROL LAW,2
25, ARSON,80
25, ASSAULT 3 & RELATED OFFENSES,3774
25, "BURGLARS TOOLS",16
25, BURGLARY,1636
25, CHILD ABANDONMENT/NON SUPPORT,2
25, CRIMINAL MISCHIEF & RELATED OF,3904
25, CRIMINAL TRESPASS,308
25, DANGEROUS DRUGS,625
25, DANGEROUS WEAPONS,699
25, DISORDERLY CONDUCT,1
25, ENDAN WELFARE INCOMP,3
25, FELONY ASSAULT,1312
25, FORGERY,377
25, FRAUDS,165
25, FRAUDULENT ACCOSTING,2
25, GAMBLING,2
25, GRAND LARCENY,2570
25, GRAND LARCENY OF MOTOR VEHICLE,1098
25, HARRASSMENT 2,4409
25, INTOXICATED & IMPAIRED DRIVING,560
25, INTOXICATED/IMPAIRED DRIVING,2
25, JOSTLING,2
25, KIDNAPPING & RELATED OFFENSES,23
25, LOITERING/DEVIATE SEX,2
25, MISCELLANEOUS PENAL LAW,967
25, NEW YORK CITY HEALTH CODE,1
25, NYS LAWS-UNCLASSIFIED FELONY,15
25, OFF. AGNST PUB ORD SENSBLTY &,2009
25, OFFENSES AGAINST PUBLIC ADMINI,530
25, OFFENSES AGAINST PUBLIC SAFETY,2
25, OFFENSES AGAINST THE PERSON,72
25, OFFENSES INVOLVING FRAUD,36
25, OFFENSES RELATED TO CHILDREN,7
25, OTHER OFFENSES RELATED TO THEF,75
25, OTHER STATE LAWS,1
25, OTHER STATE LAWS NON PENAL LA,4
25, PETIT LARCENY,5232
25, PETIT LARCENY OF MOTOR VEHICLE,8
25, POSSESSION OF STOLEN PROPERTY,184
25, PROSTITUTION & RELATED OFFENSES,7
25, ROBBERY,1348
25, THEFT OF SERVICES,1
25, THEFT-FRAUD,340
25, UNAUTHORIZED USE OF A VEHICLE,155
25, VEHICLE AND TRAFFIC LAWS,415
26, ADMINISTRATIVE CODE,108
26, AGRICULTURE & MRKTS LAW-UNCLASSIFIED,1
26, ALCOHOLIC BEVERAGE CONTROL LAW,2
26, ANTICIPATORY OFFENSES,1
26, ARSON,70
26, ASSAULT 3 & RELATED OFFENSES,3734
26, "BURGLARS TOOLS",13
26, BURGLARY,1658
26, CHILD ABANDONMENT/NON SUPPORT,2
26, CRIMINAL MISCHIEF & RELATED OF,3945
26, CRIMINAL TRESPASS,270
26, DANGEROUS DRUGS,617
26, DANGEROUS WEAPONS,724
26, DISORDERLY CONDUCT,3
26, ENDAN WELFARE INCOMP,1
26, ESCAPE 3,1
26, FELONY ASSAULT,1258
26, FORGERY,366
26, FRAUDS,182
26, FRAUDULENT ACCOSTING,3
26, GAMBLING,3
26, GRAND LARCENY,2654
26, GRAND LARCENY OF MOTOR VEHICLE,1098
26, HARRASSMENT 2,4360
26, INTOXICATED & IMPAIRED DRIVING,557
26, JOSTLING,5
26, KIDNAPPING & RELATED OFFENSES,11
26, MISCELLANEOUS PENAL LAW,986
26, NYS LAWS-UNCLASSIFIED FELONY,9
26, OFF. AGNST PUB ORD SENSBLTY &,1872
26, OFFENSES AGAINST PUBLIC ADMINI,493
26, OFFENSES AGAINST PUBLIC SAFETY,2
26, OFFENSES AGAINST THE PERSON,72
26, OFFENSES INVOLVING FRAUD,42
26, OFFENSES RELATED TO CHILDREN,18
26, OTHER OFFENSES RELATED TO THEF,80
26, OTHER STATE LAWS,2
26, OTHER STATE LAWS NON PENAL LA,11
26, OTHER TRAFFIC INFRACTION,1
26, PETIT LARCENY,5423
26, PETIT LARCENY OF MOTOR VEHICLE,7
26, POSSESSION OF STOLEN PROPERTY,178
26, PROSTITUTION & RELATED OFFENSES,8
26, ROBBERY,1294
26, THEFT OF SERVICES,1
26, THEFT-FRAUD,328
26, UNAUTHORIZED USE OF A VEHICLE,158
26, VEHICLE AND TRAFFIC LAWS,384
27, ADMINISTRATIVE CODE,98
27, AGRICULTURE & MRKTS LAW-UNCLASSIFIED,1
27, ALCOHOLIC BEVERAGE CONTROL LAW,4
27, ANTICIPATORY OFFENSES,1
27, ARSON,67
27, ASSAULT 3 & RELATED OFFENSES,3672
27, "BURGLARS TOOLS",12
27, BURGLARY,1736
27, CHILD ABANDONMENT/NON SUPPORT,2
27, CRIMINAL MISCHIEF & RELATED OF,3776
27, CRIMINAL TRESPASS,279
27, DANGEROUS DRUGS,693
27, DANGEROUS WEAPONS,763
27, DISORDERLY CONDUCT,1
27, DISRUPTION OF A RELIGIOUS SERV,1
27, ESCAPE 3,1
27, FELONY ASSAULT,1272
27, FORGERY,368
27, FRAUDS,171
27, FRAUDULENT ACCOSTING,1
27, GAMBLING,3
27, GRAND LARCENY,2677
27, GRAND LARCENY OF MOTOR VEHICLE,1046
27, HARRASSMENT 2,4315
27, HOMICIDE-NEGLIGENT-VEHICLE,2
27, HOMICIDE-NEGLIGENTUNCLASSIFIE,1
27, INTOXICATED & IMPAIRED DRIVING,583
27, INTOXICATED/IMPAIRED DRIVING,1
27, JOSTLING,2
27, KIDNAPPING,1
27, KIDNAPPING & RELATED OFFENSES,12
27, LOITERING,1
27, LOITERING/DEVIATE SEX,2
27, MISCELLANEOUS PENAL LAW,885
27, NYS LAWS-UNCLASSIFIED FELONY,16
27, OFF. AGNST PUB ORD SENSBLTY &,1983
27, OFFENSES AGAINST PUBLIC ADMINI,523
27, OFFENSES AGAINST PUBLIC SAFETY,1
27, OFFENSES AGAINST THE PERSON,64
27, OFFENSES INVOLVING FRAUD,40
27, OFFENSES RELATED TO CHILDREN,20
27, OTHER OFFENSES RELATED TO THEF,79
27, OTHER STATE LAWS NON PENAL LA,12
27, PETIT LARCENY,5514
27, PETIT LARCENY OF MOTOR VEHICLE,4
27, POSSESSION OF STOLEN PROPERTY,193
27, PROSTITUTION & RELATED OFFENSES,2
27, ROBBERY,1359
27, THEFT OF SERVICES,2
27, THEFT-FRAUD,344
27, UNAUTHORIZED USE OF A VEHICLE,154
27, UNLAWFUL POSS. WEAP. ON SCHOOL,1
27, VEHICLE AND TRAFFIC LAWS,411
28, ADMINISTRATIVE CODE,100
28, AGRICULTURE & MRKTS LAW-UNCLASSIFIED,2
28, ARSON,88
28, ASSAULT 3 & RELATED OFFENSES,3769
28, "BURGLARS TOOLS",20
28, BURGLARY,1679
28, CHILD ABANDONMENT/NON SUPPORT,3
28, CRIMINAL MISCHIEF & RELATED OF,4002
28, CRIMINAL TRESPASS,265
28, DANGEROUS DRUGS,649
28, DANGEROUS WEAPONS,736
28, DISORDERLY CONDUCT,1
28, FELONY ASSAULT,1240
28, FORGERY,363
28, FRAUDS,196
28, FRAUDULENT ACCOSTING,3
28, GAMBLING,2
28, GRAND LARCENY,2692
28, GRAND LARCENY OF MOTOR VEHICLE,1081
28, HARRASSMENT 2,4398
28, INTOXICATED & IMPAIRED DRIVING,473
28, INTOXICATED/IMPAIRED DRIVING,2
28, JOSTLING,2
28, KIDNAPPING & RELATED OFFENSES,13
28, MISCELLANEOUS PENAL LAW,914
28, NEW YORK CITY HEALTH CODE,1
28, NYS LAWS-UNCLASSIFIED FELONY,11
28, OFF. AGNST PUB ORD SENSBLTY &,1965
28, OFFENSES AGAINST PUBLIC ADMINI,538
28, OFFENSES AGAINST PUBLIC SAFETY,3
28, OFFENSES AGAINST THE PERSON,80
28, OFFENSES INVOLVING FRAUD,36
28, OFFENSES RELATED TO CHILDREN,15
28, OTHER OFFENSES RELATED TO THEF,88
28, OTHER STATE LAWS,3
28, OTHER STATE LAWS NON PENAL LA,7
28, PETIT LARCENY,5575
28, PETIT LARCENY OF MOTOR VEHICLE,6
28, POSSESSION OF STOLEN PROPERTY,178
28, PROSTITUTION & RELATED OFFENSES,4
28, ROBBERY,1405
28, THEFT OF SERVICES,2
28, THEFT-FRAUD,357
28, UNAUTHORIZED USE OF A VEHICLE,134
28, VEHICLE AND TRAFFIC LAWS,455
29, ADMINISTRATIVE CODE,76
29, AGRICULTURE & MRKTS LAW-UNCLASSIFIED,2
29, ALCOHOLIC BEVERAGE CONTROL LAW,4
29, ARSON,65
29, ASSAULT 3 & RELATED OFFENSES,3518
29, "BURGLARS TOOLS",18
29, BURGLARY,1630
29, CHILD ABANDONMENT/NON SUPPORT,1
29, CRIMINAL MISCHIEF & RELATED OF,3608
29, CRIMINAL TRESPASS,250
29, DANGEROUS DRUGS,618
29, DANGEROUS WEAPONS,724
29, ENDAN WELFARE INCOMP,2
29, FELONY ASSAULT,1143
29, FORGERY,358
29, FRAUDS,160
29, FRAUDULENT ACCOSTING,1
29, GAMBLING,4
29, GRAND LARCENY,2502
29, GRAND LARCENY OF MOTOR VEHICLE,997
29, HARRASSMENT 2,4054
29, HOMICIDE-NEGLIGENT-VEHICLE,1
29, INTOXICATED & IMPAIRED DRIVING,516
29, JOSTLING,1
29, KIDNAPPING,1
29, KIDNAPPING & RELATED OFFENSES,19
29, LOITERING/GAMBLING CARDS DIC,1
29, MISCELLANEOUS PENAL LAW,813
29, NYS LAWS-UNCLASSIFIED FELONY,15
29, NYS LAWS-UNCLASSIFIED VIOLATION,1
29, OFF. AGNST PUB ORD SENSBLTY &,1768
29, OFFENSES AGAINST PUBLIC ADMINI,483
29, OFFENSES AGAINST PUBLIC SAFETY,2
29, OFFENSES AGAINST THE PERSON,68
29, OFFENSES INVOLVING FRAUD,33
29, OFFENSES RELATED TO CHILDREN,43
29, OTHER OFFENSES RELATED TO THEF,58
29, OTHER STATE LAWS,3
29, OTHER STATE LAWS NON PENAL LA,11
29, PETIT LARCENY,5034
29, PETIT LARCENY OF MOTOR VEHICLE,7
29, POSSESSION OF STOLEN PROPERTY,168
29, PROSTITUTION & RELATED OFFENSES,3
29, ROBBERY,1263
29, THEFT-FRAUD,346
29, UNAUTHORIZED USE OF A VEHICLE,124
29, VEHICLE AND TRAFFIC LAWS,384
30, ADMINISTRATIVE CODE,81
30, ADMINISTRATIVE CODES,1
30, AGRICULTURE & MRKTS LAW-UNCLASSIFIED,2
30, ALCOHOLIC BEVERAGE CONTROL LAW,3
30, ANTICIPATORY OFFENSES,1
30, ARSON,91
30, ASSAULT 3 & RELATED OFFENSES,3427
30, "BURGLARS TOOLS",23
30, BURGLARY,1617
30, CHILD ABANDONMENT/NON SUPPORT,4
30, CRIMINAL MISCHIEF & RELATED OF,3627
30, CRIMINAL TRESPASS,254
30, DANGEROUS DRUGS,594
30, DANGEROUS WEAPONS,642
30, DISRUPTION OF A RELIGIOUS SERV,1
30, ENDAN WELFARE INCOMP,1
30, FELONY ASSAULT,1189
30, FORGERY,351
30, FRAUDS,157
30, FRAUDULENT ACCOSTING,2
30, GAMBLING,3
30, GRAND LARCENY,2572
30, GRAND LARCENY OF MOTOR VEHICLE,1023
30, HARRASSMENT 2,4038
30, INTOXICATED & IMPAIRED DRIVING,464
30, JOSTLING,1
30, KIDNAPPING & RELATED OFFENSES,9
30, LOITERING FOR DRUG PURPOSES,1
30, LOITERING/GAMBLING CARDS DIC,3
30, MISCELLANEOUS PENAL LAW,879
30, NYS LAWS-UNCLASSIFIED FELONY,16
30, OFF. AGNST PUB ORD SENSBLTY &,1749
30, OFFENSES AGAINST PUBLIC ADMINI,478
30, OFFENSES AGAINST PUBLIC SAFETY,1
30, OFFENSES AGAINST THE PERSON,64
30, OFFENSES INVOLVING FRAUD,54
30, OFFENSES RELATED TO CHILDREN,35
30, OTHER OFFENSES RELATED TO THEF,64
30, OTHER STATE LAWS NON PENAL LA,7
30, PETIT LARCENY,5102
30, PETIT LARCENY OF MOTOR VEHICLE,6
30, POSSESSION OF STOLEN PROPERTY,190
30, PROSTITUTION & RELATED OFFENSES,2
30, ROBBERY,1323
30, THEFT OF SERVICES,5
30, THEFT-FRAUD,300
30, UNAUTHORIZED USE OF A VEHICLE,130
30, UNLAWFUL POSS. WEAP. ON SCHOOL,1
30, VEHICLE AND TRAFFIC LAWS,448
31, ADMINISTRATIVE CODE,64
31, ARSON,59
31, ASSAULT 3 & RELATED OFFENSES,2207
31, "BURGLARS TOOLS",5
31, BURGLARY,1030
31, CRIMINAL MISCHIEF & RELATED OF,2470
31, CRIMINAL TRESPASS,158
31, DANGEROUS DRUGS,339
31, DANGEROUS WEAPONS,432
31, ENDAN WELFARE INCOMP,2
31, ESCAPE 3,1
31, FELONY ASSAULT,785
31, FORGERY,174
31, FRAUDS,104
31, FRAUDULENT ACCOSTING,4
31, GAMBLING,1
31, GRAND LARCENY,1527
31, GRAND LARCENY OF MOTOR VEHICLE,618
31, HARRASSMENT 2,2584
31, INTOXICATED & IMPAIRED DRIVING,303
31, JOSTLING,1
31, KIDNAPPING & RELATED OFFENSES,10
31, MISCELLANEOUS PENAL LAW,587
31, NYS LAWS-UNCLASSIFIED FELONY,8
31, OFF. AGNST PUB ORD SENSBLTY &,1141
31, OFFENSES AGAINST PUBLIC ADMINI,283
31, OFFENSES AGAINST PUBLIC SAFETY,2
31, OFFENSES AGAINST THE PERSON,37
31, OFFENSES INVOLVING FRAUD,28
31, OFFENSES RELATED TO CHILDREN,14
31, OTHER OFFENSES RELATED TO THEF,35
31, OTHER STATE LAWS NON PENAL LA,2
31, PETIT LARCENY,3035
31, PETIT LARCENY OF MOTOR VEHICLE,6
31, POSSESSION OF STOLEN PROPERTY,92
31, PROSTITUTION & RELATED OFFENSES,1
31, ROBBERY,820
31, THEFT OF SERVICES,1
31, THEFT-FRAUD,211
31, UNAUTHORIZED USE OF A VEHICLE,107
31, VEHICLE AND TRAFFIC LAWS,245
