01, ADMINISTRATIVE CODE,32
01, AGRICULTURE & MRKTS LAW-UNCLASSIFIED,1
01, ARSON,26
01, ASSAULT 3 & RELATED OFFENSES,867
01, "BURGLARS TOOLS",2
01, BURGLARY,260
01, CHILD ABANDONMENT/NON SUPPORT,1
01, CRIMINAL MISCHIEF & RELATED OF,2050
01, CRIMINAL TRESPASS,64
01, DANGEROUS DRUGS,379
01, DANGEROUS WEAPONS,163
01, FELONY ASSAULT,226
01, FORGERY,50
01, FRAUDS,205
01, GAMBLING,1
01, GRAND LARCENY,637
01, GRAND LARCENY OF MOTOR VEHICLE,133
01, HARRASSMENT 2,1846
01, HOMICIDE-NEGLIGENT-VEHICLE,1
01, INTOXICATED & IMPAIRED DRIVING,210
01, KIDNAPPING & RELATED OFFENSES,3
01, MISCELLANEOUS PENAL LAW,181
01, NYS LAWS-UNCLASSIFIED FELONY,15
01, OFF. AGNST PUB ORD SENSBLTY &,1123
01, OFFENSES AGAINST PUBLIC ADMINI,246
01, OFFENSES AGAINST PUBLIC SAFETY,9
01, OFFENSES AGAINST THE PERSON,20
01, OFFENSES INVOLVING FRAUD,9
01, OFFENSES RELATED TO CHILDREN,3
01, OTHER OFFENSES RELATED TO THEF,19
01, OTHER STATE LAWS NON PENAL LA,9
01, PETIT LARCENY,1566
01, PETIT LARCENY OF MOTOR VEHICLE,3
01, POSSESSION OF STOLEN PROPERTY,35
01, ROBBERY,169
01, THEFT-FRAUD,276
01, UNAUTHORIZED USE OF A VEHICLE,68
01, UNLAWFUL POSS. WEAP. ON SCHOOL,1
01, VEHICLE AND TRAFFIC LAWS,59
02, ADMINISTRATIVE CODE,20
02, ALCOHOLIC BEVERAGE CONTROL LAW,3
02, ARSON,41
02, ASSAULT 3 & RELATED OFFENSES,786
02, "BURGLARS TOOLS",2
02, BURGLARY,229
02, CHILD ABANDONMENT/NON SUPPORT,1
02, CRIMINAL MISCHIEF & RELATED OF,1187
02, CRIMINAL TRESPASS,46
02, DANGEROUS DRUGS,403
02, DANGEROUS WEAPONS,140
02, FELONY ASSAULT,195
02, FORGERY,46
02, FRAUDS,106
02, GRAND LARCENY,372
02, GRAND LARCENY OF MOTOR VEHICLE,123
02, HARRASSMENT 2,1608
02, INTOXICATED & IMPAIRED DRIVING,190
02, KIDNAPPING & RELATED OFFENSES,5
02, MISCELLANEOUS PENAL LAW,197
02, NYS LAWS-UNCLASSIFIED FELONY,9
02, OFF. AGNST PUB ORD SENSBLTY &,715
02, OFFENSES AGAINST PUBLIC ADMINI,234
02, OFFENSES AGAINST PUBLIC SAFETY,1
02, OFFENSES AGAINST THE PERSON,16
02, OFFENSES INVOLVING FRAUD,9
02, OTHER OFFENSES RELATED TO THEF,17
02, OTHER STATE LAWS,2
02, OTHER STATE LAWS NON PENAL LA,4
02, PETIT LARCENY,1264
02, PETIT LARCENY OF MOTOR VEHICLE,2
02, POSSESSION OF STOLEN PROPERTY,30
02, ROBBERY,152
02, THEFT-FRAUD,105
02, UNAUTHORIZED USE OF A VEHICLE,60
02, VEHICLE AND TRAFFIC LAWS,60
03, ADMINISTRATIVE CODE,23
03, AGRICULTURE & MRKTS LAW-UNCLASSIFIED,1
03, ALCOHOLIC BEVERAGE CONTROL LAW,1
03, ARSON,31
03, ASSAULT 3 & RELATED OFFENSES,747
03, "BURGLARS TOOLS",1
03, BURGLARY,204
03, CRIMINAL MISCHIEF & RELATED OF,1134
03, CRIMINAL TRESPASS,44
03, DANGEROUS DRUGS,402
03, DANGEROUS WEAPONS,154
03, DISORDERLY CONDUCT,17
03, FELONY ASSAULT,199
03, FORGERY,28
03, FRAUDS,99
03, FRAUDULENT ACCOSTING,1
03, GAMBLING,1
03, GRAND LARCENY,403
03, GRAND LARCENY OF MOTOR VEHICLE,123
03, HARRASSMENT 2,1575
03, INTOXICATED & IMPAIRED DRIVING,203
03, KIDNAPPING & RELATED OFFENSES,2
03, MISCELLANEOUS PENAL LAW,158
03, NYS LAWS-UNCLASSIFIED FELONY,6
03, OFF. AGNST PUB ORD SENSBLTY &,678
03, OFFENSES AGAINST PUBLIC ADMINI,247
03, OFFENSES AGAINST PUBLIC SAFETY,7
03, OFFENSES AGAINST THE PERSON,24
03, OFFENSES INVOLVING FRAUD,9
03, OFFENSES RELATED TO CHILDREN,1
03, OTHER OFFENSES RELATED TO THEF,6
03, OTHER STATE LAWS,1
03, OTHER STATE LAWS NON PENAL LA,3
03, PETIT LARCENY,1306
03, POSSESSION OF STOLEN PROPERTY,38
03, ROBBERY,152
03, THEFT-FRAUD,103
03, UNAUTHORIZED USE OF A VEHICLE,46
03, VEHICLE AND TRAFFIC LAWS,56
04, ADMINISTRATIVE CODE,17
04, ALCOHOLIC BEVERAGE CONTROL LAW,1
04, ARSON,26
04, ASSAULT 3 & RELATED OFFENSES,842
04, "BURGLARS TOOLS",5
04, BURGLARY,227
04, CRIMINAL MISCHIEF & RELATED OF,1230
04, CRIMINAL TRESPASS,41
04, DANGEROUS DRUGS,404
04, DANGEROUS WEAPONS,157
04, FELONY ASSAULT,201
04, FORGERY,30
04, FRAUDS,81
04, GRAND LARCENY,396
04, GRAND LARCENY OF MOTOR VEHICLE,126
04, HARRASSMENT 2,1592
04, HOMICIDE-NEGLIGENT-VEHICLE,3
04, HOMICIDE-NEGLIGENTUNCLASSIFIE,1
04, INTOXICATED & IMPAIRED DRIVING,224
04, KIDNAPPING & RELATED OFFENSES,4
04, MISCELLANEOUS PENAL LAW,148
04, NYS LAWS-UNCLASSIFIED FELONY,11
04, OFF. AGNST PUB ORD SENSBLTY &,648
04, OFFENSES AGAINST PUBLIC ADMINI,239
04, OFFENSES AGAINST PUBLIC SAFETY,7
04, OFFENSES AGAINST THE PERSON,28
04, OFFENSES INVOLVING FRAUD,8
04, OFFENSES RELATED TO CHILDREN,1
04, OTHER OFFENSES RELATED TO THEF,12
04, OTHER STATE LAWS NON PENAL LA,4
04, PETIT LARCENY,1288
04, POSSESSION OF STOLEN PROPERTY,32
04, PROSTITUTION & RELATED OFFENSES,1
04, ROBBERY,150
04, THEFT-FRAUD,115
04, UNAUTHORIZED USE OF A VEHICLE,42
04, VEHICLE AND TRAFFIC LAWS,56
05, ADMINISTRATIVE CODE,21
05, ALCOHOLIC BEVERAGE CONTROL LAW,3
05, ANTICIPATORY OFFENSES,1
05, ARSON,34
05, ASSAULT 3 & RELATED OFFENSES,839
05, "BURGLARS TOOLS",3
05, BURGLARY,210
05, CRIMINAL MISCHIEF & RELATED OF,1221
05, CRIMINAL TRESPASS,55
05, DANGEROUS DRUGS,415
05, DANGEROUS WEAPONS,152
05, DISORDERLY CONDUCT,2
05, FELONY ASSAULT,205
05, FORGERY,34
05, FRAUDS,86
05, GRAND LARCENY,381
05, GRAND LARCENY OF MOTOR VEHICLE,113
05, HARRASSMENT 2,1577
05, INTOXICATED & IMPAIRED DRIVING,205
05, KIDNAPPING & RELATED OFFENSES,3
05, MISCELLANEOUS PENAL LAW,172
05, NYS LAWS-UNCLASSIFIED FELONY,8
05, OFF. AGNST PUB ORD SENSBLTY &,659
05, OFFENSES AGAINST PUBLIC ADMINI,238
05, OFFENSES AGAINST THE PERSON,17
05, OFFENSES INVOLVING FRAUD,8
05, OTHER OFFENSES RELATED TO THEF,13
05, OTHER STATE LAWS,1
05, OTHER STATE LAWS NON PENAL LA,4
05, PETIT LARCENY,1296
05, POSSESSION OF STOLEN PROPERTY,39
05, PROSTITUTION & RELATED OFFENSES,1
05, ROBBERY,131
05, THEFT-FRAUD,112
05, UNAUTHORIZED USE OF A VEHICLE,49
05, VEHICLE AND TRAFFIC LAWS,59
06, ADMINISTRATIVE CODE,16
06, AGRICULTURE & MRKTS LAW-UNCLASSIFIED,1
06, ARSON,33
06, ASSAULT 3 & RELATED OFFENSES,796
06, "BURGLARS TOOLS",2
06, BURGLARY,254
06, CHILD ABANDONMENT/NON SUPPORT,1
06, CRIMINAL MISCHIEF & RELATED OF,1215
06, CRIMINAL TRESPASS,57
06, DANGEROUS DRUGS,404
06, DANGEROUS WEAPONS,135
06, DISORDERLY CONDUCT,1
06, FELONY ASSAULT,207
06, FORGERY,40
06, FRAUDS,86
06, GRAND LARCENY,393
06, GRAND LARCENY OF MOTOR VEHICLE,139
06, HARRASSMENT 2,1513
06, HOMICIDE-NEGLIGENT-VEHICLE,1
06, INTOXICATED & IMPAIRED DRIVING,224
06, KIDNAPPING & RELATED OFFENSES,5
06, MISCELLANEOUS PENAL LAW,158
06, NYS LAWS-UNCLASSIFIED FELONY,4
06, OFF. AGNST PUB ORD SENSBLTY &,647
06, OFFENSES AGAINST PUBLIC ADMINI,278
06, OFFENSES AGAINST PUBLIC SAFETY,4
06, OFFENSES AGAINST THE PERSON,15
06, OFFENSES INVOLVING FRAUD,8
06, OFFENSES RELATED TO CHILDREN,2
06, OTHER OFFENSES RELATED TO THEF,17
06, OTHER STATE LAWS,1
06, OTHER STATE LAWS NON PENAL LA,4
06, PETIT LARCENY,1301
06, POSSESSION OF STOLEN PROPERTY,33
06, ROBBERY,143
06, THEFT-FRAUD,100
06, UNAUTHORIZED USE OF A VEHICLE,35
06, VEHICLE AND TRAFFIC LAWS,57
07, ADMINISTRATIVE CODE,16
07, ALCOHOLIC BEVERAGE CONTROL LAW,1
07, ARSON,27
07, ASSAULT 3 & RELATED OFFENSES,797
07, "BURGLARS TOOLS",3
07, BURGLARY,231
07, CRIMINAL MISCHIEF & RELATED OF,1121
07, CRIMINAL TRESPASS,43
07, DANGEROUS DRUGS,419
07, DANGEROUS WEAPONS,180
07, ESCAPE 3,1
07, FELONY ASSAULT,188
07, FORGERY,46
07, FRAUDS,88
07, FRAUDULENT ACCOSTING,1
07, GRAND LARCENY,379
07, GRAND LARCENY OF MOTOR VEHICLE,117
07, HARRASSMENT 2,1646
07, INTOXICATED & IMPAIRED DRIVING,180
07, MISCELLANEOUS PENAL LAW,154
07, NYS LAWS-UNCLASSIFIED FELONY,3
07, OFF. AGNST PUB ORD SENSBLTY &,725
07, OFFENSES AGAINST PUBLIC ADMINI,266
07, OFFENSES AGAINST PUBLIC SAFETY,4
07, OFFENSES AGAINST THE PERSON,19
07, OFFENSES INVOLVING FRAUD,15
07, OFFENSES RELATED TO CHILDREN,1
07, OTHER OFFENSES RELATED TO THEF,23
07, OTHER STATE LAWS NON PENAL LA,5
07, PETIT LARCENY,1321
07, POSSESSION OF STOLEN PROPERTY,37
07, ROBBERY,171
07, THEFT-FRAUD,130
07, UNAUTHORIZED USE OF A VEHICLE,41
07, VEHICLE AND TRAFFIC LAWS,39
08, ADMINISTRATIVE CODE,20
08, AGRICULTURE & MRKTS LAW-UNCLASSIFIED,1
08, ALCOHOLIC BEVERAGE CONTROL LAW,1
08, ARSON,26
08, ASSAULT 3 & RELATED OFFENSES,761
08, "BURGLARS TOOLS",1
08, BURGLARY,227
08, CRIMINAL MISCHIEF & RELATED OF,1228
08, CRIMINAL TRESPASS,49
08, DANGEROUS DRUGS,391
08, DANGEROUS WEAPONS,164
08, ESCAPE 3,1
08, FELONY ASSAULT,225
08, FORGERY,49
08, FRAUDS,72
08, GRAND LARCENY,408
08, GRAND LARCENY OF MOTOR VEHICLE,125
08, HARRASSMENT 2,1524
08, INTOXICATED & IMPAIRED DRIVING,178
08, KIDNAPPING & RELATED OFFENSES,2
08, MISCELLANEOUS PENAL LAW,168
08, NYS LAWS-UNCLASSIFIED FELONY,7
08, OFF. AGNST PUB ORD SENSBLTY &,622
08, OFFENSES AGAINST PUBLIC ADMINI,257
08, OFFENSES AGAINST PUBLIC SAFETY,2
08, OFFENSES AGAINST THE PERSON,18
08, OFFENSES INVOLVING FRAUD,18
08, OTHER OFFENSES RELATED TO THEF,11
08, OTHER STATE LAWS NON PENAL LA,5
08, PETIT LARCENY,1249
08, PETIT LARCENY OF MOTOR VEHICLE,1
08, POSSESSION OF STOLEN PROPERTY,45
08, ROBBERY,166
08, THEFT-FRAUD,102
08, UNAUTHORIZED USE OF A VEHICLE,54
08, VEHICLE AND TRAFFIC LAWS,52
09, ADMINISTRATIVE CODE,19
09, ALCOHOLIC BEVERAGE CONTROL LAW,3
09, ARSON,33
09, ASSAULT 3 & RELATED OFFENSES,812
09, "BURGLARS TOOLS",2
09, BURGLARY,253
09, CRIMINAL MISCHIEF & RELATED OF,1205
09, CRIMINAL TRESPASS,47
09, DANGEROUS DRUGS,389
09, DANGEROUS WEAPONS,167
09, DISORDERLY CONDUCT,1
09, FELONY ASSAULT,174
09, FORGERY,33
09, FRAUDS,86
09, GAMBLING,1
09, GRAND LARCENY,395
09, GRAND LARCENY OF MOTOR VEHICLE,118
09, HARRASSMENT 2,1561
09, INTOXICATED & IMPAIRED DRIVING,190
09, KIDNAPPING & RELATED OFFENSES,2
09, MISCELLANEOUS PENAL LAW,170
09, NYS LAWS-UNCLASSIFIED FELONY,8
09, OFF. AGNST PUB ORD SENSBLTY &,623
09, OFFENSES AGAINST PUBLIC ADMINI,243
09, OFFENSES AGAINST PUBLIC SAFETY,1
09, OFFENSES AGAINST THE PERSON,21
09, OFFENSES INVOLVING FRAUD,11
09, OTHER OFFENSES RELATED TO THEF,14
09, OTHER STATE LAWS NON PENAL LA,4
09, PETIT LARCENY,1271
09, PETIT LARCENY OF MOTOR VEHICLE,2
09, POSSESSION OF STOLEN PROPERTY,45
09, ROBBERY,139
09, THEFT-FRAUD,120
09, UNAUTHORIZED USE OF A VEHICLE,37
09, VEHICLE AND TRAFFIC LAWS,49
10, ADMINISTRATIVE CODE,19
10, ARSON,20
10, ASSAULT 3 & RELATED OFFENSES,795
10, "BURGLARS TOOLS",2
10, BURGLARY,233
10, CRIMINAL MISCHIEF & RELATED OF,1224
10, CRIMINAL TRESPASS,42
10, DANGEROUS DRUGS,394
10, DANGEROUS WEAPONS,176
10, ENDAN WELFARE INCOMP,1
10, FELONY ASSAULT,185
10, FORGERY,34
10, FRAUDS,92
10, FRAUDULENT ACCOSTING,1
10, GAMBLING,1
10, GRAND LARCENY,408
10, GRAND LARCENY OF MOTOR VEHICLE,125
10, HARRASSMENT 2,1703
10, INTOXICATED & IMPAIRED DRIVING,184
10, MISCELLANEOUS PENAL LAW,173
10, NYS LAWS-UNCLASSIFIED FELONY,7
10, OFF. AGNST PUB ORD SENSBLTY &,636
10, OFFENSES AGAINST PUBLIC ADMINI,253
10, OFFENSES AGAINST PUBLIC SAFETY,2
10, OFFENSES AGAINST THE PERSON,19
10, OFFENSES INVOLVING FRAUD,8
10, OTHER OFFENSES RELATED TO THEF,13
10, OTHER STATE LAWS NON PENAL LA,3
10, PETIT LARCENY,1405
10, POSSESSION OF STOLEN PROPERTY,36
10, ROBBERY,170
10, THEFT-FRAUD,125
10, UNAUTHORIZED USE OF A VEHICLE,39
10, VEHICLE AND TRAFFIC LAWS,46
11, ADMINISTRATIVE CODE,15
11, ARSON,21
11, ASSAULT 3 & RELATED OFFENSES,859
11, "BURGLARS TOOLS",2
11, BURGLARY,242
11, CHILD ABANDONMENT/NON SUPPORT,1
11, CRIMINAL MISCHIEF & RELATED OF,1162
11, CRIMINAL TRESPASS,44
11, DANGEROUS DRUGS,386
11, DANGEROUS WEAPONS,155
11, ENDAN WELFARE INCOMP,1
11, FELONY ASSAULT,225
11, FORGERY,40
11, FRAUDS,92
11, GAMBLING,1
11, GRAND LARCENY,391
11, GRAND LARCENY OF MOTOR VEHICLE,126
11, HARRASSMENT 2,1536
11, INTOXICATED & IMPAIRED DRIVING,176
11, KIDNAPPING & RELATED OFFENSES,2
11, MISCELLANEOUS PENAL LAW,183
11, NYS LAWS-UNCLASSIFIED FELONY,7
11, OFF. AGNST PUB ORD SENSBLTY &,648
11, OFFENSES AGAINST PUBLIC ADMINI,218
11, OFFENSES AGAINST PUBLIC SAFETY,1
11, OFFENSES AGAINST THE PERSON,15
11, OFFENSES INVOLVING FRAUD,12
11, OFFENSES RELATED TO CHILDREN,1
11, OTHER OFFENSES RELATED TO THEF,16
11, OTHER STATE LAWS NON PENAL LA,1
11, PETIT LARCENY,1266
11, PETIT LARCENY OF MOTOR VEHICLE,1
11, POSSESSION OF STOLEN PROPERTY,37
11, ROBBERY,143
11, THEFT-FRAUD,105
11, UNAUTHORIZED USE OF A VEHICLE,42
11, VEHICLE AND TRAFFIC LAWS,47
12, ADMINISTRATIVE CODE,13
12, AGRICULTURE & MRKTS LAW-UNCLASSIFIED,1
12, ARSON,30
12, ASSAULT 3 & RELATED OFFENSES,819
12, "BURGLARS TOOLS",1
12, BURGLARY,226
12, CRIMINAL MISCHIEF & RELATED OF,1164
12, CRIMINAL TRESPASS,48
12, DANGEROUS DRUGS,407
12, DANGEROUS WEAPONS,155
12, FELONY ASSAULT,193
12, FORGERY,41
12, FRAUDS,98
12, GRAND LARCENY,404
12, GRAND LARCENY OF MOTOR VEHICLE,114
12, HARRASSMENT 2,1552
12, INTOXICATED & IMPAIRED DRIVING,201
12, KIDNAPPING & RELATED OFFENSES,1
12, MISCELLANEOUS PENAL LAW,159
12, NYS LAWS-UNCLASSIFIED FELONY,5
12, OFF. AGNST PUB ORD SENSBLTY &,631
12, OFFENSES AGAINST PUBLIC ADMINI,252
12, OFFENSES AGAINST PUBLIC SAFETY,3
12, OFFENSES AGAINST THE PERSON,22
12, OFFENSES INVOLVING FRAUD,14
12, OFFENSES RELATED TO CHILDREN,2
12, OTHER OFFENSES RELATED TO THEF,16
12, OTHER STATE LAWS,1
12, OTHER STATE LAWS NON PENAL LA,6
12, PETIT LARCENY,1276
12, POSSESSION OF STOLEN PROPERTY,37
12, PROSTITUTION & RELATED OFFENSES,1
12, ROBBERY,130
12, THEFT-FRAUD,130
12, UNAUTHORIZED USE OF A VEHICLE,37
12, VEHICLE AND TRAFFIC LAWS,61
13, ADMINISTRATIVE CODE,16
13, AGRICULTURE & MRKTS LAW-UNCLASSIFIED,1
13, ARSON,20
13, ASSAULT 3 & RELATED OFFENSES,801
13, "BURGLARS TOOLS",1
13, BURGLARY,259
13, CHILD ABANDONMENT/NON SUPPORT,1
13, CRIMINAL MISCHIEF & RELATED OF,1180
13, CRIMINAL TRESPASS,38
13, DANGEROUS DRUGS,396
13, DANGEROUS WEAPONS,184
13, DISORDERLY CONDUCT,1
13, FELONY ASSAULT,186
13, FORGERY,52
13, FRAUDS,96
13, GRAND LARCENY,349
13, GRAND LARCENY OF MOTOR VEHICLE,119
13, HARRASSMENT 2,1543
13, INTOXICATED & IMPAIRED DRIVING,219
13, KIDNAPPING & RELATED OFFENSES,1
13, MISCELLANEOUS PENAL LAW,172
13, NEW YORK CITY HEALTH CODE,1
13, NYS LAWS-UNCLASSIFIED FELONY,6
13, OFF. AGNST PUB ORD SENSBLTY &,662
13, OFFENSES AGAINST PUBLIC ADMINI,223
13, OFFENSES AGAINST PUBLIC SAFETY,4
13, OFFENSES AGAINST THE PERSON,10
13, OFFENSES INVOLVING FRAUD,15
13, OFFENSES RELATED TO CHILDREN,1
13, OTHER OFFENSES RELATED TO THEF,14
13, OTHER STATE LAWS,1
13, OTHER STATE LAWS NON PENAL LA,4
13, PETIT LARCENY,1279
13, PETIT LARCENY OF MOTOR VEHICLE,1
13, POSSESSION OF STOLEN PROPERTY,49
13, PROSTITUTION & RELATED OFFENSES,1
13, ROBBERY,138
13, THEFT-FRAUD,113
13, UNAUTHORIZED USE OF A VEHICLE,42
13, VEHICLE AND TRAFFIC LAWS,46
14, ADMINISTRATIVE CODE,19
14, ALCOHOLIC BEVERAGE CONTROL LAW,1
14, ARSON,23
14, ASSAULT 3 & RELATED OFFENSES,826
14, "BURGLARS TOOLS",1
14, BURGLARY,250
14, CRIMINAL MISCHIEF & RELATED OF,1216
14, CRIMINAL TRESPASS,57
14, DANGEROUS DRUGS,401
14, DANGEROUS WEAPONS,150
14, DISORDERLY CONDUCT,1
14, FELONY ASSAULT,159
14, FORGERY,42
14, FRAUDS,81
14, FRAUDULENT ACCOSTING,1
14, GRAND LARCENY,420
14, GRAND LARCENY OF MOTOR VEHICLE,130
14, HARRASSMENT 2,1544
14, HOMICIDE-NEGLIGENT-VEHICLE,2
14, INTOXICATED & IMPAIRED DRIVING,173
14, KIDNAPPING & RELATED OFFENSES,1
14, MISCELLANEOUS PENAL LAW,169
14, NYS LAWS-UNCLASSIFIED FELONY,15
14, OFF. AGNST PUB ORD SENSBLTY &,612
14, OFFENSES AGAINST PUBLIC ADMINI,220
14, OFFENSES AGAINST PUBLIC SAFETY,1
14, OFFENSES AGAINST THE PERSON,17
14, OFFENSES INVOLVING FRAUD,15
14, OTHER OFFENSES RELATED TO THEF,15
14, OTHER STATE LAWS NON PENAL LA,1
14, PETIT LARCENY,1268
14, PETIT LARCENY OF MOTOR VEHICLE,2
14, POSSESSION OF STOLEN PROPERTY,43
14, ROBBERY,159
14, THEFT-FRAUD,106
14, UNAUTHORIZED USE OF A VEHICLE,44
14, VEHICLE AND TRAFFIC LAWS,62
15, ADMINISTRATIVE CODE,15
15, AGRICULTURE & MRKTS LAW-UNCLASSIFIED,1
15, ALCOHOLIC BEVERAGE CONTROL LAW,1
15, ANTICIPATORY OFFENSES,1
15, ARSON,27
15, ASSAULT 3 & RELATED OFFENSES,823
15, "BURGLARS TOOLS",4
15, BURGLARY,234
15, CRIMINAL MISCHIEF & RELATED OF,1245
15, CRIMINAL TRESPASS,67
15, DANGEROUS DRUGS,399
15, DANGEROUS WEAPONS,158
15, FELONY ASSAULT,219
15, FORGERY,50
15, FRAUDS,105
15, FRAUDULENT ACCOSTING,1
15, GRAND LARCENY,432
15, GRAND LARCENY OF MOTOR VEHICLE,127
15, HARRASSMENT 2,1666
15, INTOXICATED & IMPAIRED DRIVING,191
15, KIDNAPPING & RELATED OFFENSES,2
15, MISCELLANEOUS PENAL LAW,183
15, NYS LAWS-UNCLASSIFIED FELONY,7
15, OFF. AGNST PUB ORD SENSBLTY &,745
15, OFFENSES AGAINST PUBLIC ADMINI,258
15, OFFENSES AGAINST PUBLIC SAFETY,4
15, OFFENSES AGAINST THE PERSON,14
15, OFFENSES INVOLVING FRAUD,4
15, OFFENSES RELATED TO CHILDREN,1
15, OTHER OFFENSES RELATED TO THEF,14
15, OTHER STATE LAWS,2
15, PETIT LARCENY,1360
15, POSSESSION OF STOLEN PROPERTY,36
15, ROBBERY,147
15, THEFT-FRAUD,148
15, UNAUTHORIZED USE OF A VEHICLE,59
15, VEHICLE AND TRAFFIC LAWS,52
16, ADMINISTRATIVE CODE,20
16, AGRICULTURE & MRKTS LAW-UNCLASSIFIED,1
16, ALCOHOLIC BEVERAGE CONTROL LAW,2
16, ARSON,23
16, ASSAULT 3 & RELATED OFFENSES,797
16, BURGLARY,228
16, CRIMINAL MISCHIEF & RELATED OF,1130
16, CRIMINAL TRESPASS,46
16, DANGEROUS DRUGS,397
16, DANGEROUS WEAPONS,165
16, DISORDERLY CONDUCT,2
16, ENDAN WELFARE INCOMP,1
16, FELONY ASSAULT,190
16, FORGERY,45
16, FRAUDS,106
16, GRAND LARCENY,427
16, GRAND LARCENY OF MOTOR VEHICLE,127
16, HARRASSMENT 2,1528
16, INTOXICATED & IMPAIRED DRIVING,184
16, KIDNAPPING & RELATED OFFENSES,2
16, MISCELLANEOUS PENAL LAW,172
16, NYS LAWS-UNCLASSIFIED FELONY,7
16, OFF. AGNST PUB ORD SENSBLTY &,717
16, OFFENSES AGAINST PUBLIC ADMINI,270
16, OFFENSES AGAINST THE PERSON,14
16, OFFENSES INVOLVING FRAUD,12
16, OFFENSES RELATED TO CHILDREN,1
16, OTHER OFFENSES RELATED TO THEF,16
16, OTHER STATE LAWS,1
16, OTHER STATE LAWS NON PENAL LA,8
16, PETIT LARCENY,1268
16, PETIT LARCENY OF MOTOR VEHICLE,2
16, POSSESSION OF STOLEN PROPERTY,49
16, ROBBERY,179
16, THEFT-FRAUD,110
16, UNAUTHORIZED USE OF A VEHICLE,39
16, VEHICLE AND TRAFFIC LAWS,47
17, ADMINISTRATIVE CODE,19
17, ARSON,25
17, ASSAULT 3 & RELATED OFFENSES,870
17, "BURGLARS TOOLS",2
17, BURGLARY,250
17, CRIMINAL MISCHIEF & RELATED OF,1138
17, CRIMINAL TRESPASS,44
17, DANGEROUS DRUGS,411
17, DANGEROUS WEAPONS,156
17, DISORDERLY CONDUCT,1
17, FELONY ASSAULT,196
17, FORGERY,46
17, FRAUDS,92
17, GAMBLING,1
17, GRAND LARCENY,364
17, GRAND LARCENY OF MOTOR VEHICLE,105
17, HARRASSMENT 2,1586
17, INTOXICATED & IMPAIRED DRIVING,201
17, KIDNAPPING & RELATED OFFENSES,3
17, MISCELLANEOUS PENAL LAW,169
17, NYS LAWS-UNCLASSIFIED FELONY,5
17, OFF. AGNST PUB ORD SENSBLTY &,658
17, OFFENSES AGAINST PUBLIC ADMINI,256
17, OFFENSES AGAINST PUBLIC SAFETY,4
17, OFFENSES AGAINST THE PERSON,18
17, OFFENSES INVOLVING FRAUD,10
17, OTHER OFFENSES RELATED TO THEF,19
17, OTHER STATE LAWS NON PENAL LA,5
17, PETIT LARCENY,1320
17, POSSESSION OF STOLEN PROPERTY,43
17, ROBBERY,176
17, THEFT-FRAUD,119
17, UNAUTHORIZED USE OF A VEHICLE,44
17, VEHICLE AND TRAFFIC LAWS,40
18, ADMINISTRATIVE CODE,14
18, AGRICULTURE & MRKTS LAW-UNCLASSIFIED,1
18, ARSON,21
18, ASSAULT 3 & RELATED OFFENSES,852
18, "BURGLARS TOOLS",3
18, BURGLARY,242
18, CRIMINAL MISCHIEF & RELATED OF,1192
18, CRIMINAL TRESPASS,51
18, DANGEROUS DRUGS,398
18, DANGEROUS WEAPONS,160
18, DISORDERLY CONDUCT,1
18, FELONY ASSAULT,226
18, FORGERY,50
18, FRAUDS,93
18, GAMBLING,1
18, GRAND LARCENY,438
18, GRAND LARCENY OF MOTOR VEHICLE,137
18, HARRASSMENT 2,1571
18, INTOXICATED & IMPAIRED DRIVING,180
18, KIDNAPPING & RELATED OFFENSES,4
18, MISCELLANEOUS PENAL LAW,160
18, NYS LAWS-UNCLASSIFIED FELONY,7
18, OFF. AGNST PUB ORD SENSBLTY &,653
18, OFFENSES AGAINST PUBLIC ADMINI,204
18, OFFENSES AGAINST PUBLIC SAFETY,4
18, OFFENSES AGAINST THE PERSON,22
18, OFFENSES INVOLVING FRAUD,16
18, OTHER OFFENSES RELATED TO THEF,18
18, OTHER STATE LAWS NON PENAL LA,5
18, PETIT LARCENY,1363
18, PETIT LARCENY OF MOTOR VEHICLE,2
18, POSSESSION OF STOLEN PROPERTY,30
18, ROBBERY,156
18, THEFT-FRAUD,102
18, UNAUTHORIZED USE OF A VEHICLE,32
18, VEHICLE AND TRAFFIC LAWS,48
19, ADMINISTRATIVE CODE,21
19, ARSON,36
19, ASSAULT 3 & RELATED OFFENSES,707
19, "BURGLARS TOOLS",2
19, BURGLARY,224
19, CHILD ABANDONMENT/NON SUPPORT,1
19, CRIMINAL MISCHIEF & RELATED OF,1139
19, CRIMINAL TRESPASS,59
19, DANGEROUS DRUGS,369
19, DANGEROUS WEAPONS,140
19, DISORDERLY CONDUCT,1
19, FELONY ASSAULT,204
19, FORGERY,40
19, FRAUDS,91
19, GRAND LARCENY,378
19, GRAND LARCENY OF MOTOR VEHICLE,110
19, HARRASSMENT 2,1547
19, INTOXICATED & IMPAIRED DRIVING,187
19, KIDNAPPING & RELATED OFFENSES,5
19, LOITERING/GAMBLING CARDS DIC,2
19, MISCELLANEOUS PENAL LAW,165
19, NYS LAWS-UNCLASSIFIED FELONY,4
19, OFF. AGNST PUB ORD SENSBLTY &,652
19, OFFENSES AGAINST PUBLIC ADMINI,262
19, OFFENSES AGAINST PUBLIC SAFETY,4
19, OFFENSES AGAINST THE PERSON,27
19, OFFENSES INVOLVING FRAUD,7
19, OFFENSES RELATED TO CHILDREN,2
19, OTHER OFFENSES RELATED TO THEF,18
19, OTHER STATE LAWS NON PENAL LA,2
19, PETIT LARCENY,1221
19, PETIT LARCENY OF MOTOR VEHICLE,1
19, POSSESSION OF STOLEN PROPERTY,40
19, ROBBERY,174
19, THEFT-FRAUD,105
19, UNAUTHORIZED USE OF A VEHICLE,32
19, VEHICLE AND TRAFFIC LAWS,58
20, ADMINISTRATIVE CODE,27
20, ARSON,29
20, ASSAULT 3 & RELATED OFFENSES,828
20, "BURGLARS TOOLS",3
20, BURGLARY,242
20, CRIMINAL MISCHIEF & RELATED OF,1339
20, CRIMINAL TRESPASS,46
20, DANGEROUS DRUGS,408
20, DANGEROUS WEAPONS,156
20, DISORDERLY CONDUCT,1
20, FELONY ASSAULT,178
20, FORGERY,38
20, FRAUDS,96
20, GAMBLING,2
20, GRAND LARCENY,451
20, GRAND LARCENY OF MOTOR VEHICLE,136
20, HARRASSMENT 2,1645
20, INTOXICATED & IMPAIRED DRIVING,187
20, KIDNAPPING & RELATED OFFENSES,3
20, MISCELLANEOUS PENAL LAW,154
20, NYS LAWS-UNCLASSIFIED FELONY,10
20, OFF. AGNST PUB ORD SENSBLTY &,686
20, OFFENSES AGAINST PUBLIC ADMINI,258
20, OFFENSES AGAINST PUBLIC SAFETY,1
20, OFFENSES AGAINST THE PERSON,17
20, OFFENSES INVOLVING FRAUD,10
20, OFFENSES RELATED TO CHILDREN,1
20, OTHER OFFENSES RELATED TO THEF,10
20, OTHER STATE LAWS NON PENAL LA,3
20, PETIT LARCENY,1351
20, POSSESSION OF STOLEN PROPERTY,41
20, PROSTITUTION & RELATED OFFENSES,1
20, ROBBERY,150
20, THEFT-FRAUD,120
20, UNAUTHORIZED USE OF A VEHICLE,44
20, VEHICLE AND TRAFFIC LAWS,62
21, ADMINISTRATIVE CODE,17
21, ALCOHOLIC BEVERAGE CONTROL LAW,1
21, ARSON,25
21, ASSAULT 3 & RELATED OFFENSES,822
21, "BURGLARS TOOLS",1
21, BURGLARY,249
21, CHILD ABANDONMENT/NON SUPPORT,1
21, CRIMINAL MISCHIEF & RELATED OF,1210
21, CRIMINAL TRESPASS,47
21, DANGEROUS DRUGS,405
21, DANGEROUS WEAPONS,174
21, FELONY ASSAULT,206
21, FORGERY,45
21, FRAUDS,86
21, GRAND LARCENY,390
21, GRAND LARCENY OF MOTOR VEHICLE,134
21, HARRASSMENT 2,1541
21, INTOXICATED & IMPAIRED DRIVING,186
21, KIDNAPPING & RELATED OFFENSES,1
21, MISCELLANEOUS PENAL LAW,141
21, NYS LAWS-UNCLASSIFIED FELONY,13
21, OFF. AGNST PUB ORD SENSBLTY &,626
21, OFFENSES AGAINST PUBLIC ADMINI,243
21, OFFENSES AGAINST PUBLIC SAFETY,3
21, OFFENSES AGAINST THE PERSON,15
21, OFFENSES INVOLVING FRAUD,6
21, OFFENSES RELATED TO CHILDREN,1
21, OTHER OFFENSES RELATED TO THEF,17
21, OTHER STATE LAWS NON PENAL LA,4
21, PETIT LARCENY,1334
21, PETIT LARCENY OF MOTOR VEHICLE,2
21, POSSESSION OF STOLEN PROPERTY,31
21, ROBBERY,134
21, THEFT-FRAUD,105
21, UNAUTHORIZED USE OF A VEHICLE,42
21, VEHICLE AND TRAFFIC LAWS,46
22, ADMINISTRATIVE CODE,10
22, ALCOHOLIC BEVERAGE CONTROL LAW,3
22, ARSON,28
22, ASSAULT 3 & RELATED OFFENSES,845
22, BURGLARY,220
22, CRIMINAL MISCHIEF & RELATED OF,1160
22, CRIMINAL TRESPASS,56
22, DANGEROUS DRUGS,395
22, DANGEROUS WEAPONS,150
22, FELONY ASSAULT,199
22, FORGERY,41
22, FRAUDS,83
22, FRAUDULENT ACCOSTING,1
22, GRAND LARCENY,394
22, GRAND LARCENY OF MOTOR VEHICLE,145
22, HARRASSMENT 2,1527
22, INTOXICATED & IMPAIRED DRIVING,163
22, KIDNAPPING & RELATED OFFENSES,2
22, MISCELLANEOUS PENAL LAW,153
22, NYS LAWS-UNCLASSIFIED FELONY,2
22, OFF. AGNST PUB ORD SENSBLTY &,627
22, OFFENSES AGAINST PUBLIC ADMINI,248
22, OFFENSES AGAINST PUBLIC SAFETY,6
22, OFFENSES AGAINST THE PERSON,12
22, OFFENSES INVOLVING FRAUD,11
22, OFFENSES RELATED TO CHILDREN,2
22, OTHER OFFENSES RELATED TO THEF,14
22, OTHER STATE LAWS NON PENAL LA,3
22, PETIT LARCENY,1277
22, PETIT LARCENY OF MOTOR VEHICLE,2
22, POSSESSION OF STOLEN PROPERTY,39
22, PROSTITUTION & RELATED OFFENSES,1
22, ROBBERY,159
22, THEFT-FRAUD,105
22, UNAUTHORIZED USE OF A VEHICLE,39
22, UNDER THE INFLUENCE OF DRUGS,1
22, VEHICLE AND TRAFFIC LAWS,61
23, ADMINISTRATIVE CODE,27
23, AGRICULTURE & MRKTS LAW-UNCLASSIFIED,1
23, ARSON,28
23, ASSAULT 3 & RELATED OFFENSES,810
23, "BURGLARS TOOLS",3
23, BURGLARY,264
23, CRIMINAL MISCHIEF & RELATED OF,1126
23, CRIMINAL TRESPASS,43
23, DANGEROUS DRUGS,374
23, DANGEROUS WEAPONS,146
23, FELONY ASSAULT,206
23, FORGERY,48
23, FRAUDS,87
23, FRAUDULENT ACCOSTING,1
23, GRAND LARCENY,366
23, GRAND LARCENY OF MOTOR VEHICLE,134
23, HARRASSMENT 2,1562
23, INTOXICATED & IMPAIRED DRIVING,180
23, MISCELLANEOUS PENAL LAW,153
23, NYS LAWS-UNCLASSIFIED FELONY,5
23, OFF. AGNST PUB ORD SENSBLTY &,585
23, OFFENSES AGAINST PUBLIC ADMINI,243
23, OFFENSES AGAINST PUBLIC SAFETY,5
23, OFFENSES AGAINST THE PERSON,21
23, OFFENSES INVOLVING FRAUD,10
23, OTHER OFFENSES RELATED TO THEF,21
23, OTHER STATE LAWS NON PENAL LA,4
23, PETIT LARCENY,1260
23, PETIT LARCENY OF MOTOR VEHICLE,1
23, POSSESSION OF STOLEN PROPERTY,40
23, ROBBERY,184
23, THEFT-FRAUD,99
23, UNAUTHORIZED USE OF A VEHICLE,40
23, VEHICLE AND TRAFFIC LAWS,48
24, ADMINISTRATIVE CODE,23
24, ARSON,26
24, ASSAULT 3 & RELATED OFFENSES,831
24, "BURGLARS TOOLS",5
24, BURGLARY,263
24, CRIMINAL MISCHIEF & RELATED OF,1183
24, CRIMINAL TRESPASS,53
24, DANGEROUS DRUGS,348
24, DANGEROUS WEAPONS,149
24, DISORDERLY CONDUCT,3
24, ESCAPE 3,1
24, FELONY ASSAULT,181
24, FORGERY,39
24, FRAUDS,87
24, GRAND LARCENY,391
24, GRAND LARCENY OF MOTOR VEHICLE,134
24, HARRASSMENT 2,1540
24, INTOXICATED & IMPAIRED DRIVING,165
24, KIDNAPPING & RELATED OFFENSES,2
24, MISCELLANEOUS PENAL LAW,144
24, NYS LAWS-UNCLASSIFIED FELONY,7
24, OFF. AGNST PUB ORD SENSBLTY &,616
24, OFFENSES AGAINST PUBLIC ADMINI,234
24, OFFENSES AGAINST PUBLIC SAFETY,3
24, OFFENSES AGAINST THE PERSON,18
24, OFFENSES INVOLVING FRAUD,9
24, OTHER OFFENSES RELATED TO THEF,12
24, OTHER STATE LAWS NON PENAL LA,7
24, PETIT LARCENY,1277
24, PETIT LARCENY OF MOTOR VEHICLE,2
24, POSSESSION OF STOLEN PROPERTY,52
24, ROBBERY,153
24, THEFT-FRAUD,110
24, UNAUTHORIZED USE OF A VEHICLE,40
24, VEHICLE AND TRAFFIC LAWS,71
25, ADMINISTRATIVE CODE,12
25, ARSON,30
25, ASSAULT 3 & RELATED OFFENSES,826
25, "BURGLARS TOOLS",1
25, BURGLARY,217
25, CHILD ABANDONMENT/NON SUPPORT,1
25, CRIMINAL MISCHIEF & RELATED OF,1293
25, CRIMINAL TRESPASS,47
25, DANGEROUS DRUGS,363
25, DANGEROUS WEAPONS,145
25, DISORDERLY CONDUCT,1
25, FELONY ASSAULT,198
25, FORGERY,44
25, FRAUDS,79
25, FRAUDULENT ACCOSTING,2
25, GAMBLING,1
25, GRAND LARCENY,345
25, GRAND LARCENY OF MOTOR VEHICLE,136
25, HARRASSMENT 2,1546
25, HOMICIDE-NEGLIGENT-VEHICLE,1
25, INTOXICATED & IMPAIRED DRIVING,193
25, KIDNAPPING & RELATED OFFENSES,4
25, MISCELLANEOUS PENAL LAW,151
25, NYS LAWS-UNCLASSIFIED FELONY,8
25, OFF. AGNST PUB ORD SENSBLTY &,662
25, OFFENSES AGAINST PUBLIC ADMINI,221
25, OFFENSES AGAINST PUBLIC SAFETY,3
25, OFFENSES AGAINST THE PERSON,18
25, OFFENSES INVOLVING FRAUD,10
25, OFFENSES RELATED TO CHILDREN,1
25, OTHER OFFENSES RELATED TO THEF,14
25, OTHER STATE LAWS NON PENAL LA,1
25, PETIT LARCENY,1259
25, POSSESSION OF STOLEN PROPERTY,33
25, ROBBERY,150
25, THEFT-FRAUD,103
25, UNAUTHORIZED USE OF A VEHICLE,43
25, VEHICLE AND TRAFFIC LAWS,52
26, ABORTION,1
26, ADMINISTRATIVE CODE,16
26, ALCOHOLIC BEVERAGE CONTROL LAW,1
26, ARSON,27
26, ASSAULT 3 & RELATED OFFENSES,762
26, "BURGLARS TOOLS",5
26, BURGLARY,227
26, CRIMINAL MISCHIEF & RELATED OF,1108
26, CRIMINAL TRESPASS,59
26, DANGEROUS DRUGS,339
26, DANGEROUS WEAPONS,140
26, FELONY ASSAULT,192
26, FORGERY,39
26, FRAUDS,64
26, GRAND LARCENY,368
26, GRAND LARCENY OF MOTOR VEHICLE,109
26, HARRASSMENT 2,1517
26, HOMICIDE-NEGLIGENT-VEHICLE,1
26, INTOXICATED & IMPAIRED DRIVING,176
26, KIDNAPPING & RELATED OFFENSES,4
26, MISCELLANEOUS PENAL LAW,150
26, NYS LAWS-UNCLASSIFIED FELONY,8
26, OFF. AGNST PUB ORD SENSBLTY &,603
26, OFFENSES AGAINST PUBLIC ADMINI,215
26, OFFENSES AGAINST PUBLIC SAFETY,6
26, OFFENSES AGAINST THE PERSON,16
26, OFFENSES INVOLVING FRAUD,10
26, OFFENSES RELATED TO CHILDREN,1
26, OTHER OFFENSES RELATED TO THEF,25
26, OTHER STATE LAWS NON PENAL LA,3
26, PETIT LARCENY,1285
26, POSSESSION OF STOLEN PROPERTY,33
26, ROBBERY,150
26, THEFT-FRAUD,97
26, UNAUTHORIZED USE OF A VEHICLE,34
26, VEHICLE AND TRAFFIC LAWS,49
27, ADMINISTRATIVE CODE,19
27, AGRICULTURE & MRKTS LAW-UNCLASSIFIED,1
27, ANTICIPATORY OFFENSES,1
27, ARSON,34
27, ASSAULT 3 & RELATED OFFENSES,865
27, "BURGLARS TOOLS",2
27, BURGLARY,234
27, CRIMINAL MISCHIEF & RELATED OF,1193
27, CRIMINAL TRESPASS,41
27, DANGEROUS DRUGS,355
27, DANGEROUS WEAPONS,130
27, DISORDERLY CONDUCT,3
27, FELONY ASSAULT,194
27, FORGERY,38
27, FRAUDS,88
27, GRAND LARCENY,383
27, GRAND LARCENY OF MOTOR VEHICLE,103
27, HARRASSMENT 2,1550
27, INTOXICATED & IMPAIRED DRIVING,206
27, KIDNAPPING & RELATED OFFENSES,5
27, MISCELLANEOUS PENAL LAW,137
27, NYS LAWS-UNCLASSIFIED FELONY,8
27, OFF. AGNST PUB ORD SENSBLTY &,630
27, OFFENSES AGAINST PUBLIC ADMINI,229
27, OFFENSES AGAINST PUBLIC SAFETY,4
27, OFFENSES AGAINST THE PERSON,19
27, OFFENSES INVOLVING FRAUD,7
27, OTHER OFFENSES RELATED TO THEF,13
27, OTHER STATE LAWS NON PENAL LA,2
27, PETIT LARCENY,1225
27, PETIT LARCENY OF MOTOR VEHICLE,1
27, POSSESSION OF STOLEN PROPERTY,36
27, PROSTITUTION & RELATED OFFENSES,1
27, ROBBERY,159
27, THEFT-FRAUD,127
27, UNAUTHORIZED USE OF A VEHICLE,49
27, VEHICLE AND TRAFFIC LAWS,44
28, ADMINISTRATIVE CODE,13
28, ALCOHOLIC BEVERAGE CONTROL LAW,1
28, ARSON,25
28, ASSAULT 3 & RELATED OFFENSES,798
28, "BURGLARS TOOLS",1
28, BURGLARY,267
28, CRIMINAL MISCHIEF & RELATED OF,1172
28, CRIMINAL TRESPASS,39
28, DANGEROUS DRUGS,345
28, DANGEROUS WEAPONS,122
28, DISORDERLY CONDUCT,1
28, FELONY ASSAULT,206
28, FORGERY,37
28, FRAUDS,82
28, FRAUDULENT ACCOSTING,2
28, GRAND LARCENY,384
28, GRAND LARCENY OF MOTOR VEHICLE,130
28, HARRASSMENT 2,1557
28, INTOXICATED & IMPAIRED DRIVING,176
28, MISCELLANEOUS PENAL LAW,145
28, NYS LAWS-UNCLASSIFIED FELONY,13
28, OFF. AGNST PUB ORD SENSBLTY &,667
28, OFFENSES AGAINST PUBLIC ADMINI,217
28, OFFENSES AGAINST PUBLIC SAFETY,2
28, OFFENSES AGAINST THE PERSON,13
28, OFFENSES INVOLVING FRAUD,11
28, OFFENSES RELATED TO CHILDREN,1
28, OTHER OFFENSES RELATED TO THEF,12
28, OTHER STATE LAWS NON PENAL LA,1
28, PETIT LARCENY,1314
28, PETIT LARCENY OF MOTOR VEHICLE,2
28, POSSESSION OF STOLEN PROPERTY,30
28, ROBBERY,155
28, THEFT-FRAUD,88
28, UNAUTHORIZED USE OF A VEHICLE,32
28, VEHICLE AND TRAFFIC LAWS,55
29, ADMINISTRATIVE CODE,12
29, AGRICULTURE & MRKTS LAW-UNCLASSIFIED,1
29, ARSON,24
29, ASSAULT 3 & RELATED OFFENSES,730
29, "BURGLARS TOOLS",1
29, BURGLARY,261
29, CRIMINAL MISCHIEF & RELATED OF,1056
29, CRIMINAL TRESPASS,49
29, DANGEROUS DRUGS,312
29, DANGEROUS WEAPONS,134
29, DISORDERLY CONDUCT,1
29, ESCAPE 3,3
29, FELONY ASSAULT,181
29, FORGERY,41
29, FRAUDS,75
29, GRAND LARCENY,354
29, GRAND LARCENY OF MOTOR VEHICLE,119
29, HARRASSMENT 2,1415
29, HOMICIDE-NEGLIGENT-VEHICLE,1
29, INTOXICATED & IMPAIRED DRIVING,168
29, MISCELLANEOUS PENAL LAW,170
29, NYS LAWS-UNCLASSIFIED FELONY,6
29, OFF. AGNST PUB ORD SENSBLTY &,603
29, OFFENSES AGAINST PUBLIC ADMINI,223
29, OFFENSES AGAINST PUBLIC SAFETY,2
29, OFFENSES AGAINST THE PERSON,16
29, OFFENSES INVOLVING FRAUD,8
29, OFFENSES RELATED TO CHILDREN,1
29, OTHER OFFENSES RELATED TO THEF,11
29, OTHER STATE LAWS NON PENAL LA,3
29, PETIT LARCENY,1270
29, POSSESSION OF STOLEN PROPERTY,25
29, PROSTITUTION & RELATED OFFENSES,1
29, ROBBERY,152
29, THEFT-FRAUD,105
29, UNAUTHORIZED USE OF A VEHICLE,41
29, VEHICLE AND TRAFFIC LAWS,39
30, ADMINISTRATIVE CODE,21
30, ALCOHOLIC BEVERAGE CONTROL LAW,1
30, ARSON,22
30, ASSAULT 3 & RELATED OFFENSES,793
30, "BURGLARS TOOLS",2
30, BURGLARY,237
30, CRIMINAL MISCHIEF & RELATED OF,1064
30, CRIMINAL TRESPASS,53
30, DANGEROUS DRUGS,334
30, DANGEROUS WEAPONS,138
30, ENDAN WELFARE INCOMP,1
30, FELONY ASSAULT,177
30, FORGERY,30
30, FRAUDS,74
30, GRAND LARCENY,390
30, GRAND LARCENY OF MOTOR VEHICLE,132
30, HARRASSMENT 2,1445
30, HOMICIDE-NEGLIGENTUNCLASSIFIE,1
30, INTOXICATED & IMPAIRED DRIVING,161
30, KIDNAPPING & RELATED OFFENSES,3
30, MISCELLANEOUS PENAL LAW,160
30, NYS LAWS-UNCLASSIFIED FELONY,4
30, OFF. AGNST PUB ORD SENSBLTY &,580
30, OFFENSES AGAINST PUBLIC ADMINI,221
30, OFFENSES AGAINST PUBLIC SAFETY,2
30, OFFENSES AGAINST THE PERSON,8
30, OFFENSES INVOLVING FRAUD,11
30, OTHER OFFENSES RELATED TO THEF,16
30, OTHER STATE LAWS NON PENAL LA,3
30, PETIT LARCENY,1220
30, PETIT LARCENY OF MOTOR VEHICLE,2
30, POSSESSION OF STOLEN PROPERTY,35
30, ROBBERY,148
30, THEFT-FRAUD,104
30, UNAUTHORIZED USE OF A VEHICLE,42
30, VEHICLE AND TRAFFIC LAWS,53
31, ADMINISTRATIVE CODE,7
31, ALCOHOLIC BEVERAGE CONTROL LAW,1
31, ARSON,13
31, ASSAULT 3 & RELATED OFFENSES,467
31, "BURGLARS TOOLS",3
31, BURGLARY,149
31, CRIMINAL MISCHIEF & RELATED OF,730
31, CRIMINAL TRESPASS,19
31, DANGEROUS DRUGS,172
31, DANGEROUS WEAPONS,95
31, FELONY ASSAULT,96
31, FORGERY,15
31, FRAUDS,46
31, GRAND LARCENY,221
31, GRAND LARCENY OF MOTOR VEHICLE,57
31, HARRASSMENT 2,901
31, INTOXICATED & IMPAIRED DRIVING,107
31, KIDNAPPING & RELATED OFFENSES,1
31, MISCELLANEOUS PENAL LAW,85
31, NYS LAWS-UNCLASSIFIED FELONY,6
31, OFF. AGNST PUB ORD SENSBLTY &,358
31, OFFENSES AGAINST PUBLIC ADMINI,114
31, OFFENSES AGAINST PUBLIC SAFETY,2
31, OFFENSES AGAINST THE PERSON,8
31, OFFENSES INVOLVING FRAUD,8
31, OFFENSES RELATED TO CHILDREN,3
31, OTHER OFFENSES RELATED TO THEF,7
31, OTHER STATE LAWS NON PENAL LA,2
31, PETIT LARCENY,665
31, POSSESSION OF STOLEN PROPERTY,24
31, PROSTITUTION & RELATED OFFENSES,2
31, ROBBERY,98
31, THEFT-FRAUD,54
31, UNAUTHORIZED USE OF A VEHICLE,22
31, VEHICLE AND TRAFFIC LAWS,21
