,DAY,OFNS_DESC,COUNT
9,1, CRIMINAL MISCHIEF & RELATED OF,7842
42,1, PETIT LARCENY,5928
720,15, PETIT LARCENY,5825
1052,22, PETIT LARCENY,5661
1004,21, PETIT LARCENY,5641
957,20, PETIT LARCENY,5639
860,18, PETIT LARCENY,5626
88,2, PETIT LARCENY,5613
475,10, PETIT LARCENY,5576
1340,28, PETIT LARCENY,5575
1096,23, PETIT LARCENY,5558
185,4, PETIT LARCENY,5557
619,13, PETIT LARCENY,5548
770,16, PETIT LARCENY,5546
573,12, PETIT LARCENY,5541
427,9, PETIT LARCENY,5515
1294,27, PETIT LARCENY,5514
524,11, PETIT LARCENY,5505
332,7, PETIT LARCENY,5502
814,17, PETIT LARCENY,5489
670,14, PETIT LARCENY,5485
235,5, PETIT LARCENY,5464
1145,24, PETIT LARCENY,5460
23,1, HARRASSMENT 2,5454
910,19, PETIT LARCENY,5436
1242,26, PETIT LARCENY,5423
283,6, PETIT LARCENY,5394
380,8, PETIT LARCENY,5386
136,3, PETIT LARCENY,5279
1194,25, PETIT LARCENY,5232
1435,30, PETIT LARCENY,5102
1388,29, PETIT LARCENY,5034
458,10, HARRASSMENT 2,4683
940,20, HARRASSMENT 2,4679
703,15, HARRASSMENT 2,4649
73,2, HARRASSMENT 2,4612
363,8, HARRASSMENT 2,4602
653,14, HARRASSMENT 2,4572
844,18, HARRASSMENT 2,4556
411,9, HARRASSMENT 2,4555
799,17, HARRASSMENT 2,4531
169,4, HARRASSMENT 2,4514
314,7, HARRASSMENT 2,4506
218,5, HARRASSMENT 2,4491
603,13, HARRASSMENT 2,4472
556,12, HARRASSMENT 2,4470
505,11, HARRASSMENT 2,4465
268,6, HARRASSMENT 2,4458
119,3, HARRASSMENT 2,4452
1033,22, HARRASSMENT 2,4450
987,21, HARRASSMENT 2,4410
1176,25, HARRASSMENT 2,4409
1128,24, HARRASSMENT 2,4405
1323,28, HARRASSMENT 2,4398
752,16, HARRASSMENT 2,4388
1226,26, HARRASSMENT 2,4360
1082,23, HARRASSMENT 2,4351
1274,27, HARRASSMENT 2,4315
890,19, HARRASSMENT 2,4310
690,15, CRIMINAL MISCHIEF & RELATED OF,4232
5,1, ASSAULT 3 & RELATED OFFENSES,4202
443,10, CRIMINAL MISCHIEF & RELATED OF,4177
204,5, CRIMINAL MISCHIEF & RELATED OF,4170
60,2, CRIMINAL MISCHIEF & RELATED OF,4165
1021,22, CRIMINAL MISCHIEF & RELATED OF,4165
784,17, CRIMINAL MISCHIEF & RELATED OF,4110
926,20, CRIMINAL MISCHIEF & RELATED OF,4107
542,12, CRIMINAL MISCHIEF & RELATED OF,4090
1369,29, HARRASSMENT 2,4054
397,9, CRIMINAL MISCHIEF & RELATED OF,4052
1419,30, HARRASSMENT 2,4038
974,21, CRIMINAL MISCHIEF & RELATED OF,4023
1311,28, CRIMINAL MISCHIEF & RELATED OF,4002
492,11, CRIMINAL MISCHIEF & RELATED OF,3999
738,16, CRIMINAL MISCHIEF & RELATED OF,3985
1069,23, CRIMINAL MISCHIEF & RELATED OF,3962
877,19, CRIMINAL MISCHIEF & RELATED OF,3958
105,3, CRIMINAL MISCHIEF & RELATED OF,3946
350,8, CRIMINAL MISCHIEF & RELATED OF,3946
1212,26, CRIMINAL MISCHIEF & RELATED OF,3945
21,1, GRAND LARCENY,3940
301,7, CRIMINAL MISCHIEF & RELATED OF,3939
832,18, CRIMINAL MISCHIEF & RELATED OF,3937
1163,25, CRIMINAL MISCHIEF & RELATED OF,3904
1115,24, CRIMINAL MISCHIEF & RELATED OF,3902
155,4, CRIMINAL MISCHIEF & RELATED OF,3900
255,6, CRIMINAL MISCHIEF & RELATED OF,3877
590,13, CRIMINAL MISCHIEF & RELATED OF,3873
922,20, ASSAULT 3 & RELATED OFFENSES,3822
686,15, ASSAULT 3 & RELATED OFFENSES,3809
638,14, CRIMINAL MISCHIEF & RELATED OF,3806
151,4, ASSAULT 3 & RELATED OFFENSES,3799
1260,27, CRIMINAL MISCHIEF & RELATED OF,3776
1159,25, ASSAULT 3 & RELATED OFFENSES,3774
1307,28, ASSAULT 3 & RELATED OFFENSES,3769
200,5, ASSAULT 3 & RELATED OFFENSES,3758
1065,23, ASSAULT 3 & RELATED OFFENSES,3749
251,6, ASSAULT 3 & RELATED OFFENSES,3736
1208,26, ASSAULT 3 & RELATED OFFENSES,3734
538,12, ASSAULT 3 & RELATED OFFENSES,3718
1017,22, ASSAULT 3 & RELATED OFFENSES,3688
873,19, ASSAULT 3 & RELATED OFFENSES,3683
393,9, ASSAULT 3 & RELATED OFFENSES,3674
1256,27, ASSAULT 3 & RELATED OFFENSES,3672
828,18, ASSAULT 3 & RELATED OFFENSES,3659
440,10, ASSAULT 3 & RELATED OFFENSES,3658
1111,24, ASSAULT 3 & RELATED OFFENSES,3654
297,7, ASSAULT 3 & RELATED OFFENSES,3649
586,13, ASSAULT 3 & RELATED OFFENSES,3640
781,17, ASSAULT 3 & RELATED OFFENSES,3637
1406,30, CRIMINAL MISCHIEF & RELATED OF,3627
634,14, ASSAULT 3 & RELATED OFFENSES,3624
970,21, ASSAULT 3 & RELATED OFFENSES,3622
56,2, ASSAULT 3 & RELATED OFFENSES,3618
102,3, ASSAULT 3 & RELATED OFFENSES,3615
1357,29, CRIMINAL MISCHIEF & RELATED OF,3608
734,16, ASSAULT 3 & RELATED OFFENSES,3603
346,8, ASSAULT 3 & RELATED OFFENSES,3591
488,11, ASSAULT 3 & RELATED OFFENSES,3549
33,1, OFF. AGNST PUB ORD SENSBLTY &,3527
1353,29, ASSAULT 3 & RELATED OFFENSES,3518
1402,30, ASSAULT 3 & RELATED OFFENSES,3427
701,15, GRAND LARCENY,3056
1477,31, PETIT LARCENY,3035
938,20, GRAND LARCENY,2883
456,10, GRAND LARCENY,2851
601,13, GRAND LARCENY,2825
842,18, GRAND LARCENY,2798
71,2, GRAND LARCENY,2792
888,19, GRAND LARCENY,2759
651,14, GRAND LARCENY,2754
1031,22, GRAND LARCENY,2739
117,3, GRAND LARCENY,2736
1080,23, GRAND LARCENY,2728
797,17, GRAND LARCENY,2726
312,7, GRAND LARCENY,2720
554,12, GRAND LARCENY,2718
167,4, GRAND LARCENY,2718
750,16, GRAND LARCENY,2710
503,11, GRAND LARCENY,2706
409,9, GRAND LARCENY,2695
1321,28, GRAND LARCENY,2692
1272,27, GRAND LARCENY,2677
216,5, GRAND LARCENY,2676
266,6, GRAND LARCENY,2675
361,8, GRAND LARCENY,2670
1224,26, GRAND LARCENY,2654
985,21, GRAND LARCENY,2654
1126,24, GRAND LARCENY,2620
1463,31, HARRASSMENT 2,2584
1417,30, GRAND LARCENY,2572
1174,25, GRAND LARCENY,2570
1367,29, GRAND LARCENY,2502
1450,31, CRIMINAL MISCHIEF & RELATED OF,2470
711,15, OFF. AGNST PUB ORD SENSBLTY &,2362
466,10, OFF. AGNST PUB ORD SENSBLTY &,2255
1447,31, ASSAULT 3 & RELATED OFFENSES,2207
948,20, OFF. AGNST PUB ORD SENSBLTY &,2159
226,5, OFF. AGNST PUB ORD SENSBLTY &,2129
661,14, OFF. AGNST PUB ORD SENSBLTY &,2025
79,2, OFF. AGNST PUB ORD SENSBLTY &,2025
1185,25, OFF. AGNST PUB ORD SENSBLTY &,2009
1286,27, OFF. AGNST PUB ORD SENSBLTY &,1983
565,12, OFF. AGNST PUB ORD SENSBLTY &,1978
851,18, OFF. AGNST PUB ORD SENSBLTY &,1971
323,7, OFF. AGNST PUB ORD SENSBLTY &,1971
1331,28, OFF. AGNST PUB ORD SENSBLTY &,1965
805,17, OFF. AGNST PUB ORD SENSBLTY &,1957
1043,22, OFF. AGNST PUB ORD SENSBLTY &,1956
761,16, OFF. AGNST PUB ORD SENSBLTY &,1955
1088,23, OFF. AGNST PUB ORD SENSBLTY &,1954
371,8, OFF. AGNST PUB ORD SENSBLTY &,1948
175,4, OFF. AGNST PUB ORD SENSBLTY &,1948
416,9, OFF. AGNST PUB ORD SENSBLTY &,1936
611,13, OFF. AGNST PUB ORD SENSBLTY &,1925
515,11, OFF. AGNST PUB ORD SENSBLTY &,1923
902,19, OFF. AGNST PUB ORD SENSBLTY &,1901
274,6, OFF. AGNST PUB ORD SENSBLTY &,1899
995,21, OFF. AGNST PUB ORD SENSBLTY &,1890
127,3, OFF. AGNST PUB ORD SENSBLTY &,1887
1136,24, OFF. AGNST PUB ORD SENSBLTY &,1884
1232,26, OFF. AGNST PUB ORD SENSBLTY &,1872
588,13, BURGLARY,1799
1067,23, BURGLARY,1786
7,1, BURGLARY,1773
1379,29, OFF. AGNST PUB ORD SENSBLTY &,1768
540,12, BURGLARY,1761
1113,24, BURGLARY,1755
202,5, BURGLARY,1751
1427,30, OFF. AGNST PUB ORD SENSBLTY &,1749
395,9, BURGLARY,1742
924,20, BURGLARY,1741
1258,27, BURGLARY,1736
783,17, BURGLARY,1732
442,10, BURGLARY,1720
688,15, BURGLARY,1718
153,4, BURGLARY,1712
1019,22, BURGLARY,1711
830,18, BURGLARY,1701
104,3, BURGLARY,1692
636,14, BURGLARY,1687
253,6, BURGLARY,1685
1309,28, BURGLARY,1679
736,16, BURGLARY,1672
348,8, BURGLARY,1668
299,7, BURGLARY,1660
972,21, BURGLARY,1658
1210,26, BURGLARY,1658
875,19, BURGLARY,1657
1161,25, BURGLARY,1636
58,2, BURGLARY,1632
1355,29, BURGLARY,1630
490,11, BURGLARY,1625
1404,30, BURGLARY,1617
1461,31, GRAND LARCENY,1527
336,7, ROBBERY,1495
623,13, ROBBERY,1471
724,15, ROBBERY,1452
577,12, ROBBERY,1451
961,20, ROBBERY,1448
1100,23, ROBBERY,1440
1149,24, ROBBERY,1432
17,1, FELONY ASSAULT,1413
913,19, ROBBERY,1412
1056,22, ROBBERY,1411
1008,21, ROBBERY,1408
1344,28, ROBBERY,1405
431,9, ROBBERY,1401
674,14, ROBBERY,1394
479,10, ROBBERY,1385
140,3, ROBBERY,1385
239,5, ROBBERY,1377
286,6, ROBBERY,1375
528,11, ROBBERY,1367
91,2, ROBBERY,1367
774,16, ROBBERY,1359
1298,27, ROBBERY,1359
864,18, ROBBERY,1358
46,1, ROBBERY,1352
1198,25, ROBBERY,1348
818,17, ROBBERY,1331
189,4, ROBBERY,1324
1439,30, ROBBERY,1323
384,8, ROBBERY,1317
1169,25, FELONY ASSAULT,1312
1246,26, ROBBERY,1294
210,5, FELONY ASSAULT,1294
933,20, FELONY ASSAULT,1293
451,10, FELONY ASSAULT,1289
404,9, FELONY ASSAULT,1283
307,7, FELONY ASSAULT,1276
1075,23, FELONY ASSAULT,1275
1267,27, FELONY ASSAULT,1272
696,15, FELONY ASSAULT,1270
1392,29, ROBBERY,1263
1219,26, FELONY ASSAULT,1258
66,2, FELONY ASSAULT,1256
980,21, FELONY ASSAULT,1250
261,6, FELONY ASSAULT,1244
792,17, FELONY ASSAULT,1242
1316,28, FELONY ASSAULT,1240
596,13, FELONY ASSAULT,1237
162,4, FELONY ASSAULT,1229
1026,22, FELONY ASSAULT,1228
883,19, FELONY ASSAULT,1223
646,14, FELONY ASSAULT,1223
745,16, FELONY ASSAULT,1223
549,12, FELONY ASSAULT,1217
112,3, FELONY ASSAULT,1198
498,11, FELONY ASSAULT,1195
838,18, FELONY ASSAULT,1193
1412,30, FELONY ASSAULT,1189
1121,24, FELONY ASSAULT,1187
457,10, GRAND LARCENY OF MOTOR VEHICLE,1158
357,8, FELONY ASSAULT,1158
1127,24, GRAND LARCENY OF MOTOR VEHICLE,1151
22,1, GRAND LARCENY OF MOTOR VEHICLE,1151
1081,23, GRAND LARCENY OF MOTOR VEHICLE,1144
1362,29, FELONY ASSAULT,1143
1469,31, OFF. AGNST PUB ORD SENSBLTY &,1141
986,21, GRAND LARCENY OF MOTOR VEHICLE,1137
889,19, GRAND LARCENY OF MOTOR VEHICLE,1132
939,20, GRAND LARCENY OF MOTOR VEHICLE,1130
410,9, GRAND LARCENY OF MOTOR VEHICLE,1125
168,4, GRAND LARCENY OF MOTOR VEHICLE,1121
1032,22, GRAND LARCENY OF MOTOR VEHICLE,1120
798,17, GRAND LARCENY OF MOTOR VEHICLE,1116
652,14, GRAND LARCENY OF MOTOR VEHICLE,1101
1225,26, GRAND LARCENY OF MOTOR VEHICLE,1098
1175,25, GRAND LARCENY OF MOTOR VEHICLE,1098
702,15, GRAND LARCENY OF MOTOR VEHICLE,1095
843,18, GRAND LARCENY OF MOTOR VEHICLE,1088
1322,28, GRAND LARCENY OF MOTOR VEHICLE,1081
118,3, GRAND LARCENY OF MOTOR VEHICLE,1064
504,11, GRAND LARCENY OF MOTOR VEHICLE,1057
223,5, MISCELLANEOUS PENAL LAW,1056
31,1, MISCELLANEOUS PENAL LAW,1051
267,6, GRAND LARCENY OF MOTOR VEHICLE,1048
1273,27, GRAND LARCENY OF MOTOR VEHICLE,1046
313,7, GRAND LARCENY OF MOTOR VEHICLE,1044
555,12, GRAND LARCENY OF MOTOR VEHICLE,1043
751,16, GRAND LARCENY OF MOTOR VEHICLE,1043
217,5, GRAND LARCENY OF MOTOR VEHICLE,1042
72,2, GRAND LARCENY OF MOTOR VEHICLE,1037
602,13, GRAND LARCENY OF MOTOR VEHICLE,1035
1449,31, BURGLARY,1030
1418,30, GRAND LARCENY OF MOTOR VEHICLE,1023
708,15, MISCELLANEOUS PENAL LAW,1016
173,4, MISCELLANEOUS PENAL LAW,1013
414,9, MISCELLANEOUS PENAL LAW,1009
362,8, GRAND LARCENY OF MOTOR VEHICLE,1006
48,1, THEFT-FRAUD,999
1368,29, GRAND LARCENY OF MOTOR VEHICLE,997
77,2, MISCELLANEOUS PENAL LAW,994
464,10, MISCELLANEOUS PENAL LAW,993
1230,26, MISCELLANEOUS PENAL LAW,986
513,11, MISCELLANEOUS PENAL LAW,978
369,8, MISCELLANEOUS PENAL LAW,975
272,6, MISCELLANEOUS PENAL LAW,972
992,21, MISCELLANEOUS PENAL LAW,969
849,18, MISCELLANEOUS PENAL LAW,968
1182,25, MISCELLANEOUS PENAL LAW,967
758,16, MISCELLANEOUS PENAL LAW,965
562,12, MISCELLANEOUS PENAL LAW,953
946,20, MISCELLANEOUS PENAL LAW,951
803,17, MISCELLANEOUS PENAL LAW,947
608,13, MISCELLANEOUS PENAL LAW,945
898,19, MISCELLANEOUS PENAL LAW,939
1086,23, MISCELLANEOUS PENAL LAW,936
320,7, MISCELLANEOUS PENAL LAW,935
125,3, MISCELLANEOUS PENAL LAW,933
659,14, MISCELLANEOUS PENAL LAW,932
1328,28, MISCELLANEOUS PENAL LAW,914
1039,22, MISCELLANEOUS PENAL LAW,911
1133,24, MISCELLANEOUS PENAL LAW,906
1284,27, MISCELLANEOUS PENAL LAW,885
1425,30, MISCELLANEOUS PENAL LAW,879
835,18, DANGEROUS WEAPONS,852
207,5, DANGEROUS WEAPONS,840
108,3, DANGEROUS WEAPONS,837
929,20, DANGEROUS WEAPONS,829
446,10, DANGEROUS WEAPONS,826
258,6, DANGEROUS WEAPONS,825
593,13, DANGEROUS WEAPONS,824
545,12, DANGEROUS WEAPONS,822
304,7, DANGEROUS WEAPONS,822
880,19, DANGEROUS WEAPONS,821
1481,31, ROBBERY,820
1376,29, MISCELLANEOUS PENAL LAW,813
544,12, DANGEROUS DRUGS,813
787,17, DANGEROUS WEAPONS,813
977,21, DANGEROUS WEAPONS,812
1072,23, DANGEROUS WEAPONS,805
495,11, DANGEROUS WEAPONS,802
353,8, DANGEROUS WEAPONS,801
445,10, DANGEROUS DRUGS,799
741,16, DANGEROUS WEAPONS,794
257,6, DANGEROUS DRUGS,794
1456,31, FELONY ASSAULT,785
592,13, DANGEROUS DRUGS,784
928,20, DANGEROUS DRUGS,782
400,9, DANGEROUS WEAPONS,780
399,9, DANGEROUS DRUGS,771
12,1, DANGEROUS WEAPONS,770
692,15, DANGEROUS DRUGS,767
641,14, DANGEROUS WEAPONS,766
158,4, DANGEROUS WEAPONS,765
1263,27, DANGEROUS WEAPONS,763
352,8, DANGEROUS DRUGS,762
62,2, DANGEROUS DRUGS,761
63,2, DANGEROUS WEAPONS,757
693,15, DANGEROUS WEAPONS,755
11,1, DANGEROUS DRUGS,752
206,5, DANGEROUS DRUGS,750
107,3, DANGEROUS DRUGS,748
786,17, DANGEROUS DRUGS,747
494,11, DANGEROUS DRUGS,746
1314,28, DANGEROUS WEAPONS,736
1024,22, DANGEROUS WEAPONS,729
157,4, DANGEROUS DRUGS,725
1071,23, DANGEROUS DRUGS,725
1215,26, DANGEROUS WEAPONS,724
740,16, DANGEROUS DRUGS,724
1360,29, DANGEROUS WEAPONS,724
1023,22, DANGEROUS DRUGS,715
1118,24, DANGEROUS WEAPONS,714
640,14, DANGEROUS DRUGS,712
834,18, DANGEROUS DRUGS,706
303,7, DANGEROUS DRUGS,701
1166,25, DANGEROUS WEAPONS,699
879,19, DANGEROUS DRUGS,694
1262,27, DANGEROUS DRUGS,693
976,21, DANGEROUS DRUGS,674
1313,28, DANGEROUS DRUGS,649
1117,24, DANGEROUS DRUGS,645
1409,30, DANGEROUS WEAPONS,642
1165,25, DANGEROUS DRUGS,625
1462,31, GRAND LARCENY OF MOTOR VEHICLE,618
1359,29, DANGEROUS DRUGS,618
1214,26, DANGEROUS DRUGS,617
800,17, INTOXICATED & IMPAIRED DRIVING,605
1408,30, DANGEROUS DRUGS,594
605,13, INTOXICATED & IMPAIRED DRIVING,590
171,4, INTOXICATED & IMPAIRED DRIVING,589
705,15, INTOXICATED & IMPAIRED DRIVING,589
845,18, INTOXICATED & IMPAIRED DRIVING,588
1467,31, MISCELLANEOUS PENAL LAW,587
1277,27, INTOXICATED & IMPAIRED DRIVING,583
1035,22, INTOXICATED & IMPAIRED DRIVING,579
655,14, INTOXICATED & IMPAIRED DRIVING,576
269,6, INTOXICATED & IMPAIRED DRIVING,572
557,12, INTOXICATED & IMPAIRED DRIVING,567
26,1, INTOXICATED & IMPAIRED DRIVING,567
1083,23, INTOXICATED & IMPAIRED DRIVING,567
754,16, INTOXICATED & IMPAIRED DRIVING,565
412,9, INTOXICATED & IMPAIRED DRIVING,561
220,5, INTOXICATED & IMPAIRED DRIVING,561
1177,25, INTOXICATED & IMPAIRED DRIVING,560
852,18, OFFENSES AGAINST PUBLIC ADMINI,558
1227,26, INTOXICATED & IMPAIRED DRIVING,557
806,17, OFFENSES AGAINST PUBLIC ADMINI,556
892,19, INTOXICATED & IMPAIRED DRIVING,555
949,20, OFFENSES AGAINST PUBLIC ADMINI,553
316,7, INTOXICATED & IMPAIRED DRIVING,553
417,9, OFFENSES AGAINST PUBLIC ADMINI,552
365,8, INTOXICATED & IMPAIRED DRIVING,551
227,5, OFFENSES AGAINST PUBLIC ADMINI,549
34,1, OFFENSES AGAINST PUBLIC ADMINI,549
988,21, INTOXICATED & IMPAIRED DRIVING,548
1129,24, INTOXICATED & IMPAIRED DRIVING,544
128,3, OFFENSES AGAINST PUBLIC ADMINI,542
712,15, OFFENSES AGAINST PUBLIC ADMINI,542
467,10, OFFENSES AGAINST PUBLIC ADMINI,541
176,4, OFFENSES AGAINST PUBLIC ADMINI,540
1089,23, OFFENSES AGAINST PUBLIC ADMINI,540
1332,28, OFFENSES AGAINST PUBLIC ADMINI,538
275,6, OFFENSES AGAINST PUBLIC ADMINI,538
903,19, OFFENSES AGAINST PUBLIC ADMINI,537
80,2, OFFENSES AGAINST PUBLIC ADMINI,533
324,7, OFFENSES AGAINST PUBLIC ADMINI,531
1044,22, OFFENSES AGAINST PUBLIC ADMINI,531
612,13, OFFENSES AGAINST PUBLIC ADMINI,531
1186,25, OFFENSES AGAINST PUBLIC ADMINI,530
1137,24, OFFENSES AGAINST PUBLIC ADMINI,530
508,11, INTOXICATED & IMPAIRED DRIVING,530
662,14, OFFENSES AGAINST PUBLIC ADMINI,529
1287,27, OFFENSES AGAINST PUBLIC ADMINI,523
762,16, OFFENSES AGAINST PUBLIC ADMINI,518
516,11, OFFENSES AGAINST PUBLIC ADMINI,517
1371,29, INTOXICATED & IMPAIRED DRIVING,516
74,2, INTOXICATED & IMPAIRED DRIVING,513
120,3, INTOXICATED & IMPAIRED DRIVING,512
460,10, INTOXICATED & IMPAIRED DRIVING,506
566,12, OFFENSES AGAINST PUBLIC ADMINI,503
942,20, INTOXICATED & IMPAIRED DRIVING,502
996,21, OFFENSES AGAINST PUBLIC ADMINI,502
1233,26, OFFENSES AGAINST PUBLIC ADMINI,493
1380,29, OFFENSES AGAINST PUBLIC ADMINI,483
372,8, OFFENSES AGAINST PUBLIC ADMINI,480
1428,30, OFFENSES AGAINST PUBLIC ADMINI,478
550,12, FORGERY,474
1060,22, VEHICLE AND TRAFFIC LAWS,473
1324,28, INTOXICATED & IMPAIRED DRIVING,473
726,15, THEFT-FRAUD,472
51,1, VEHICLE AND TRAFFIC LAWS,464
1420,30, INTOXICATED & IMPAIRED DRIVING,464
1105,23, VEHICLE AND TRAFFIC LAWS,458
1348,28, VEHICLE AND TRAFFIC LAWS,455
341,7, VEHICLE AND TRAFFIC LAWS,449
1444,30, VEHICLE AND TRAFFIC LAWS,448
1012,21, VEHICLE AND TRAFFIC LAWS,441
1453,31, DANGEROUS WEAPONS,432
96,2, VEHICLE AND TRAFFIC LAWS,431
934,20, FORGERY,428
291,6, VEHICLE AND TRAFFIC LAWS,427
389,8, VEHICLE AND TRAFFIC LAWS,427
627,13, VEHICLE AND TRAFFIC LAWS,426
793,17, FORGERY,424
19,1, FRAUDS,423
917,19, VEHICLE AND TRAFFIC LAWS,422
963,20, THEFT-FRAUD,422
452,10, FORGERY,420
746,16, FORGERY,420
777,16, VEHICLE AND TRAFFIC LAWS,419
728,15, VEHICLE AND TRAFFIC LAWS,419
193,4, VEHICLE AND TRAFFIC LAWS,417
966,20, VEHICLE AND TRAFFIC LAWS,415
981,21, FORGERY,415
1202,25, VEHICLE AND TRAFFIC LAWS,415
822,17, VEHICLE AND TRAFFIC LAWS,412
1303,27, VEHICLE AND TRAFFIC LAWS,411
244,5, VEHICLE AND TRAFFIC LAWS,409
868,18, VEHICLE AND TRAFFIC LAWS,409
481,10, THEFT-FRAUD,408
839,18, FORGERY,407
1154,24, VEHICLE AND TRAFFIC LAWS,406
582,12, VEHICLE AND TRAFFIC LAWS,402
679,14, VEHICLE AND TRAFFIC LAWS,402
113,3, FORGERY,396
405,9, FORGERY,394
533,11, VEHICLE AND TRAFFIC LAWS,394
338,7, THEFT-FRAUD,392
484,10, VEHICLE AND TRAFFIC LAWS,391
262,6, FORGERY,390
144,3, VEHICLE AND TRAFFIC LAWS,388
435,9, VEHICLE AND TRAFFIC LAWS,386
1395,29, VEHICLE AND TRAFFIC LAWS,384
1250,26, VEHICLE AND TRAFFIC LAWS,384
358,8, FORGERY,381
647,14, FORGERY,378
1170,25, FORGERY,377
1027,22, FORGERY,377
884,19, FORGERY,373
67,2, FORGERY,371
142,3, THEFT-FRAUD,371
18,1, FORGERY,370
676,14, THEFT-FRAUD,370
697,15, FORGERY,370
1076,23, FORGERY,369
1268,27, FORGERY,368
1102,23, THEFT-FRAUD,368
241,5, THEFT-FRAUD,367
211,5, FORGERY,366
1220,26, FORGERY,366
866,18, THEFT-FRAUD,364
1317,28, FORGERY,363
597,13, FORGERY,362
530,11, THEFT-FRAUD,361
288,6, THEFT-FRAUD,360
579,12, THEFT-FRAUD,359
163,4, FORGERY,358
1363,29, FORGERY,358
499,11, FORGERY,358
308,7, FORGERY,358
1122,24, FORGERY,357
1346,28, THEFT-FRAUD,357
775,16, THEFT-FRAUD,354
1010,21, THEFT-FRAUD,351
1413,30, FORGERY,351
1058,22, THEFT-FRAUD,350
1393,29, THEFT-FRAUD,346
93,2, THEFT-FRAUD,345
106,3, CRIMINAL TRESPASS,344
1300,27, THEFT-FRAUD,344
433,9, THEFT-FRAUD,342
1200,25, THEFT-FRAUD,340
1452,31, DANGEROUS DRUGS,339
1151,24, THEFT-FRAUD,334
625,13, THEFT-FRAUD,330
1248,26, THEFT-FRAUD,328
10,1, CRIMINAL TRESPASS,327
386,8, THEFT-FRAUD,327
820,17, THEFT-FRAUD,322
191,4, THEFT-FRAUD,313
444,10, CRIMINAL TRESPASS,311
1164,25, CRIMINAL TRESPASS,308
591,13, CRIMINAL TRESPASS,307
1464,31, INTOXICATED & IMPAIRED DRIVING,303
493,11, CRIMINAL TRESPASS,301
915,19, THEFT-FRAUD,301
543,12, CRIMINAL TRESPASS,301
1441,30, THEFT-FRAUD,300
302,7, CRIMINAL TRESPASS,296
785,17, CRIMINAL TRESPASS,294
61,2, CRIMINAL TRESPASS,293
833,18, CRIMINAL TRESPASS,293
351,8, CRIMINAL TRESPASS,292
156,4, CRIMINAL TRESPASS,291
1070,23, CRIMINAL TRESPASS,290
1022,22, CRIMINAL TRESPASS,290
691,15, CRIMINAL TRESPASS,289
639,14, CRIMINAL TRESPASS,287
205,5, CRIMINAL TRESPASS,286
927,20, CRIMINAL TRESPASS,284
1470,31, OFFENSES AGAINST PUBLIC ADMINI,283
1261,27, CRIMINAL TRESPASS,279
398,9, CRIMINAL TRESPASS,276
1213,26, CRIMINAL TRESPASS,270
1116,24, CRIMINAL TRESPASS,269
256,6, CRIMINAL TRESPASS,267
1312,28, CRIMINAL TRESPASS,265
878,19, CRIMINAL TRESPASS,265
975,21, CRIMINAL TRESPASS,262
739,16, CRIMINAL TRESPASS,259
1407,30, CRIMINAL TRESPASS,254
1358,29, CRIMINAL TRESPASS,250
49,1, UNAUTHORIZED USE OF A VEHICLE,246
1485,31, VEHICLE AND TRAFFIC LAWS,245
698,15, FRAUDS,240
453,10, FRAUDS,223
935,20, FRAUDS,222
114,3, FRAUDS,215
672,14, POSSESSION OF STOLEN PROPERTY,214
1054,22, POSSESSION OF STOLEN PROPERTY,213
526,11, POSSESSION OF STOLEN PROPERTY,213
1483,31, THEFT-FRAUD,211
213,5, FRAUDS,210
237,5, POSSESSION OF STOLEN PROPERTY,209
68,2, FRAUDS,207
648,14, FRAUDS,207
747,16, FRAUDS,207
310,7, FRAUDS,202
1147,24, POSSESSION OF STOLEN PROPERTY,202
772,16, POSSESSION OF STOLEN PROPERTY,198
406,9, FRAUDS,198
263,6, FRAUDS,196
1318,28, FRAUDS,196
862,18, POSSESSION OF STOLEN PROPERTY,196
575,12, POSSESSION OF STOLEN PROPERTY,196
722,15, POSSESSION OF STOLEN PROPERTY,195
621,13, POSSESSION OF STOLEN PROPERTY,194
1296,27, POSSESSION OF STOLEN PROPERTY,193
1006,21, POSSESSION OF STOLEN PROPERTY,192
551,12, FRAUDS,190
429,9, POSSESSION OF STOLEN PROPERTY,190
816,17, POSSESSION OF STOLEN PROPERTY,190
1437,30, POSSESSION OF STOLEN PROPERTY,190
727,15, UNAUTHORIZED USE OF A VEHICLE,187
477,10, POSSESSION OF STOLEN PROPERTY,185
885,19, FRAUDS,185
1196,25, POSSESSION OF STOLEN PROPERTY,184
138,3, POSSESSION OF STOLEN PROPERTY,183
44,1, POSSESSION OF STOLEN PROPERTY,182
912,19, POSSESSION OF STOLEN PROPERTY,182
1221,26, FRAUDS,182
794,17, FRAUDS,181
382,8, POSSESSION OF STOLEN PROPERTY,181
1028,22, FRAUDS,180
187,4, POSSESSION OF STOLEN PROPERTY,180
1244,26, POSSESSION OF STOLEN PROPERTY,178
1342,28, POSSESSION OF STOLEN PROPERTY,178
285,6, POSSESSION OF STOLEN PROPERTY,176
334,7, POSSESSION OF STOLEN PROPERTY,176
959,20, POSSESSION OF STOLEN PROPERTY,176
1077,23, FRAUDS,174
500,11, FRAUDS,174
1457,31, FORGERY,174
192,4, UNAUTHORIZED USE OF A VEHICLE,173
982,21, FRAUDS,172
598,13, FRAUDS,171
1269,27, FRAUDS,171
1123,24, FRAUDS,171
1390,29, POSSESSION OF STOLEN PROPERTY,168
387,8, UNAUTHORIZED USE OF A VEHICLE,167
1171,25, FRAUDS,165
1152,24, UNAUTHORIZED USE OF A VEHICLE,165
1098,23, POSSESSION OF STOLEN PROPERTY,165
1103,23, UNAUTHORIZED USE OF A VEHICLE,164
0,1, ADMINISTRATIVE CODE,164
821,17, UNAUTHORIZED USE OF A VEHICLE,161
964,20, UNAUTHORIZED USE OF A VEHICLE,160
1364,29, FRAUDS,160
359,8, FRAUDS,159
289,6, UNAUTHORIZED USE OF A VEHICLE,158
1249,26, UNAUTHORIZED USE OF A VEHICLE,158
1451,31, CRIMINAL TRESPASS,158
90,2, POSSESSION OF STOLEN PROPERTY,157
1414,30, FRAUDS,157
867,18, UNAUTHORIZED USE OF A VEHICLE,156
164,4, FRAUDS,155
1201,25, UNAUTHORIZED USE OF A VEHICLE,155
1301,27, UNAUTHORIZED USE OF A VEHICLE,154
677,14, UNAUTHORIZED USE OF A VEHICLE,154
1059,22, UNAUTHORIZED USE OF A VEHICLE,151
94,2, UNAUTHORIZED USE OF A VEHICLE,151
143,3, UNAUTHORIZED USE OF A VEHICLE,151
434,9, UNAUTHORIZED USE OF A VEHICLE,151
916,19, UNAUTHORIZED USE OF A VEHICLE,151
840,18, FRAUDS,150
242,5, UNAUTHORIZED USE OF A VEHICLE,149
482,10, UNAUTHORIZED USE OF A VEHICLE,148
339,7, UNAUTHORIZED USE OF A VEHICLE,145
580,12, UNAUTHORIZED USE OF A VEHICLE,142
626,13, UNAUTHORIZED USE OF A VEHICLE,141
531,11, UNAUTHORIZED USE OF A VEHICLE,140
776,16, UNAUTHORIZED USE OF A VEHICLE,139
1011,21, UNAUTHORIZED USE OF A VEHICLE,134
1347,28, UNAUTHORIZED USE OF A VEHICLE,134
918,20, ADMINISTRATIVE CODE,132
1442,30, UNAUTHORIZED USE OF A VEHICLE,130
97,3, ADMINISTRATIVE CODE,124
1394,29, UNAUTHORIZED USE OF A VEHICLE,124
52,2, ADMINISTRATIVE CODE,121
246,6, ADMINISTRATIVE CODE,116
680,15, ADMINISTRATIVE CODE,113
145,4, ADMINISTRATIVE CODE,112
778,17, ADMINISTRATIVE CODE,110
194,5, ADMINISTRATIVE CODE,109
1203,26, ADMINISTRATIVE CODE,108
293,7, ADMINISTRATIVE CODE,107
1484,31, UNAUTHORIZED USE OF A VEHICLE,107
1458,31, FRAUDS,104
869,19, ADMINISTRATIVE CODE,103
583,13, ADMINISTRATIVE CODE,102
729,16, ADMINISTRATIVE CODE,101
628,14, ADMINISTRATIVE CODE,100
823,18, ADMINISTRATIVE CODE,100
1304,28, ADMINISTRATIVE CODE,100
1107,24, ADMINISTRATIVE CODE,99
199,5, ARSON,99
1251,27, ADMINISTRATIVE CODE,98
967,21, ADMINISTRATIVE CODE,98
390,9, ADMINISTRATIVE CODE,98
39,1, OTHER OFFENSES RELATED TO THEF,96
1155,25, ADMINISTRATIVE CODE,96
1061,23, ADMINISTRATIVE CODE,96
534,12, ADMINISTRATIVE CODE,96
485,11, ADMINISTRATIVE CODE,96
436,10, ADMINISTRATIVE CODE,95
345,8, ARSON,94
150,4, ARSON,93
101,3, ARSON,92
1479,31, POSSESSION OF STOLEN PROPERTY,92
1401,30, ARSON,91
780,17, ARSON,89
4,1, ARSON,88
1337,28, OTHER OFFENSES RELATED TO THEF,88
1306,28, ARSON,88
342,8, ADMINISTRATIVE CODE,87
633,14, ARSON,87
811,17, OTHER OFFENSES RELATED TO THEF,87
827,18, ARSON,87
1064,23, ARSON,86
1094,23, OTHER OFFENSES RELATED TO THEF,86
82,2, OFFENSES AGAINST THE PERSON,85
133,3, OTHER OFFENSES RELATED TO THEF,84
374,8, OFFENSES AGAINST THE PERSON,82
296,7, ARSON,82
767,16, OTHER OFFENSES RELATED TO THEF,81
1396,30, ADMINISTRATIVE CODE,81
1334,28, OFFENSES AGAINST THE PERSON,80
178,4, OFFENSES AGAINST THE PERSON,80
1158,25, ARSON,80
439,10, ARSON,80
422,9, OTHER OFFENSES RELATED TO THEF,80
1238,26, OTHER OFFENSES RELATED TO THEF,80
280,6, OTHER OFFENSES RELATED TO THEF,80
537,12, ARSON,79
1292,27, OTHER OFFENSES RELATED TO THEF,79
1091,23, OFFENSES AGAINST THE PERSON,79
232,5, OTHER OFFENSES RELATED TO THEF,79
469,10, OFFENSES AGAINST THE PERSON,79
1001,21, OTHER OFFENSES RELATED TO THEF,79
1049,22, OTHER OFFENSES RELATED TO THEF,79
733,16, ARSON,79
1110,24, ARSON,78
326,7, OFFENSES AGAINST THE PERSON,78
951,20, OFFENSES AGAINST THE PERSON,77
808,17, OFFENSES AGAINST THE PERSON,77
1013,22, ADMINISTRATIVE CODE,77
229,5, OFFENSES AGAINST THE PERSON,77
277,6, OFFENSES AGAINST THE PERSON,76
857,18, OTHER OFFENSES RELATED TO THEF,76
1349,29, ADMINISTRATIVE CODE,76
392,9, ARSON,76
1016,22, ARSON,75
1191,25, OTHER OFFENSES RELATED TO THEF,75
518,11, OFFENSES AGAINST THE PERSON,75
250,6, ARSON,75
613,13, OFFENSES AGAINST THE PERSON,74
717,15, OTHER OFFENSES RELATED TO THEF,74
969,21, ARSON,74
872,19, ARSON,73
36,1, OFFENSES AGAINST THE PERSON,73
472,10, OTHER OFFENSES RELATED TO THEF,73
685,15, ARSON,73
585,13, ARSON,73
921,20, ARSON,73
1188,25, OFFENSES AGAINST THE PERSON,72
1235,26, OFFENSES AGAINST THE PERSON,72
664,14, OFFENSES AGAINST THE PERSON,71
1207,26, ARSON,70
667,14, OTHER OFFENSES RELATED TO THEF,70
329,7, OTHER OFFENSES RELATED TO THEF,69
1382,29, OFFENSES AGAINST THE PERSON,68
1255,27, ARSON,67
377,8, OTHER OFFENSES RELATED TO THEF,67
487,11, ARSON,66
998,21, OFFENSES AGAINST THE PERSON,66
130,3, OFFENSES AGAINST THE PERSON,66
616,13, OTHER OFFENSES RELATED TO THEF,66
1352,29, ARSON,65
954,20, OTHER OFFENSES RELATED TO THEF,65
904,19, OFFENSES AGAINST THE PERSON,65
55,2, ARSON,65
1433,30, OTHER OFFENSES RELATED TO THEF,64
1289,27, OFFENSES AGAINST THE PERSON,64
714,15, OFFENSES AGAINST THE PERSON,64
1445,31, ADMINISTRATIVE CODE,64
1430,30, OFFENSES AGAINST THE PERSON,64
571,12, OTHER OFFENSES RELATED TO THEF,64
419,9, OFFENSES AGAINST THE PERSON,64
181,4, OTHER OFFENSES RELATED TO THEF,63
1139,24, OFFENSES AGAINST THE PERSON,63
765,16, OFFENSES INVOLVING FRAUD,63
855,18, OFFENSES INVOLVING FRAUD,60
764,16, OFFENSES AGAINST THE PERSON,60
1142,24, OTHER OFFENSES RELATED TO THEF,59
1446,31, ARSON,59
1046,22, OFFENSES AGAINST THE PERSON,58
1385,29, OTHER OFFENSES RELATED TO THEF,58
179,4, OFFENSES INVOLVING FRAUD,57
85,2, OTHER OFFENSES RELATED TO THEF,57
854,18, OFFENSES AGAINST THE PERSON,56
907,19, OTHER OFFENSES RELATED TO THEF,56
521,11, OTHER OFFENSES RELATED TO THEF,55
131,3, OFFENSES INVOLVING FRAUD,55
1431,30, OFFENSES INVOLVING FRAUD,54
809,17, OFFENSES INVOLVING FRAUD,54
470,10, OFFENSES INVOLVING FRAUD,53
37,1, OFFENSES INVOLVING FRAUD,53
568,12, OFFENSES AGAINST THE PERSON,53
905,19, OFFENSES INVOLVING FRAUD,52
420,9, OFFENSES INVOLVING FRAUD,51
519,11, OFFENSES INVOLVING FRAUD,49
569,12, OFFENSES INVOLVING FRAUD,45
230,5, OFFENSES INVOLVING FRAUD,44
614,13, OFFENSES INVOLVING FRAUD,44
278,6, OFFENSES INVOLVING FRAUD,43
1384,29, OFFENSES RELATED TO CHILDREN,43
1236,26, OFFENSES INVOLVING FRAUD,42
1047,22, OFFENSES INVOLVING FRAUD,41
1290,27, OFFENSES INVOLVING FRAUD,40
715,15, OFFENSES INVOLVING FRAUD,40
83,2, OFFENSES INVOLVING FRAUD,40
952,20, OFFENSES INVOLVING FRAUD,40
375,8, OFFENSES INVOLVING FRAUD,39
1092,23, OFFENSES INVOLVING FRAUD,38
999,21, OFFENSES INVOLVING FRAUD,38
1472,31, OFFENSES AGAINST THE PERSON,37
327,7, OFFENSES INVOLVING FRAUD,37
1189,25, OFFENSES INVOLVING FRAUD,36
1335,28, OFFENSES INVOLVING FRAUD,36
1140,24, OFFENSES INVOLVING FRAUD,36
1432,30, OFFENSES RELATED TO CHILDREN,35
84,2, OFFENSES RELATED TO CHILDREN,35
1475,31, OTHER OFFENSES RELATED TO THEF,35
665,14, OFFENSES INVOLVING FRAUD,33
953,20, OFFENSES RELATED TO CHILDREN,33
1383,29, OFFENSES INVOLVING FRAUD,33
666,14, OFFENSES RELATED TO CHILDREN,29
1048,22, OFFENSES RELATED TO CHILDREN,29
231,5, OFFENSES RELATED TO CHILDREN,28
1473,31, OFFENSES INVOLVING FRAUD,28
38,1, OFFENSES RELATED TO CHILDREN,26
1018,22," ""BURGLARS TOOLS""",26
829,18," ""BURGLARS TOOLS""",25
376,8, OFFENSES RELATED TO CHILDREN,24
687,15," ""BURGLARS TOOLS""",24
570,12, OFFENSES RELATED TO CHILDREN,24
298,7," ""BURGLARS TOOLS""",23
1000,21, OFFENSES RELATED TO CHILDREN,23
1403,30," ""BURGLARS TOOLS""",23
489,11," ""BURGLARS TOOLS""",23
1180,25, KIDNAPPING & RELATED OFFENSES,23
511,11, KIDNAPPING & RELATED OFFENSES,23
635,14," ""BURGLARS TOOLS""",22
856,18, OFFENSES RELATED TO CHILDREN,22
923,20," ""BURGLARS TOOLS""",22
421,9, OFFENSES RELATED TO CHILDREN,21
394,9," ""BURGLARS TOOLS""",21
1112,24," ""BURGLARS TOOLS""",21
1291,27, OFFENSES RELATED TO CHILDREN,20
6,1," ""BURGLARS TOOLS""",20
1308,28," ""BURGLARS TOOLS""",20
180,4, OFFENSES RELATED TO CHILDREN,20
252,6," ""BURGLARS TOOLS""",20
587,13," ""BURGLARS TOOLS""",20
810,17, OFFENSES RELATED TO CHILDREN,19
1374,29, KIDNAPPING & RELATED OFFENSES,19
906,19, OFFENSES RELATED TO CHILDREN,19
331,7, OTHER STATE LAWS NON PENAL LA,19
707,15, KIDNAPPING & RELATED OFFENSES,19
201,5," ""BURGLARS TOOLS""",19
347,8," ""BURGLARS TOOLS""",19
847,18, KIDNAPPING & RELATED OFFENSES,19
1093,23, OFFENSES RELATED TO CHILDREN,19
152,4," ""BURGLARS TOOLS""",19
971,21," ""BURGLARS TOOLS""",19
1237,26, OFFENSES RELATED TO CHILDREN,18
1354,29," ""BURGLARS TOOLS""",18
520,11, OFFENSES RELATED TO CHILDREN,18
994,21, NYS LAWS-UNCLASSIFIED FELONY,18
441,10," ""BURGLARS TOOLS""",18
657,14, KIDNAPPING & RELATED OFFENSES,18
990,21, KIDNAPPING & RELATED OFFENSES,18
103,3," ""BURGLARS TOOLS""",18
29,1, KIDNAPPING & RELATED OFFENSES,18
471,10, OFFENSES RELATED TO CHILDREN,18
1087,23, NYS LAWS-UNCLASSIFIED FELONY,17
757,16, KIDNAPPING & RELATED OFFENSES,17
539,12," ""BURGLARS TOOLS""",17
279,6, OFFENSES RELATED TO CHILDREN,17
132,3, OFFENSES RELATED TO CHILDREN,17
944,20, KIDNAPPING & RELATED OFFENSES,16
956,20, OTHER STATE LAWS NON PENAL LA,16
328,7, OFFENSES RELATED TO CHILDREN,16
1285,27, NYS LAWS-UNCLASSIFIED FELONY,16
1160,25," ""BURGLARS TOOLS""",16
1038,22, KIDNAPPING & RELATED OFFENSES,16
1426,30, NYS LAWS-UNCLASSIFIED FELONY,16
947,20, NYS LAWS-UNCLASSIFIED FELONY,16
766,16, OFFENSES RELATED TO CHILDREN,16
1336,28, OFFENSES RELATED TO CHILDREN,15
172,4, KIDNAPPING & RELATED OFFENSES,15
413,9, KIDNAPPING & RELATED OFFENSES,15
1377,29, NYS LAWS-UNCLASSIFIED FELONY,15
1184,25, NYS LAWS-UNCLASSIFIED FELONY,15
514,11, NYS LAWS-UNCLASSIFIED FELONY,15
1066,23," ""BURGLARS TOOLS""",15
115,3, FRAUDULENT ACCOSTING,15
802,17, KIDNAPPING & RELATED OFFENSES,15
564,12, NYS LAWS-UNCLASSIFIED FELONY,14
415,9, NYS LAWS-UNCLASSIFIED FELONY,14
804,17, NYS LAWS-UNCLASSIFIED FELONY,14
1084,23, KIDNAPPING & RELATED OFFENSES,14
759,16, NYS LAWS-UNCLASSIFIED FELONY,14
234,5, OTHER STATE LAWS NON PENAL LA,14
782,17," ""BURGLARS TOOLS""",14
735,16," ""BURGLARS TOOLS""",14
610,13, NYS LAWS-UNCLASSIFIED FELONY,14
463,10, KIDNAPPING & RELATED OFFENSES,14
41,1, OTHER STATE LAWS NON PENAL LA,14
1003,21, OTHER STATE LAWS NON PENAL LA,14
370,8, NYS LAWS-UNCLASSIFIED FELONY,14
368,8, KIDNAPPING & RELATED OFFENSES,14
1474,31, OFFENSES RELATED TO CHILDREN,14
424,9, OTHER STATE LAWS NON PENAL LA,14
895,19, KIDNAPPING & RELATED OFFENSES,14
32,1, NYS LAWS-UNCLASSIFIED FELONY,13
174,4, NYS LAWS-UNCLASSIFIED FELONY,13
1209,26," ""BURGLARS TOOLS""",13
850,18, NYS LAWS-UNCLASSIFIED FELONY,13
769,16, OTHER STATE LAWS NON PENAL LA,13
225,5, NYS LAWS-UNCLASSIFIED FELONY,13
660,14, NYS LAWS-UNCLASSIFIED FELONY,13
1327,28, KIDNAPPING & RELATED OFFENSES,13
559,12, KIDNAPPING & RELATED OFFENSES,13
1293,27, OTHER STATE LAWS NON PENAL LA,12
874,19," ""BURGLARS TOOLS""",12
1135,24, NYS LAWS-UNCLASSIFIED FELONY,12
284,6, PETIT LARCENY OF MOTOR VEHICLE,12
318,7, KIDNAPPING & RELATED OFFENSES,12
1257,27," ""BURGLARS TOOLS""",12
1281,27, KIDNAPPING & RELATED OFFENSES,12
76,2, KIDNAPPING & RELATED OFFENSES,12
126,3, NYS LAWS-UNCLASSIFIED FELONY,12
43,1, PETIT LARCENY OF MOTOR VEHICLE,12
57,2," ""BURGLARS TOOLS""",11
572,12, OTHER STATE LAWS NON PENAL LA,11
1387,29, OTHER STATE LAWS NON PENAL LA,11
177,4, OFFENSES AGAINST PUBLIC SAFETY,11
379,8, OTHER STATE LAWS NON PENAL LA,11
139,3, PROSTITUTION & RELATED OFFENSES,11
271,6, KIDNAPPING & RELATED OFFENSES,11
183,4, OTHER STATE LAWS NON PENAL LA,11
1240,26, OTHER STATE LAWS NON PENAL LA,11
721,15, PETIT LARCENY OF MOTOR VEHICLE,11
1229,26, KIDNAPPING & RELATED OFFENSES,11
719,15, OTHER STATE LAWS NON PENAL LA,11
135,3, OTHER STATE LAWS NON PENAL LA,11
669,14, OTHER STATE LAWS NON PENAL LA,11
1051,22, OTHER STATE LAWS NON PENAL LA,11
1330,28, NYS LAWS-UNCLASSIFIED FELONY,11
123,3, KIDNAPPING & RELATED OFFENSES,11
78,2, NYS LAWS-UNCLASSIFIED FELONY,11
861,18, PETIT LARCENY OF MOTOR VEHICLE,10
813,17, OTHER STATE LAWS NON PENAL LA,10
618,13, OTHER STATE LAWS NON PENAL LA,10
1041,22, NYS LAWS-UNCLASSIFIED FELONY,10
1466,31, KIDNAPPING & RELATED OFFENSES,10
321,7, NYS LAWS-UNCLASSIFIED FELONY,10
815,17, PETIT LARCENY OF MOTOR VEHICLE,10
1144,24, OTHER STATE LAWS NON PENAL LA,10
81,2, OFFENSES AGAINST PUBLIC SAFETY,10
710,15, NYS LAWS-UNCLASSIFIED FELONY,10
1095,23, OTHER STATE LAWS NON PENAL LA,10
1141,24, OFFENSES RELATED TO CHILDREN,9
228,5, OFFENSES AGAINST PUBLIC SAFETY,9
771,16, PETIT LARCENY OF MOTOR VEHICLE,9
273,6, NYS LAWS-UNCLASSIFIED FELONY,9
1422,30, KIDNAPPING & RELATED OFFENSES,9
20,1, GAMBLING,9
89,2, PETIT LARCENY OF MOTOR VEHICLE,9
1132,24, KIDNAPPING & RELATED OFFENSES,9
186,4, PETIT LARCENY OF MOTOR VEHICLE,9
1231,26, NYS LAWS-UNCLASSIFIED FELONY,9
240,5, THEFT OF SERVICES,9
333,7, PETIT LARCENY OF MOTOR VEHICLE,9
900,19, NYS LAWS-UNCLASSIFIED FELONY,9
129,3, OFFENSES AGAINST PUBLIC SAFETY,8
1468,31, NYS LAWS-UNCLASSIFIED FELONY,8
1053,22, PETIT LARCENY OF MOTOR VEHICLE,8
1195,25, PETIT LARCENY OF MOTOR VEHICLE,8
841,18, GAMBLING,8
859,18, OTHER STATE LAWS NON PENAL LA,8
523,11, OTHER STATE LAWS NON PENAL LA,8
465,10, NYS LAWS-UNCLASSIFIED FELONY,8
476,10, PETIT LARCENY OF MOTOR VEHICLE,8
1146,24, PETIT LARCENY OF MOTOR VEHICLE,8
222,5, KIDNAPPING & RELATED OFFENSES,8
615,13, OFFENSES RELATED TO CHILDREN,8
282,6, OTHER STATE LAWS NON PENAL LA,8
909,19, OTHER STATE LAWS NON PENAL LA,8
1245,26, PROSTITUTION & RELATED OFFENSES,8
3,1, ALCOHOLIC BEVERAGE CONTROL LAW,7
254,6, CHILD ABANDONMENT/NON SUPPORT,7
675,14, THEFT OF SERVICES,7
624,13, THEFT OF SERVICES,7
1339,28, OTHER STATE LAWS NON PENAL LA,7
295,7, ALCOHOLIC BEVERAGE CONTROL LAW,7
1190,25, OFFENSES RELATED TO CHILDREN,7
1197,25, PROSTITUTION & RELATED OFFENSES,7
1389,29, PETIT LARCENY OF MOTOR VEHICLE,7
525,11, PETIT LARCENY OF MOTOR VEHICLE,7
1097,23, PETIT LARCENY OF MOTOR VEHICLE,7
1243,26, PETIT LARCENY OF MOTOR VEHICLE,7
1009,21, THEFT OF SERVICES,7
671,14, PETIT LARCENY OF MOTOR VEHICLE,7
1434,30, OTHER STATE LAWS NON PENAL LA,7
700,15, GAMBLING,7
474,10, OTHER STATE LAWS NON PENAL LA,7
622,13, PROSTITUTION & RELATED OFFENSES,6
1341,28, PETIT LARCENY OF MOTOR VEHICLE,6
337,7, THEFT OF SERVICES,6
650,14, GAMBLING,6
501,11, FRAUDULENT ACCOSTING,6
578,12, THEFT OF SERVICES,6
887,19, GAMBLING,6
936,20, FRAUDULENT ACCOSTING,6
287,6, THEFT OF SERVICES,6
1436,30, PETIT LARCENY OF MOTOR VEHICLE,6
1478,31, PETIT LARCENY OF MOTOR VEHICLE,6
8,1, CHILD ABANDONMENT/NON SUPPORT,6
236,5, PETIT LARCENY OF MOTOR VEHICLE,6
865,18, THEFT OF SERVICES,6
826,18, ALCOHOLIC BEVERAGE CONTROL LAW,6
454,10, FRAUDULENT ACCOSTING,6
950,20, OFFENSES AGAINST PUBLIC SAFETY,5
148,4, ALCOHOLIC BEVERAGE CONTROL LAW,5
248,6, ALCOHOLIC BEVERAGE CONTROL LAW,5
925,20, CHILD ABANDONMENT/NON SUPPORT,5
100,3, ALCOHOLIC BEVERAGE CONTROL LAW,5
930,20, DISORDERLY CONDUCT,5
408,9, GAMBLING,5
773,16, PROSTITUTION & RELATED OFFENSES,5
620,13, PETIT LARCENY OF MOTOR VEHICLE,5
1448,31," ""BURGLARS TOOLS""",5
1150,24, THEFT OF SERVICES,5
197,5, ALCOHOLIC BEVERAGE CONTROL LAW,5
385,8, THEFT OF SERVICES,5
480,10, THEFT OF SERVICES,5
391,9, ALCOHOLIC BEVERAGE CONTROL LAW,5
812,17, OTHER STATE LAWS,5
529,11, THEFT OF SERVICES,5
1073,23, DISORDERLY CONDUCT,5
35,1, OFFENSES AGAINST PUBLIC SAFETY,5
607,13, KIDNAPPING & RELATED OFFENSES,5
214,5, FRAUDULENT ACCOSTING,5
716,15, OFFENSES RELATED TO CHILDREN,5
713,15, OFFENSES AGAINST PUBLIC SAFETY,5
1228,26, JOSTLING,5
1440,30, THEFT OF SERVICES,5
190,4, THEFT OF SERVICES,5
1124,24, FRAUDULENT ACCOSTING,4
265,6, GAMBLING,4
247,6, AGRICULTURE & MRKTS LAW-UNCLASSIFIED,4
281,6, OTHER STATE LAWS,4
1125,24, GAMBLING,4
276,6, OFFENSES AGAINST PUBLIC SAFETY,4
264,6, FRAUDULENT ACCOSTING,4
673,14, PROSTITUTION & RELATED OFFENSES,4
311,7, GAMBLING,4
1143,24, OTHER STATE LAWS,4
642,14, DISORDERLY CONDUCT,4
1351,29, ALCOHOLIC BEVERAGE CONTROL LAW,4
1459,31, FRAUDULENT ACCOSTING,4
795,17, FRAUDULENT ACCOSTING,4
1068,23, CHILD ABANDONMENT/NON SUPPORT,4
937,20, GAMBLING,4
1295,27, PETIT LARCENY OF MOTOR VEHICLE,4
430,9, PROSTITUTION & RELATED OFFENSES,4
432,9, THEFT OF SERVICES,4
438,10, ALCOHOLIC BEVERAGE CONTROL LAW,4
920,20, ALCOHOLIC BEVERAGE CONTROL LAW,4
914,19, THEFT OF SERVICES,4
911,19, PETIT LARCENY OF MOTOR VEHICLE,4
137,3, PETIT LARCENY OF MOTOR VEHICLE,4
796,17, GAMBLING,4
962,20, THEFT OF SERVICES,4
886,19, FRAUDULENT ACCOSTING,4
468,10, OFFENSES AGAINST PUBLIC SAFETY,4
1366,29, GAMBLING,4
871,19, ALCOHOLIC BEVERAGE CONTROL LAW,4
817,17, PROSTITUTION & RELATED OFFENSES,4
99,3, AGRICULTURE & MRKTS LAW-UNCLASSIFIED,4
491,11, CHILD ABANDONMENT/NON SUPPORT,4
110,3, ENDAN WELFARE INCOMP,4
502,11, GAMBLING,4
1343,28, PROSTITUTION & RELATED OFFENSES,4
958,20, PETIT LARCENY OF MOTOR VEHICLE,4
70,2, GAMBLING,4
381,8, PETIT LARCENY OF MOTOR VEHICLE,4
574,12, PETIT LARCENY OF MOTOR VEHICLE,4
1007,21, PROSTITUTION & RELATED OFFENSES,4
1405,30, CHILD ABANDONMENT/NON SUPPORT,4
373,8, OFFENSES AGAINST PUBLIC SAFETY,4
584,13, ALCOHOLIC BEVERAGE CONTROL LAW,4
718,15, OTHER STATE LAWS,4
1253,27, ALCOHOLIC BEVERAGE CONTROL LAW,4
694,15, DISORDERLY CONDUCT,4
968,21, ALCOHOLIC BEVERAGE CONTROL LAW,4
335,7, PROSTITUTION & RELATED OFFENSES,4
165,4, FRAUDULENT ACCOSTING,4
1193,25, OTHER STATE LAWS NON PENAL LA,4
599,13, FRAUDULENT ACCOSTING,4
215,5, GAMBLING,3
111,3, ESCAPE 3,3
1338,28, OTHER STATE LAWS,3
209,5, ENDAN WELFARE INCOMP,3
1216,26, DISORDERLY CONDUCT,3
1333,28, OFFENSES AGAINST PUBLIC SAFETY,3
1222,26, FRAUDULENT ACCOSTING,3
116,3, GAMBLING,3
1223,26, GAMBLING,3
161,4, ENDAN WELFARE INCOMP,3
1319,28, FRAUDULENT ACCOSTING,3
238,5, PROSTITUTION & RELATED OFFENSES,3
1168,25, ENDAN WELFARE INCOMP,3
141,3, THEFT OF SERVICES,3
1386,29, OTHER STATE LAWS,3
1424,30, LOITERING/GAMBLING CARDS DIC,3
45,1, PROSTITUTION & RELATED OFFENSES,3
1416,30, GAMBLING,3
1391,29, PROSTITUTION & RELATED OFFENSES,3
166,4, GAMBLING,3
1399,30, ALCOHOLIC BEVERAGE CONTROL LAW,3
1271,27, GAMBLING,3
1310,28, CHILD ABANDONMENT/NON SUPPORT,3
743,16, ENDAN WELFARE INCOMP,3
737,16, CHILD ABANDONMENT/NON SUPPORT,3
983,21, FRAUDULENT ACCOSTING,3
378,8, OTHER STATE LAWS,3
732,16, ALCOHOLIC BEVERAGE CONTROL LAW,3
997,21, OFFENSES AGAINST PUBLIC SAFETY,3
1002,21, OTHER STATE LAWS,3
1005,21, PETIT LARCENY OF MOTOR VEHICLE,3
725,15, THEFT OF SERVICES,3
1015,22, ANTICIPATORY OFFENSES,3
366,8, INTOXICATED/IMPAIRED DRIVING,3
360,8, GAMBLING,3
356,8, ENDAN WELFARE INCOMP,3
600,13, GAMBLING,3
354,8, DISORDERLY CONDUCT,3
343,8, AGRICULTURE & MRKTS LAW-UNCLASSIFIED,3
617,13, OTHER STATE LAWS,3
1040,22, NEW YORK CITY HEALTH CODE,3
683,15, ALCOHOLIC BEVERAGE CONTROL LAW,3
1055,22, PROSTITUTION & RELATED OFFENSES,3
984,21, GAMBLING,3
396,9, CHILD ABANDONMENT/NON SUPPORT,3
325,7, OFFENSES AGAINST PUBLIC SAFETY,3
401,9, DISORDERLY CONDUCT,3
807,17, OFFENSES AGAINST PUBLIC SAFETY,3
819,17, THEFT OF SERVICES,3
527,11, PROSTITUTION & RELATED OFFENSES,3
831,18, CHILD ABANDONMENT/NON SUPPORT,3
788,17, DISORDERLY CONDUCT,3
473,10, OTHER STATE LAWS,3
763,16, OFFENSES AGAINST PUBLIC SAFETY,3
455,10, GAMBLING,3
908,19, OTHER STATE LAWS,3
428,9, PETIT LARCENY OF MOTOR VEHICLE,3
423,9, OTHER STATE LAWS,3
943,20, JOSTLING,3
749,16, GAMBLING,3
418,9, OFFENSES AGAINST PUBLIC SAFETY,3
748,16, FRAUDULENT ACCOSTING,3
960,20, PROSTITUTION & RELATED OFFENSES,3
407,9, FRAUDULENT ACCOSTING,3
1057,22, THEFT OF SERVICES,3
522,11, OTHER STATE LAWS,3
1079,23, GAMBLING,3
1101,23, THEFT OF SERVICES,3
1131,24, JOSTLING,3
658,14, LOITERING/DEVIATE SEX,3
668,14, OTHER STATE LAWS,3
1109,24, ALCOHOLIC BEVERAGE CONTROL LAW,3
16,1, ESCAPE 3,2
59,2, CHILD ABANDONMENT/NON SUPPORT,2
567,12, OFFENSES AGAINST PUBLIC SAFETY,2
65,2, ESCAPE 3,2
755,16, INTOXICATED/IMPAIRED DRIVING,2
932,20, ESCAPE 3,2
1297,27, PROSTITUTION & RELATED OFFENSES,2
147,4, AGRICULTURE & MRKTS LAW-UNCLASSIFIED,2
931,20, ENDAN WELFARE INCOMP,2
753,16, HOMICIDE-NEGLIGENT-VEHICLE,2
1299,27, THEFT OF SERVICES,2
447,10, DISORDERLY CONDUCT,2
1398,30, AGRICULTURE & MRKTS LAW-UNCLASSIFIED,2
449,10, ENDAN WELFARE INCOMP,2
654,14, HOMICIDE-NEGLIGENT-VEHICLE,2
1279,27, JOSTLING,2
1283,27, LOITERING/DEVIATE SEX,2
1108,24, AGRICULTURE & MRKTS LAW-UNCLASSIFIED,2
1114,24, CHILD ABANDONMENT/NON SUPPORT,2
54,2, ALCOHOLIC BEVERAGE CONTROL LAW,2
53,2, AGRICULTURE & MRKTS LAW-UNCLASSIFIED,2
1275,27, HOMICIDE-NEGLIGENT-VEHICLE,2
154,4, CHILD ABANDONMENT/NON SUPPORT,2
160,4, DISRUPTION OF A RELIGIOUS SERV,2
1157,25, ALCOHOLIC BEVERAGE CONTROL LAW,2
1415,30, FRAUDULENT ACCOSTING,2
1476,31, OTHER STATE LAWS NON PENAL LA,2
744,16, ESCAPE 3,2
576,12, PROSTITUTION & RELATED OFFENSES,2
1259,27, CHILD ABANDONMENT/NON SUPPORT,2
1305,28, AGRICULTURE & MRKTS LAW-UNCLASSIFIED,2
897,19, LOITERING/GAMBLING CARDS DIC,2
1119,24, DISORDERLY CONDUCT,2
836,18, DISORDERLY CONDUCT,2
846,18, JOSTLING,2
496,11, DISORDERLY CONDUCT,2
536,12, ALCOHOLIC BEVERAGE CONTROL LAW,2
109,3, DISORDERLY CONDUCT,2
1345,28, THEFT OF SERVICES,2
837,18, ENDAN WELFARE INCOMP,2
1350,29, AGRICULTURE & MRKTS LAW-UNCLASSIFIED,2
858,18, OTHER STATE LAWS,2
532,11, UNLAWFUL POSS. WEAP. ON SCHOOL,2
824,18, ADMINISTRATIVE CODES,2
86,2, OTHER STATE LAWS,2
87,2, OTHER STATE LAWS NON PENAL LA,2
2,1, AGRICULTURE & MRKTS LAW-UNCLASSIFIED,2
1361,29, ENDAN WELFARE INCOMP,2
853,18, OFFENSES AGAINST PUBLIC SAFETY,2
863,18, PROSTITUTION & RELATED OFFENSES,2
979,21, ENDAN WELFARE INCOMP,2
547,12, ENDAN WELFARE INCOMP,2
552,12, FRAUDULENT ACCOSTING,2
779,17, ALCOHOLIC BEVERAGE CONTROL LAW,2
1320,28, GAMBLING,2
462,10, JOSTLING,2
548,12, ESCAPE 3,2
882,19, DISRUPTION OF A RELIGIOUS SERV,2
1325,28, INTOXICATED/IMPAIRED DRIVING,2
478,10, PROSTITUTION & RELATED OFFENSES,2
1326,28, JOSTLING,2
881,19, DISORDERLY CONDUCT,2
546,12, DISORDERLY CONDUCT,2
541,12, CHILD ABANDONMENT/NON SUPPORT,2
1120,24, ESCAPE 3,2
1381,29, OFFENSES AGAINST PUBLIC SAFETY,2
978,21, DISORDERLY CONDUCT,2
1156,25, AGRICULTURE & MRKTS LAW-UNCLASSIFIED,2
388,8, UNLAWFUL POSS. WEAP. ON SCHOOL,2
349,8, CHILD ABANDONMENT/NON SUPPORT,2
184,4, OTHER TRAFFIC INFRACTION,2
208,5, DISORDERLY CONDUCT,2
364,8, HOMICIDE-NEGLIGENT-VEHICLE,2
1020,22, CHILD ABANDONMENT/NON SUPPORT,2
594,13, ENDAN WELFARE INCOMP,2
1178,25, INTOXICATED/IMPAIRED DRIVING,2
1172,25, FRAUDULENT ACCOSTING,2
1173,25, GAMBLING,2
689,15, CHILD ABANDONMENT/NON SUPPORT,2
604,13, HOMICIDE-NEGLIGENT-VEHICLE,2
233,5, OTHER STATE LAWS,2
1029,22, FRAUDULENT ACCOSTING,2
1179,25, JOSTLING,2
1438,30, PROSTITUTION & RELATED OFFENSES,2
1042,22, NYS LAWS-UNCLASSIFIED VIOLATION,2
315,7, HOMICIDE-NEGLIGENT-VEHICLE,2
15,1, ENDAN WELFARE INCOMP,2
1205,26, ALCOHOLIC BEVERAGE CONTROL LAW,2
1037,22, JOSTLING,2
609,13, NEW YORK CITY HEALTH CODE,2
1211,26, CHILD ABANDONMENT/NON SUPPORT,2
706,15, JOSTLING,2
344,8, ALCOHOLIC BEVERAGE CONTROL LAW,2
1034,22, HOMICIDE-NEGLIGENT-VEHICLE,2
1234,26, OFFENSES AGAINST PUBLIC SAFETY,2
704,15, HOMICIDE-NEGLIGENT-VEHICLE,2
1181,25, LOITERING/DEVIATE SEX,2
1074,23, ENDAN WELFARE INCOMP,2
589,13, CHILD ABANDONMENT/NON SUPPORT,2
24,1, HOMICIDE-NEGLIGENT-VEHICLE,2
40,1, OTHER STATE LAWS,2
1454,31, ENDAN WELFARE INCOMP,2
1239,26, OTHER STATE LAWS,2
1162,25, CHILD ABANDONMENT/NON SUPPORT,2
1187,25, OFFENSES AGAINST PUBLIC SAFETY,2
730,16, ADMINISTRATIVE CODES,2
383,8, PROSTITUTION & RELATED OFFENSES,2
182,4, OTHER STATE LAWS,2
1471,31, OFFENSES AGAINST PUBLIC SAFETY,2
644,14, ENDAN WELFARE INCOMP,1
27,1, JOSTLING,1
695,15, ENDAN WELFARE INCOMP,1
699,15, FRAUDULENT ACCOSTING,1
682,15, AGRICULTURE & MRKTS LAW-UNCLASSIFIED,1
1443,30, UNLAWFUL POSS. WEAP. ON SCHOOL,1
1460,31, GAMBLING,1
801,17, JOSTLING,1
645,14, ESCAPE 3,1
681,15, ADMINISTRATIVE CODES,1
1372,29, JOSTLING,1
1370,29, HOMICIDE-NEGLIGENT-VEHICLE,1
789,17, DISRUPTION OF A RELIGIOUS SERV,1
1482,31, THEFT OF SERVICES,1
30,1, LOITERING/DEVIATE SEX,1
790,17, ENDAN WELFARE INCOMP,1
1378,29, NYS LAWS-UNCLASSIFIED VIOLATION,1
684,15, ANTICIPATORY OFFENSES,1
1373,29, KIDNAPPING,1
25,1, HOMICIDE-NEGLIGENTUNCLASSIFIE,1
535,12, AGRICULTURE & MRKTS LAW-UNCLASSIFIED,1
1375,29, LOITERING/GAMBLING CARDS DIC,1
1455,31, ESCAPE 3,1
28,1, KIDNAPPING,1
791,17, ESCAPE 3,1
709,15, NEW YORK CITY HEALTH CODE,1
14,1, DISRUPTION OF A RELIGIOUS SERV,1
731,16, AGRICULTURE & MRKTS LAW-UNCLASSIFIED,1
630,14, AGRICULTURE & MRKTS LAW-UNCLASSIFIED,1
656,14, INTOXICATED/IMPAIRED DRIVING,1
1410,30, DISRUPTION OF A RELIGIOUS SERV,1
1411,30, ENDAN WELFARE INCOMP,1
631,14, ALCOHOLIC BEVERAGE CONTROL LAW,1
632,14, ANTICIPATORY OFFENSES,1
678,14, UNLAWFUL POSS. WEAP. ON SCHOOL,1
1429,30, OFFENSES AGAINST PUBLIC SAFETY,1
663,14, OFFENSES AGAINST PUBLIC SAFETY,1
553,12, GAMBLING,1
1,1, ADMINISTRATIVE CODES,1
50,1, UNLAWFUL POSS. WEAP. ON SCHOOL,1
47,1, THEFT OF SERVICES,1
742,16, DISORDERLY CONDUCT,1
1421,30, JOSTLING,1
1423,30, LOITERING FOR DRUG PURPOSES,1
1365,29, FRAUDULENT ACCOSTING,1
637,14, CHILD ABANDONMENT/NON SUPPORT,1
13,1, DISORDERLY CONDUCT,1
629,14, ADMINISTRATIVE CODES,1
64,2, DISRUPTION OF A RELIGIOUS SERV,1
643,14, DISRUPTION OF A RELIGIOUS SERV,1
558,12, JOSTLING,1
560,12, LOITERING/DEVIATE SEX,1
768,16, OTHER STATE LAWS,1
75,2, JOSTLING,1
1480,31, PROSTITUTION & RELATED OFFENSES,1
606,13, INTOXICATED/IMPAIRED DRIVING,1
581,12, UNDER THE INFLUENCE OF DRUGS,1
561,12, LOITERING/GAMBLING CARDS DIC,1
563,12, NEW YORK CITY HEALTH CODE,1
1397,30, ADMINISTRATIVE CODES,1
760,16, NYS LAWS-UNCLASSIFIED VIOLATION,1
1400,30, ANTICIPATORY OFFENSES,1
756,16, JOSTLING,1
595,13, ESCAPE 3,1
69,2, FRAUDULENT ACCOSTING,1
723,15, PROSTITUTION & RELATED OFFENSES,1
1465,31, JOSTLING,1
1138,24, OFFENSES AGAINST PUBLIC SAFETY,1
896,19, LOITERING/DEVIATE SEX,1
92,2, THEFT OF SERVICES,1
95,2, UNLAWFUL POSS. WEAP. ON SCHOOL,1
330,7, OTHER STATE LAWS,1
224,5, NEW YORK CITY HEALTH CODE,1
1050,22, OTHER STATE LAWS,1
221,5, JOSTLING,1
1199,25, THEFT OF SERVICES,1
219,5, HOMICIDE-NEGLIGENTUNCLASSIFIE,1
1045,22, OFFENSES AGAINST PUBLIC SAFETY,1
1204,26, AGRICULTURE & MRKTS LAW-UNCLASSIFIED,1
1206,26, ANTICIPATORY OFFENSES,1
340,7, UNLAWFUL POSS. WEAP. ON SCHOOL,1
1036,22, INTOXICATED/IMPAIRED DRIVING,1
212,5, FORTUNE TELLING,1
203,5, CHILD ABANDONMENT/NON SUPPORT,1
1217,26, ENDAN WELFARE INCOMP,1
1218,26, ESCAPE 3,1
1030,22, GAMBLING,1
198,5, ANTICIPATORY OFFENSES,1
196,5, AGRICULTURE & MRKTS LAW-UNCLASSIFIED,1
195,5, ADMINISTRATIVE CODES,1
1025,22, DISORDERLY CONDUCT,1
355,8, DISRUPTION OF A RELIGIOUS SERV,1
188,4, PROSTITUTION & RELATED OFFENSES,1
1014,22, ALCOHOLIC BEVERAGE CONTROL LAW,1
367,8, JOSTLING,1
1241,26, OTHER TRAFFIC INFRACTION,1
993,21, NEW YORK CITY HEALTH CODE,1
991,21, LOITERING/GAMBLING CARDS DIC,1
1192,25, OTHER STATE LAWS,1
1062,23, AGRICULTURE & MRKTS LAW-UNCLASSIFIED,1
1063,23, ALCOHOLIC BEVERAGE CONTROL LAW,1
243,5, UNLAWFUL POSS. WEAP. ON SCHOOL,1
1134,24, NEW YORK CITY HEALTH CODE,1
1130,24, INTOXICATED/IMPAIRED DRIVING,1
259,6, DISORDERLY CONDUCT,1
270,6, JOSTLING,1
1148,24, PROSTITUTION & RELATED OFFENSES,1
249,6, ANTICIPATORY OFFENSES,1
1153,24, UNLAWFUL POSS. WEAP. ON SCHOOL,1
1106,24, ABORTION,1
290,6, UNLAWFUL POSS. WEAP. ON SCHOOL,1
1104,23, UNLAWFUL POSS. WEAP. ON SCHOOL,1
292,7, ABORTION,1
245,6, ABORTION,1
294,7, AGRICULTURE & MRKTS LAW-UNCLASSIFIED,1
322,7, NYS LAWS-UNCLASSIFIED VIOLATION,1
1099,23, PROSTITUTION & RELATED OFFENSES,1
1167,25, DISORDERLY CONDUCT,1
1090,23, OFFENSES AGAINST PUBLIC SAFETY,1
300,7, CHILD ABANDONMENT/NON SUPPORT,1
305,7, DISORDERLY CONDUCT,1
1085,23, LOITERING/GAMBLING CARDS DIC,1
306,7, ESCAPE 3,1
309,7, FORTUNE TELLING,1
1078,23, FRAUDULENT ACCOSTING,1
1183,25, NEW YORK CITY HEALTH CODE,1
317,7, JOSTLING,1
319,7, LOITERING/GAMBLING CARDS DIC,1
1247,26, THEFT OF SERVICES,1
989,21, JOSTLING,1
1252,27, AGRICULTURE & MRKTS LAW-UNCLASSIFIED,1
870,19, AGRICULTURE & MRKTS LAW-UNCLASSIFIED,1
260,6, ESCAPE 3,1
894,19, JOSTLING,1
1315,28, DISORDERLY CONDUCT,1
893,19, INTOXICATED/IMPAIRED DRIVING,1
459,10, HOMICIDE-NEGLIGENTUNCLASSIFIE,1
891,19, HOMICIDE-NEGLIGENT-VEHICLE,1
461,10, INTOXICATED/IMPAIRED DRIVING,1
124,3, LOITERING/DEVIATE SEX,1
122,3, JOSTLING,1
121,3, INTOXICATED/IMPAIRED DRIVING,1
1329,28, NEW YORK CITY HEALTH CODE,1
876,19, CHILD ABANDONMENT/NON SUPPORT,1
483,10, UNLAWFUL POSS. WEAP. ON SCHOOL,1
899,19, NEW YORK CITY HEALTH CODE,1
486,11, ALCOHOLIC BEVERAGE CONTROL LAW,1
848,18, LOITERING/GAMBLING CARDS DIC,1
497,11, ENDAN WELFARE INCOMP,1
506,11, HOMICIDE-NEGLIGENT-VEHICLE,1
507,11, HOMICIDE-NEGLIGENTUNCLASSIFIE,1
509,11, INTOXICATED/IMPAIRED DRIVING,1
510,11, KIDNAPPING,1
512,11, LOITERING/DEVIATE SEX,1
825,18, AGRICULTURE & MRKTS LAW-UNCLASSIFIED,1
1356,29, CHILD ABANDONMENT/NON SUPPORT,1
98,3, ADMINISTRATIVE CODES,1
517,11, OFFENSES AGAINST PUBLIC SAFETY,1
134,3, OTHER STATE LAWS,1
901,19, NYS LAWS-UNCLASSIFIED VIOLATION,1
1254,27, ANTICIPATORY OFFENSES,1
1278,27, INTOXICATED/IMPAIRED DRIVING,1
973,21, CHILD ABANDONMENT/NON SUPPORT,1
170,4, HOMICIDE-NEGLIGENT-VEHICLE,1
402,9, ENDAN WELFARE INCOMP,1
1264,27, DISORDERLY CONDUCT,1
1265,27, DISRUPTION OF A RELIGIOUS SERV,1
1266,27, ESCAPE 3,1
403,9, ESCAPE 3,1
965,20, UNLAWFUL POSS. WEAP. ON SCHOOL,1
1270,27, FRAUDULENT ACCOSTING,1
159,4, DISORDERLY CONDUCT,1
1276,27, HOMICIDE-NEGLIGENTUNCLASSIFIE,1
955,20, OTHER STATE LAWS,1
1280,27, KIDNAPPING,1
450,10, ESCAPE 3,1
1282,27, LOITERING,1
945,20, LOITERING/GAMBLING CARDS DIC,1
149,4, ANTICIPATORY OFFENSES,1
941,20, HOMICIDE-NEGLIGENT-VEHICLE,1
1288,27, OFFENSES AGAINST PUBLIC SAFETY,1
425,9, OTHER STATE LAWS NON PENAL LAW,1
426,9, OTHER TRAFFIC INFRACTION,1
146,4, ADMINISTRATIVE CODES,1
437,10, AGRICULTURE & MRKTS LAW-UNCLASSIFIED,1
919,20, AGRICULTURE & MRKTS LAW-UNCLASSIFIED,1
1302,27, UNLAWFUL POSS. WEAP. ON SCHOOL,1
448,10, DISRUPTION OF A RELIGIOUS SERV,1
649,14, FRAUDULENT ACCOSTING,1
