Apr, ADMINISTRATIVE CODE,130
Apr, AGRICULTURE & MRKTS LAW-UNCLASSIFIED,5
Apr, ALCOHOLIC BEVERAGE CONTROL LAW,14
Apr, ANTICIPATORY OFFENSES,3
Apr, ARSON,152
Apr, ASSAULT 3 & RELATED OFFENSES,8795
Apr, "BURGLARS TOOLS",72
Apr, BURGLARY,2798
Apr, CHILD ABANDONMENT/NON SUPPORT,4
Apr, CRIMINAL MISCHIEF & RELATED OF,8557
Apr, CRIMINAL TRESPASS,2231
Apr, DANGEROUS DRUGS,7107
Apr, DANGEROUS WEAPONS,2198
Apr, DISORDERLY CONDUCT,16
Apr, DISRUPTION OF A RELIGIOUS SERV,4
Apr, ENDAN WELFARE INCOMP,2
Apr, ESCAPE 3,2
Apr, FELONY ASSAULT,2884
Apr, FORGERY,1439
Apr, FORTUNE TELLING,1
Apr, FRAUDS,955
Apr, FRAUDULENT ACCOSTING,214
Apr, GAMBLING,76
Apr, GRAND LARCENY,13629
Apr, GRAND LARCENY OF MOTOR VEHICLE,932
Apr, HARRASSMENT 2,10894
Apr, HOMICIDE-NEGLIGENT-VEHICLE,1
Apr, INTOXICATED & IMPAIRED DRIVING,1472
Apr, INTOXICATED/IMPAIRED DRIVING,2
Apr, JOSTLING,15
Apr, KIDNAPPING & RELATED OFFENSES,39
Apr, LOITERING/GAMBLING CARDS DIC,11
Apr, MISCELLANEOUS PENAL LAW,1941
Apr, NEW YORK CITY HEALTH CODE,3
Apr, NYS LAWS-UNCLASSIFIED FELONY,81
Apr, OFF. AGNST PUB ORD SENSBLTY &,5443
Apr, OFFENSES AGAINST PUBLIC ADMINI,2295
Apr, OFFENSES AGAINST PUBLIC SAFETY,9
Apr, OFFENSES AGAINST THE PERSON,286
Apr, OFFENSES INVOLVING FRAUD,1020
Apr, OFFENSES RELATED TO CHILDREN,5
Apr, OTHER OFFENSES RELATED TO THEF,265
Apr, OTHER STATE LAWS,7
Apr, OTHER STATE LAWS NON PENAL LA,138
Apr, OTHER STATE LAWS NON PENAL LAW,1
Apr, PETIT LARCENY,22083
Apr, PETIT LARCENY OF MOTOR VEHICLE,17
Apr, POSSESSION OF STOLEN PROPERTY,778
Apr, PROSTITUTION & RELATED OFFENSES,20
Apr, ROBBERY,2843
Apr, THEFT OF SERVICES,184
Apr, THEFT-FRAUD,1515
Apr, UNAUTHORIZED USE OF A VEHICLE,152
Apr, UNLAWFUL POSS. WEAP. ON SCHOOL,2
Apr, VEHICLE AND TRAFFIC LAWS,1073
Aug, ADMINISTRATIVE CODE,156
Aug, AGRICULTURE & MRKTS LAW-UNCLASSIFIED,5
Aug, ALCOHOLIC BEVERAGE CONTROL LAW,9
Aug, ANTICIPATORY OFFENSES,2
Aug, ARSON,146
Aug, ASSAULT 3 & RELATED OFFENSES,9382
Aug, "BURGLARS TOOLS",99
Aug, BURGLARY,3405
Aug, CHILD ABANDONMENT/NON SUPPORT,9
Aug, CRIMINAL MISCHIEF & RELATED OF,8884
Aug, CRIMINAL TRESPASS,1397
Aug, DANGEROUS DRUGS,7191
Aug, DANGEROUS WEAPONS,2260
Aug, DISORDERLY CONDUCT,23
Aug, DISRUPTION OF A RELIGIOUS SERV,1
Aug, ENDAN WELFARE INCOMP,4
Aug, ESCAPE 3,4
Aug, FELONY ASSAULT,3390
Aug, FORGERY,1369
Aug, FORTUNE TELLING,3
Aug, FRAUDS,816
Aug, FRAUDULENT ACCOSTING,200
Aug, GAMBLING,119
Aug, GRAND LARCENY,15756
Aug, GRAND LARCENY OF MOTOR VEHICLE,1180
Aug, HARRASSMENT 2,11411
Aug, HOMICIDE-NEGLIGENT-VEHICLE,1
Aug, INTOXICATED & IMPAIRED DRIVING,1375
Aug, JOSTLING,11
Aug, KIDNAPPING & RELATED OFFENSES,54
Aug, LOITERING/GAMBLING CARDS DIC,12
Aug, MISCELLANEOUS PENAL LAW,2121
Aug, NEW YORK CITY HEALTH CODE,5
Aug, NYS LAWS-UNCLASSIFIED FELONY,86
Aug, NYS LAWS-UNCLASSIFIED VIOLATION,1
Aug, OFF. AGNST PUB ORD SENSBLTY &,5252
Aug, OFFENSES AGAINST MARRIAGE UNCL,1
Aug, OFFENSES AGAINST PUBLIC ADMINI,2301
Aug, OFFENSES AGAINST PUBLIC SAFETY,5
Aug, OFFENSES AGAINST THE PERSON,338
Aug, OFFENSES INVOLVING FRAUD,903
Aug, OFFENSES RELATED TO CHILDREN,20
Aug, OTHER OFFENSES RELATED TO THEF,268
Aug, OTHER STATE LAWS,8
Aug, OTHER STATE LAWS NON PENAL LA,118
Aug, OTHER STATE LAWS NON PENAL LAW,1
Aug, PETIT LARCENY,25942
Aug, PETIT LARCENY OF MOTOR VEHICLE,24
Aug, POSSESSION OF STOLEN PROPERTY,792
Aug, PROSTITUTION & RELATED OFFENSES,17
Aug, ROBBERY,3606
Aug, THEFT OF SERVICES,184
Aug, THEFT-FRAUD,1355
Aug, UNAUTHORIZED USE OF A VEHICLE,178
Aug, VEHICLE AND TRAFFIC LAWS,1118
Dec, ADMINISTRATIVE CODE,125
Dec, AGRICULTURE & MRKTS LAW-UNCLASSIFIED,9
Dec, ALCOHOLIC BEVERAGE CONTROL LAW,10
Dec, ANTICIPATORY OFFENSES,6
Dec, ARSON,156
Dec, ASSAULT 3 & RELATED OFFENSES,8311
Dec, "BURGLARS TOOLS",69
Dec, BURGLARY,3273
Dec, CHILD ABANDONMENT/NON SUPPORT,6
Dec, CRIMINAL MISCHIEF & RELATED OF,7044
Dec, CRIMINAL TRESPASS,1931
Dec, DANGEROUS DRUGS,5672
Dec, DANGEROUS WEAPONS,1728
Dec, DISORDERLY CONDUCT,14
Dec, ENDAN WELFARE INCOMP,1
Dec, ESCAPE 3,4
Dec, FELONY ASSAULT,2761
Dec, FORGERY,1176
Dec, FRAUDS,726
Dec, FRAUDULENT ACCOSTING,203
Dec, GAMBLING,42
Dec, GRAND LARCENY,16842
Dec, GRAND LARCENY OF MOTOR VEHICLE,751
Dec, HARRASSMENT 2,10074
Dec, INTOXICATED & IMPAIRED DRIVING,1114
Dec, JOSTLING,13
Dec, KIDNAPPING & RELATED OFFENSES,25
Dec, LOITERING FOR DRUG PURPOSES,3
Dec, LOITERING/DEVIATE SEX,1
Dec, LOITERING/GAMBLING CARDS DIC,11
Dec, MISCELLANEOUS PENAL LAW,1661
Dec, NEW YORK CITY HEALTH CODE,2
Dec, NYS LAWS-UNCLASSIFIED FELONY,60
Dec, NYS LAWS-UNCLASSIFIED VIOLATION,1
Dec, OFF. AGNST PUB ORD SENSBLTY &,4513
Dec, OFFENSES AGAINST PUBLIC ADMINI,1926
Dec, OFFENSES AGAINST PUBLIC SAFETY,19
Dec, OFFENSES AGAINST THE PERSON,187
Dec, OFFENSES INVOLVING FRAUD,872
Dec, OFFENSES RELATED TO CHILDREN,6
Dec, OTHER OFFENSES RELATED TO THEF,254
Dec, OTHER STATE LAWS,1
Dec, OTHER STATE LAWS NON PENAL LA,102
Dec, PETIT LARCENY,22367
Dec, PETIT LARCENY OF MOTOR VEHICLE,7
Dec, POSSESSION OF STOLEN PROPERTY,716
Dec, PROSTITUTION & RELATED OFFENSES,10
Dec, ROBBERY,3680
Dec, SEX CRIMES,2
Dec, THEFT OF SERVICES,147
Dec, THEFT-FRAUD,1358
Dec, UNAUTHORIZED USE OF A VEHICLE,133
Dec, UNLAWFUL POSS. WEAP. ON SCHOOL,2
Dec, VEHICLE AND TRAFFIC LAWS,1029
Feb, ADMINISTRATIVE CODE,125
Feb, AGRICULTURE & MRKTS LAW-UNCLASSIFIED,3
Feb, ALCOHOLIC BEVERAGE CONTROL LAW,9
Feb, ARSON,189
Feb, ASSAULT 3 & RELATED OFFENSES,7638
Feb, "BURGLARS TOOLS",66
Feb, BURGLARY,2607
Feb, CHILD ABANDONMENT/NON SUPPORT,5
Feb, CRIMINAL MISCHIEF & RELATED OF,6822
Feb, CRIMINAL TRESPASS,2722
Feb, DANGEROUS DRUGS,6846
Feb, DANGEROUS WEAPONS,2059
Feb, DISORDERLY CONDUCT,21
Feb, ENDAN WELFARE INCOMP,1
Feb, ESCAPE 3,4
Feb, FELONY ASSAULT,2282
Feb, FORGERY,1413
Feb, FRAUDS,822
Feb, FRAUDULENT ACCOSTING,171
Feb, GAMBLING,45
Feb, GRAND LARCENY,12236
Feb, GRAND LARCENY OF MOTOR VEHICLE,602
Feb, HARRASSMENT 2,9293
Feb, HOMICIDE-NEGLIGENT-VEHICLE,2
Feb, INTOXICATED & IMPAIRED DRIVING,1322
Feb, JOSTLING,14
Feb, KIDNAPPING & RELATED OFFENSES,31
Feb, LOITERING,1
Feb, LOITERING/GAMBLING CARDS DIC,2
Feb, MISCELLANEOUS PENAL LAW,1680
Feb, NEW YORK CITY HEALTH CODE,6
Feb, NYS LAWS-UNCLASSIFIED FELONY,93
Feb, NYS LAWS-UNCLASSIFIED VIOLATION,1
Feb, OFF. AGNST PUB ORD SENSBLTY &,4788
Feb, OFFENSES AGAINST PUBLIC ADMINI,1879
Feb, OFFENSES AGAINST PUBLIC SAFETY,2
Feb, OFFENSES AGAINST THE PERSON,197
Feb, OFFENSES INVOLVING FRAUD,912
Feb, OFFENSES RELATED TO CHILDREN,1
Feb, OTHER OFFENSES RELATED TO THEF,236
Feb, OTHER STATE LAWS,8
Feb, OTHER STATE LAWS NON PENAL LA,118
Feb, PETIT LARCENY,18997
Feb, PETIT LARCENY OF MOTOR VEHICLE,10
Feb, POSSESSION OF STOLEN PROPERTY,693
Feb, PROSTITUTION & RELATED OFFENSES,10
Feb, ROBBERY,2631
Feb, THEFT OF SERVICES,180
Feb, THEFT-FRAUD,1424
Feb, UNAUTHORIZED USE OF A VEHICLE,142
Feb, UNLAWFUL POSS. WEAP. ON SCHOOL,1
Feb, VEHICLE AND TRAFFIC LAWS,1011
Jan, ADMINISTRATIVE CODE,138
Jan, ADMINISTRATIVE CODES,1
Jan, AGRICULTURE & MRKTS LAW-UNCLASSIFIED,2
Jan, ALCOHOLIC BEVERAGE CONTROL LAW,9
Jan, ANTICIPATORY OFFENSES,3
Jan, ARSON,250
Jan, ASSAULT 3 & RELATED OFFENSES,8273
Jan, "BURGLARS TOOLS",74
Jan, BURGLARY,3105
Jan, CHILD ABANDONMENT/NON SUPPORT,2
Jan, CRIMINAL MISCHIEF & RELATED OF,8207
Jan, CRIMINAL TRESPASS,2863
Jan, DANGEROUS DRUGS,6988
Jan, DANGEROUS WEAPONS,2334
Jan, DISORDERLY CONDUCT,17
Jan, DISRUPTION OF A RELIGIOUS SERV,1
Jan, ENDAN WELFARE INCOMP,3
Jan, ESCAPE 3,3
Jan, FELONY ASSAULT,2813
Jan, FORGERY,1502
Jan, FORTUNE TELLING,1
Jan, FRAUDS,814
Jan, FRAUDULENT ACCOSTING,208
Jan, GAMBLING,24
Jan, GRAND LARCENY,14335
Jan, GRAND LARCENY OF MOTOR VEHICLE,730
Jan, HARRASSMENT 2,10433
Jan, HOMICIDE-NEGLIGENT-VEHICLE,1
Jan, INTOXICATED & IMPAIRED DRIVING,1330
Jan, JOSTLING,17
Jan, KIDNAPPING & RELATED OFFENSES,36
Jan, LOITERING,1
Jan, LOITERING/GAMBLING CARDS DIC,3
Jan, MISCELLANEOUS PENAL LAW,1941
Jan, NEW YORK CITY HEALTH CODE,4
Jan, NYS LAWS-UNCLASSIFIED FELONY,85
Jan, NYS LAWS-UNCLASSIFIED VIOLATION,1
Jan, OFF. AGNST PUB ORD SENSBLTY &,5400
Jan, OFFENSES AGAINST MARRIAGE UNCL,1
Jan, OFFENSES AGAINST PUBLIC ADMINI,2004
Jan, OFFENSES AGAINST PUBLIC SAFETY,7
Jan, OFFENSES AGAINST THE PERSON,240
Jan, OFFENSES INVOLVING FRAUD,837
Jan, OFFENSES RELATED TO CHILDREN,13
Jan, OTHER OFFENSES RELATED TO THEF,254
Jan, OTHER STATE LAWS,5
Jan, OTHER STATE LAWS NON PENAL LA,120
Jan, PETIT LARCENY,21691
Jan, PETIT LARCENY OF MOTOR VEHICLE,18
Jan, POSSESSION OF STOLEN PROPERTY,786
Jan, PROSTITUTION & RELATED OFFENSES,12
Jan, ROBBERY,3470
Jan, THEFT OF SERVICES,218
Jan, THEFT-FRAUD,1550
Jan, UNAUTHORIZED USE OF A VEHICLE,155
Jan, VEHICLE AND TRAFFIC LAWS,1040
Jul, ADMINISTRATIVE CODE,156
Jul, AGRICULTURE & MRKTS LAW-UNCLASSIFIED,5
Jul, ALCOHOLIC BEVERAGE CONTROL LAW,16
Jul, ANTICIPATORY OFFENSES,2
Jul, ARSON,178
Jul, ASSAULT 3 & RELATED OFFENSES,9722
Jul, "BURGLARS TOOLS",91
Jul, BURGLARY,3417
Jul, CHILD ABANDONMENT/NON SUPPORT,5
Jul, CRIMINAL MISCHIEF & RELATED OF,8714
Jul, CRIMINAL TRESPASS,1375
Jul, DANGEROUS DRUGS,6919
Jul, DANGEROUS WEAPONS,2095
Jul, DISORDERLY CONDUCT,21
Jul, ESCAPE 3,4
Jul, FELONY ASSAULT,3372
Jul, FORGERY,1383
Jul, FORTUNE TELLING,1
Jul, FRAUDS,797
Jul, FRAUDULENT ACCOSTING,208
Jul, GAMBLING,92
Jul, GRAND LARCENY,15453
Jul, GRAND LARCENY OF MOTOR VEHICLE,1122
Jul, HARRASSMENT 2,11460
Jul, HOMICIDE-NEGLIGENT-VEHICLE,2
Jul, INTOXICATED & IMPAIRED DRIVING,1300
Jul, JOSTLING,23
Jul, KIDNAPPING & RELATED OFFENSES,29
Jul, KIDNAPPING AND RELATED OFFENSES,1
Jul, LOITERING,1
Jul, LOITERING/GAMBLING CARDS DIC,7
Jul, MISCELLANEOUS PENAL LAW,2097
Jul, NEW YORK CITY HEALTH CODE,8
Jul, NYS LAWS-UNCLASSIFIED FELONY,68
Jul, OFF. AGNST PUB ORD SENSBLTY &,5177
Jul, OFFENSES AGAINST PUBLIC ADMINI,2273
Jul, OFFENSES AGAINST PUBLIC SAFETY,64
Jul, OFFENSES AGAINST THE PERSON,400
Jul, OFFENSES INVOLVING FRAUD,936
Jul, OFFENSES RELATED TO CHILDREN,11
Jul, OTHER OFFENSES RELATED TO THEF,253
Jul, OTHER STATE LAWS,9
Jul, OTHER STATE LAWS NON PENAL LA,145
Jul, PETIT LARCENY,25554
Jul, PETIT LARCENY OF MOTOR VEHICLE,17
Jul, POSSESSION OF STOLEN PROPERTY,747
Jul, PROSTITUTION & RELATED OFFENSES,12
Jul, ROBBERY,3725
Jul, THEFT OF SERVICES,161
Jul, THEFT-FRAUD,1262
Jul, UNAUTHORIZED USE OF A VEHICLE,181
Jul, VEHICLE AND TRAFFIC LAWS,1037
Jun, ADMINISTRATIVE CODE,138
Jun, AGRICULTURE & MRKTS LAW-UNCLASSIFIED,1
Jun, ALCOHOLIC BEVERAGE CONTROL LAW,32
Jun, ANTICIPATORY OFFENSES,1
Jun, ARSON,143
Jun, ASSAULT 3 & RELATED OFFENSES,9858
Jun, "BURGLARS TOOLS",71
Jun, BURGLARY,3065
Jun, CHILD ABANDONMENT/NON SUPPORT,10
Jun, CRIMINAL MISCHIEF & RELATED OF,8835
Jun, CRIMINAL TRESPASS,1509
Jun, DANGEROUS DRUGS,6617
Jun, DANGEROUS WEAPONS,2079
Jun, DISORDERLY CONDUCT,14
Jun, DISRUPTION OF A RELIGIOUS SERV,2
Jun, ENDAN WELFARE INCOMP,2
Jun, ESCAPE 3,5
Jun, FELONY ASSAULT,3401
Jun, FORGERY,1307
Jun, FRAUDS,788
Jun, FRAUDULENT ACCOSTING,156
Jun, GAMBLING,94
Jun, GRAND LARCENY,14982
Jun, GRAND LARCENY OF MOTOR VEHICLE,982
Jun, HARRASSMENT 2,11910
Jun, HOMICIDE-NEGLIGENT-VEHICLE,1
Jun, INTOXICATED & IMPAIRED DRIVING,1372
Jun, JOSTLING,17
Jun, KIDNAPPING & RELATED OFFENSES,39
Jun, LOITERING/GAMBLING CARDS DIC,7
Jun, MISCELLANEOUS PENAL LAW,1929
Jun, NEW YORK CITY HEALTH CODE,2
Jun, NYS LAWS-UNCLASSIFIED FELONY,79
Jun, OFF. AGNST PUB ORD SENSBLTY &,5216
Jun, OFFENSES AGAINST PUBLIC ADMINI,2319
Jun, OFFENSES AGAINST PUBLIC SAFETY,68
Jun, OFFENSES AGAINST THE PERSON,299
Jun, OFFENSES INVOLVING FRAUD,900
Jun, OFFENSES RELATED TO CHILDREN,8
Jun, OTHER OFFENSES RELATED TO THEF,276
Jun, OTHER STATE LAWS,11
Jun, OTHER STATE LAWS NON PENAL LA,149
Jun, PETIT LARCENY,24459
Jun, PETIT LARCENY OF MOTOR VEHICLE,25
Jun, POSSESSION OF STOLEN PROPERTY,739
Jun, PROSTITUTION & RELATED OFFENSES,12
Jun, ROBBERY,3268
Jun, THEFT OF SERVICES,166
Jun, THEFT-FRAUD,1320
Jun, UNAUTHORIZED USE OF A VEHICLE,156
Jun, VEHICLE AND TRAFFIC LAWS,1123
Mar, ADMINISTRATIVE CODE,124
Mar, AGRICULTURE & MRKTS LAW-UNCLASSIFIED,5
Mar, ALCOHOLIC BEVERAGE CONTROL LAW,16
Mar, ARSON,216
Mar, ASSAULT 3 & RELATED OFFENSES,9226
Mar, "BURGLARS TOOLS",76
Mar, BURGLARY,2707
Mar, CHILD ABANDONMENT/NON SUPPORT,6
Mar, CRIMINAL MISCHIEF & RELATED OF,8329
Mar, CRIMINAL TRESPASS,2719
Mar, DANGEROUS DRUGS,7623
Mar, DANGEROUS WEAPONS,2236
Mar, DISORDERLY CONDUCT,19
Mar, DISRUPTION OF A RELIGIOUS SERV,2
Mar, ENDAN WELFARE INCOMP,3
Mar, ESCAPE 3,3
Mar, FELONY ASSAULT,2850
Mar, FORGERY,1518
Mar, FRAUDS,921
Mar, FRAUDULENT ACCOSTING,232
Mar, GAMBLING,51
Mar, GRAND LARCENY,13893
Mar, GRAND LARCENY OF MOTOR VEHICLE,712
Mar, HARRASSMENT 2,11138
Mar, HOMICIDE-NEGLIGENTUNCLASSIFIE,1
Mar, INTOXICATED & IMPAIRED DRIVING,1505
Mar, JOSTLING,15
Mar, KIDNAPPING & RELATED OFFENSES,39
Mar, LOITERING FOR DRUG PURPOSES,1
Mar, LOITERING/GAMBLING CARDS DIC,1
Mar, MISCELLANEOUS PENAL LAW,2006
Mar, NEW YORK CITY HEALTH CODE,2
Mar, NYS LAWS-UNCLASSIFIED FELONY,110
Mar, OFF. AGNST PUB ORD SENSBLTY &,5592
Mar, OFFENSES AGAINST PUBLIC ADMINI,2387
Mar, OFFENSES AGAINST PUBLIC SAFETY,6
Mar, OFFENSES AGAINST THE PERSON,258
Mar, OFFENSES INVOLVING FRAUD,1062
Mar, OFFENSES RELATED TO CHILDREN,10
Mar, OTHER OFFENSES RELATED TO THEF,279
Mar, OTHER STATE LAWS,10
Mar, OTHER STATE LAWS NON PENAL LA,137
Mar, PETIT LARCENY,21925
Mar, PETIT LARCENY OF MOTOR VEHICLE,23
Mar, POSSESSION OF STOLEN PROPERTY,728
Mar, PROSTITUTION & RELATED OFFENSES,20
Mar, ROBBERY,2942
Mar, SEX CRIMES,3
Mar, THEFT OF SERVICES,221
Mar, THEFT-FRAUD,1544
Mar, UNAUTHORIZED USE OF A VEHICLE,153
Mar, UNDER THE INFLUENCE OF DRUGS,1
Mar, UNLAWFUL POSS. WEAP. ON SCHOOL,2
Mar, VEHICLE AND TRAFFIC LAWS,1171
May, ADMINISTRATIVE CODE,148
May, ADMINISTRATIVE CODES,1
May, AGRICULTURE & MRKTS LAW-UNCLASSIFIED,5
May, ALCOHOLIC BEVERAGE CONTROL LAW,9
May, ANTICIPATORY OFFENSES,2
May, ARSON,189
May, ASSAULT 3 & RELATED OFFENSES,9979
May, "BURGLARS TOOLS",78
May, BURGLARY,3067
May, CHILD ABANDONMENT/NON SUPPORT,4
May, CRIMINAL MISCHIEF & RELATED OF,8737
May, CRIMINAL TRESPASS,1939
May, DANGEROUS DRUGS,7053
May, DANGEROUS WEAPONS,2149
May, DISORDERLY CONDUCT,19
May, ENDAN WELFARE INCOMP,4
May, ESCAPE 3,3
May, FELONY ASSAULT,3279
May, FORGERY,1456
May, FORTUNE TELLING,2
May, FRAUDS,799
May, FRAUDULENT ACCOSTING,179
May, GAMBLING,89
May, GRAND LARCENY,14895
May, GRAND LARCENY OF MOTOR VEHICLE,984
May, HARRASSMENT 2,11974
May, HOMICIDE-NEGLIGENT-VEHICLE,4
May, HOMICIDE-NEGLIGENTUNCLASSIFIE,1
May, INTOXICATED & IMPAIRED DRIVING,1511
May, JOSTLING,28
May, KIDNAPPING & RELATED OFFENSES,36
May, LOITERING/GAMBLING CARDS DIC,9
May, MISCELLANEOUS PENAL LAW,2001
May, NEW YORK CITY HEALTH CODE,3
May, NYS LAWS-UNCLASSIFIED FELONY,81
May, OFF. AGNST PUB ORD SENSBLTY &,5515
May, OFFENSES AGAINST PUBLIC ADMINI,2276
May, OFFENSES AGAINST PUBLIC SAFETY,14
May, OFFENSES AGAINST THE PERSON,305
May, OFFENSES INVOLVING FRAUD,1011
May, OFFENSES RELATED TO CHILDREN,10
May, OTHER OFFENSES RELATED TO THEF,264
May, OTHER STATE LAWS,8
May, OTHER STATE LAWS NON PENAL LA,125
May, PETIT LARCENY,24186
May, PETIT LARCENY OF MOTOR VEHICLE,18
May, POSSESSION OF STOLEN PROPERTY,819
May, PROSTITUTION & RELATED OFFENSES,13
May, ROBBERY,3245
May, SEX CRIMES,1
May, THEFT OF SERVICES,208
May, THEFT-FRAUD,1378
May, UNAUTHORIZED USE OF A VEHICLE,158
May, UNLAWFUL POSS. WEAP. ON SCHOOL,3
May, VEHICLE AND TRAFFIC LAWS,1190
Nov, ADMINISTRATIVE CODE,123
Nov, AGRICULTURE & MRKTS LAW-UNCLASSIFIED,5
Nov, ALCOHOLIC BEVERAGE CONTROL LAW,16
Nov, ANTICIPATORY OFFENSES,6
Nov, ARSON,199
Nov, ASSAULT 3 & RELATED OFFENSES,8489
Nov, "BURGLARS TOOLS",101
Nov, BURGLARY,3023
Nov, CHILD ABANDONMENT/NON SUPPORT,5
Nov, CRIMINAL MISCHIEF & RELATED OF,7204
Nov, CRIMINAL TRESPASS,1929
Nov, DANGEROUS DRUGS,6416
Nov, DANGEROUS WEAPONS,2032
Nov, DISORDERLY CONDUCT,25
Nov, ENDAN WELFARE INCOMP,1
Nov, ESCAPE 3,2
Nov, FELONY ASSAULT,2812
Nov, FORGERY,1288
Nov, FRAUDS,726
Nov, FRAUDULENT ACCOSTING,197
Nov, GAMBLING,55
Nov, GRAND LARCENY,15547
Nov, GRAND LARCENY OF MOTOR VEHICLE,842
Nov, HARRASSMENT 2,10615
Nov, HOMICIDE-NEGLIGENTUNCLASSIFIE,1
Nov, INTOXICATED & IMPAIRED DRIVING,1300
Nov, INTOXICATED/IMPAIRED DRIVING,1
Nov, JOSTLING,18
Nov, KIDNAPPING & RELATED OFFENSES,27
Nov, LOITERING,1
Nov, LOITERING/GAMBLING CARDS DIC,3
Nov, MISCELLANEOUS PENAL LAW,1684
Nov, NEW YORK CITY HEALTH CODE,2
Nov, NYS LAWS-UNCLASSIFIED FELONY,91
Nov, OFF. AGNST PUB ORD SENSBLTY &,4796
Nov, OFFENSES AGAINST PUBLIC ADMINI,1935
Nov, OFFENSES AGAINST PUBLIC SAFETY,9
Nov, OFFENSES AGAINST THE PERSON,179
Nov, OFFENSES INVOLVING FRAUD,947
Nov, OFFENSES RELATED TO CHILDREN,5
Nov, OTHER OFFENSES RELATED TO THEF,270
Nov, OTHER STATE LAWS,3
Nov, OTHER STATE LAWS NON PENAL LA,124
Nov, PETIT LARCENY,22319
Nov, PETIT LARCENY OF MOTOR VEHICLE,13
Nov, POSSESSION OF STOLEN PROPERTY,743
Nov, PROSTITUTION & RELATED OFFENSES,9
Nov, ROBBERY,3522
Nov, THEFT OF SERVICES,179
Nov, THEFT-FRAUD,1342
Nov, UNAUTHORIZED USE OF A VEHICLE,127
Nov, VEHICLE AND TRAFFIC LAWS,1025
Oct, ADMINISTRATIVE CODE,139
Oct, ADMINISTRATIVE CODES,1
Oct, AGRICULTURE & MRKTS LAW-UNCLASSIFIED,3
Oct, ALCOHOLIC BEVERAGE CONTROL LAW,13
Oct, ANTICIPATORY OFFENSES,2
Oct, ARSON,170
Oct, ASSAULT 3 & RELATED OFFENSES,8846
Oct, "BURGLARS TOOLS",92
Oct, BURGLARY,3396
Oct, CHILD ABANDONMENT/NON SUPPORT,3
Oct, CRIMINAL MISCHIEF & RELATED OF,8698
Oct, CRIMINAL TRESPASS,1831
Oct, DANGEROUS DRUGS,7435
Oct, DANGEROUS WEAPONS,2306
Oct, DISORDERLY CONDUCT,25
Oct, DISRUPTION OF A RELIGIOUS SERV,1
Oct, ENDAN WELFARE INCOMP,4
Oct, ESCAPE 3,4
Oct, FELONY ASSAULT,3096
Oct, FORGERY,1455
Oct, FRAUDS,801
Oct, FRAUDULENT ACCOSTING,199
Oct, GAMBLING,71
Oct, GRAND LARCENY,16329
Oct, GRAND LARCENY OF MOTOR VEHICLE,1018
Oct, HARRASSMENT 2,11505
Oct, INTOXICATED & IMPAIRED DRIVING,1490
Oct, JOSTLING,27
Oct, KIDNAPPING & RELATED OFFENSES,34
Oct, KIDNAPPING AND RELATED OFFENSES,1
Oct, LOITERING,2
Oct, LOITERING FOR DRUG PURPOSES,1
Oct, LOITERING/GAMBLING CARDS DIC,3
Oct, MISCELLANEOUS PENAL LAW,1913
Oct, NYS LAWS-UNCLASSIFIED FELONY,83
Oct, OFF. AGNST PUB ORD SENSBLTY &,5011
Oct, OFFENSES AGAINST PUBLIC ADMINI,2313
Oct, OFFENSES AGAINST PUBLIC SAFETY,6
Oct, OFFENSES AGAINST THE PERSON,239
Oct, OFFENSES INVOLVING FRAUD,1009
Oct, OFFENSES RELATED TO CHILDREN,5
Oct, OTHER OFFENSES RELATED TO THEF,290
Oct, OTHER STATE LAWS,6
Oct, OTHER STATE LAWS NON PENAL LA,136
Oct, PETIT LARCENY,24221
Oct, PETIT LARCENY OF MOTOR VEHICLE,14
Oct, POSSESSION OF STOLEN PROPERTY,779
Oct, PROSTITUTION & RELATED OFFENSES,13
Oct, ROBBERY,3748
Oct, THEFT OF SERVICES,174
Oct, THEFT-FRAUD,1504
Oct, UNAUTHORIZED USE OF A VEHICLE,163
Oct, UNLAWFUL POSS. WEAP. ON SCHOOL,3
Oct, VEHICLE AND TRAFFIC LAWS,1185
Sep, ADMINISTRATIVE CODE,152
Sep, AGRICULTURE & MRKTS LAW-UNCLASSIFIED,5
Sep, ALCOHOLIC BEVERAGE CONTROL LAW,15
Sep, ANTICIPATORY OFFENSES,4
Sep, ARSON,189
Sep, ASSAULT 3 & RELATED OFFENSES,9104
Sep, "BURGLARS TOOLS",86
Sep, BURGLARY,3260
Sep, CHILD ABANDONMENT/NON SUPPORT,9
Sep, CRIMINAL MISCHIEF & RELATED OF,8076
Sep, CRIMINAL TRESPASS,1449
Sep, DANGEROUS DRUGS,6958
Sep, DANGEROUS WEAPONS,2137
Sep, DISORDERLY CONDUCT,21
Sep, DISRUPTION OF A RELIGIOUS SERV,2
Sep, ENDAN WELFARE INCOMP,5
Sep, ESCAPE 3,4
Sep, FELONY ASSAULT,3060
Sep, FORGERY,1286
Sep, FRAUDS,756
Sep, FRAUDULENT ACCOSTING,186
Sep, GAMBLING,92
Sep, GRAND LARCENY,15227
Sep, GRAND LARCENY OF MOTOR VEHICLE,1068
Sep, HARRASSMENT 2,11657
Sep, HOMICIDE-NEGLIGENT-VEHICLE,1
Sep, HOMICIDE-NEGLIGENTUNCLASSIFIE,2
Sep, INTOXICATED & IMPAIRED DRIVING,1225
Sep, JOSTLING,24
Sep, KIDNAPPING & RELATED OFFENSES,31
Sep, LOITERING/GAMBLING CARDS DIC,9
Sep, MISCELLANEOUS PENAL LAW,2077
Sep, NEW YORK CITY HEALTH CODE,5
Sep, NYS LAWS-UNCLASSIFIED FELONY,107
Sep, OFF. AGNST PUB ORD SENSBLTY &,5290
Sep, OFFENSES AGAINST PUBLIC ADMINI,2093
Sep, OFFENSES AGAINST PUBLIC SAFETY,6
Sep, OFFENSES AGAINST THE PERSON,237
Sep, OFFENSES INVOLVING FRAUD,821
Sep, OFFENSES RELATED TO CHILDREN,11
Sep, OTHER OFFENSES RELATED TO THEF,265
Sep, OTHER STATE LAWS,11
Sep, OTHER STATE LAWS NON PENAL LA,136
Sep, PETIT LARCENY,24703
Sep, PETIT LARCENY OF MOTOR VEHICLE,16
Sep, POSSESSION OF STOLEN PROPERTY,766
Sep, PROSTITUTION & RELATED OFFENSES,11
Sep, ROBBERY,3579
Sep, THEFT OF SERVICES,203
Sep, THEFT-FRAUD,1364
Sep, UNAUTHORIZED USE OF A VEHICLE,152
Sep, UNLAWFUL POSS. WEAP. ON SCHOOL,1
Sep, VEHICLE AND TRAFFIC LAWS,1086
