Apr, ADMINISTRATIVE CODE,947
Apr, AGRICULTURE & MRKTS LAW-UNCLASSIFIED,15
Apr, ALCOHOLIC BEVERAGE CONTROL LAW,71
Apr, ANTICIPATORY OFFENSES,7
Apr, ARSON,1139
Apr, ASSAULT 3 & RELATED OFFENSES,46708
Apr, "BURGLARS TOOLS",206
Apr, BURGLARY,14609
Apr, CHILD ABANDONMENT/NON SUPPORT,30
Apr, CRIMINAL MISCHIEF & RELATED OF,46467
Apr, CRIMINAL TRESPASS,6173
Apr, DANGEROUS DRUGS,31565
Apr, DANGEROUS WEAPONS,11315
Apr, DISORDERLY CONDUCT,75
Apr, DISRUPTION OF A RELIGIOUS SERV,11
Apr, ENDAN WELFARE INCOMP,15
Apr, ESCAPE 3,19
Apr, FELONY ASSAULT,16096
Apr, FORGERY,4814
Apr, FORTUNE TELLING,1
Apr, FRAUDS,2985
Apr, FRAUDULENT ACCOSTING,245
Apr, GAMBLING,169
Apr, GRAND LARCENY,35112
Apr, GRAND LARCENY OF MOTOR VEHICLE,8036
Apr, HARRASSMENT 2,53874
Apr, HOMICIDE-NEGLIGENT-VEHICLE,8
Apr, HOMICIDE-NEGLIGENTUNCLASSIFIE,4
Apr, INTOXICATED & IMPAIRED DRIVING,6481
Apr, INTOXICATED/IMPAIRED DRIVING,6
Apr, JOSTLING,22
Apr, KIDNAPPING & RELATED OFFENSES,219
Apr, LOITERING,1
Apr, LOITERING/DEVIATE SEX,1
Apr, LOITERING/GAMBLING CARDS DIC,21
Apr, MISCELLANEOUS PENAL LAW,11022
Apr, NEW YORK CITY HEALTH CODE,3
Apr, NYS LAWS-UNCLASSIFIED FELONY,349
Apr, NYS LAWS-UNCLASSIFIED VIOLATION,3
Apr, OFF. AGNST PUB ORD SENSBLTY &,26140
Apr, OFFENSES AGAINST PUBLIC ADMINI,9304
Apr, OFFENSES AGAINST PUBLIC SAFETY,30
Apr, OFFENSES AGAINST THE PERSON,1121
Apr, OFFENSES INVOLVING FRAUD,1709
Apr, OFFENSES RELATED TO CHILDREN,99
Apr, OTHER OFFENSES RELATED TO THEF,959
Apr, OTHER STATE LAWS,18
Apr, OTHER STATE LAWS NON PENAL LA,497
Apr, OTHER STATE LAWS NON PENAL LAW,1
Apr, OTHER TRAFFIC INFRACTION,1
Apr, PETIT LARCENY,69706
Apr, PETIT LARCENY OF MOTOR VEHICLE,83
Apr, POSSESSION OF STOLEN PROPERTY,2590
Apr, PROSTITUTION & RELATED OFFENSES,61
Apr, ROBBERY,14887
Apr, SEX CRIMES,5
Apr, THEFT OF SERVICES,297
Apr, THEFT-FRAUD,5211
Apr, UNAUTHORIZED USE OF A VEHICLE,1200
Apr, UNDER THE INFLUENCE OF DRUGS,1
Apr, UNLAWFUL POSS. WEAP. ON SCHOOL,8
Apr, VEHICLE AND TRAFFIC LAWS,4758
Aug, ABORTION,1
Aug, ADMINISTRATIVE CODE,1164
Aug, ADMINISTRATIVE CODES,1
Aug, AGRICULTURE & MRKTS LAW-UNCLASSIFIED,25
Aug, ALCOHOLIC BEVERAGE CONTROL LAW,56
Aug, ANTICIPATORY OFFENSES,8
Aug, ARSON,1112
Aug, ASSAULT 3 & RELATED OFFENSES,50293
Aug, "BURGLARS TOOLS",261
Aug, BURGLARY,18633
Aug, CHILD ABANDONMENT/NON SUPPORT,33
Aug, CRIMINAL MISCHIEF & RELATED OF,48581
Aug, CRIMINAL TRESPASS,4609
Aug, DANGEROUS DRUGS,32221
Aug, DANGEROUS WEAPONS,11349
Aug, DISORDERLY CONDUCT,65
Aug, DISRUPTION OF A RELIGIOUS SERV,1
Aug, ENDAN WELFARE INCOMP,17
Aug, ESCAPE 3,22
Aug, FELONY ASSAULT,18931
Aug, FORGERY,4330
Aug, FORTUNE TELLING,3
Aug, FRAUDS,2797
Aug, FRAUDULENT ACCOSTING,245
Aug, GAMBLING,323
Aug, GRAND LARCENY,41092
Aug, GRAND LARCENY OF MOTOR VEHICLE,10019
Aug, HARRASSMENT 2,57856
Aug, HOMICIDE-NEGLIGENT-VEHICLE,5
Aug, INTOXICATED & IMPAIRED DRIVING,5995
Aug, INTOXICATED/IMPAIRED DRIVING,2
Aug, JOSTLING,18
Aug, KIDNAPPING & RELATED OFFENSES,242
Aug, LOITERING/GAMBLING CARDS DIC,43
Aug, MISCELLANEOUS PENAL LAW,11581
Aug, NEW YORK CITY HEALTH CODE,8
Aug, NYS LAWS-UNCLASSIFIED FELONY,350
Aug, NYS LAWS-UNCLASSIFIED VIOLATION,3
Aug, OFF. AGNST PUB ORD SENSBLTY &,25738
Aug, OFFENSES AGAINST MARRIAGE UNCL,2
Aug, OFFENSES AGAINST PUBLIC ADMINI,9409
Aug, OFFENSES AGAINST PUBLIC SAFETY,25
Aug, OFFENSES AGAINST THE PERSON,1291
Aug, OFFENSES INVOLVING FRAUD,1544
Aug, OFFENSES RELATED TO CHILDREN,117
Aug, OTHER OFFENSES RELATED TO THEF,976
Aug, OTHER STATE LAWS,22
Aug, OTHER STATE LAWS NON PENAL LA,472
Aug, OTHER STATE LAWS NON PENAL LAW,1
Aug, OTHER TRAFFIC INFRACTION,1
Aug, PETIT LARCENY,81623
Aug, PETIT LARCENY OF MOTOR VEHICLE,106
Aug, POSSESSION OF STOLEN PROPERTY,2664
Aug, PROSTITUTION & RELATED OFFENSES,105
Aug, ROBBERY,18585
Aug, SEX CRIMES,11
Aug, THEFT OF SERVICES,257
Aug, THEFT-FRAUD,4469
Aug, UNAUTHORIZED USE OF A VEHICLE,1483
Aug, UNLAWFUL POSS. WEAP. ON SCHOOL,1
Aug, VEHICLE AND TRAFFIC LAWS,4992
Dec, ADMINISTRATIVE CODE,909
Dec, ADMINISTRATIVE CODES,1
Dec, AGRICULTURE & MRKTS LAW-UNCLASSIFIED,25
Dec, ALCOHOLIC BEVERAGE CONTROL LAW,59
Dec, ANTICIPATORY OFFENSES,12
Dec, ARSON,1226
Dec, ASSAULT 3 & RELATED OFFENSES,42300
Dec, "BURGLARS TOOLS",186
Dec, BURGLARY,18064
Dec, CHILD ABANDONMENT/NON SUPPORT,31
Dec, CRIMINAL MISCHIEF & RELATED OF,40404
Dec, CRIMINAL TRESPASS,5290
Dec, DANGEROUS DRUGS,23993
Dec, DANGEROUS WEAPONS,8648
Dec, DISORDERLY CONDUCT,50
Dec, DISRUPTION OF A RELIGIOUS SERV,2
Dec, ENDAN WELFARE INCOMP,16
Dec, ESCAPE 3,7
Dec, FELONY ASSAULT,15191
Dec, FORGERY,3922
Dec, FRAUDS,2432
Dec, FRAUDULENT ACCOSTING,225
Dec, GAMBLING,86
Dec, GRAND LARCENY,40660
Dec, GRAND LARCENY OF MOTOR VEHICLE,8583
Dec, HARRASSMENT 2,49379
Dec, HOMICIDE-NEGLIGENT-VEHICLE,6
Dec, HOMICIDE-NEGLIGENTUNCLASSIFIE,3
Dec, INTOXICATED & IMPAIRED DRIVING,5585
Dec, JOSTLING,19
Dec, KIDNAPPING & RELATED OFFENSES,166
Dec, LOITERING,1
Dec, LOITERING FOR DRUG PURPOSES,5
Dec, LOITERING/DEVIATE SEX,1
Dec, LOITERING/GAMBLING CARDS DIC,14
Dec, MISCELLANEOUS PENAL LAW,9384
Dec, NEW YORK CITY HEALTH CODE,5
Dec, NYS LAWS-UNCLASSIFIED FELONY,258
Dec, NYS LAWS-UNCLASSIFIED VIOLATION,1
Dec, OFF. AGNST PUB ORD SENSBLTY &,22481
Dec, OFFENSES AGAINST PUBLIC ADMINI,7623
Dec, OFFENSES AGAINST PUBLIC SAFETY,34
Dec, OFFENSES AGAINST THE PERSON,794
Dec, OFFENSES INVOLVING FRAUD,1432
Dec, OFFENSES RELATED TO CHILDREN,71
Dec, OTHER OFFENSES RELATED TO THEF,944
Dec, OTHER STATE LAWS,8
Dec, OTHER STATE LAWS NON PENAL LA,360
Dec, OTHER STATE LAWS NON PENAL LAW,1
Dec, OTHER TRAFFIC INFRACTION,1
Dec, PETIT LARCENY,71612
Dec, PETIT LARCENY OF MOTOR VEHICLE,47
Dec, POSSESSION OF STOLEN PROPERTY,2390
Dec, PROSTITUTION & RELATED OFFENSES,36
Dec, ROBBERY,18873
Dec, SEX CRIMES,8
Dec, THEFT OF SERVICES,209
Dec, THEFT-FRAUD,4469
Dec, UNAUTHORIZED USE OF A VEHICLE,1150
Dec, UNLAWFUL POSS. WEAP. ON SCHOOL,7
Dec, VEHICLE AND TRAFFIC LAWS,4795
Feb, ABORTION,1
Feb, ADMINISTRATIVE CODE,906
Feb, ADMINISTRATIVE CODES,1
Feb, AGRICULTURE & MRKTS LAW-UNCLASSIFIED,6
Feb, ALCOHOLIC BEVERAGE CONTROL LAW,75
Feb, ANTICIPATORY OFFENSES,8
Feb, ARSON,1201
Feb, ASSAULT 3 & RELATED OFFENSES,39838
Feb, "BURGLARS TOOLS",188
Feb, BURGLARY,13839
Feb, CHILD ABANDONMENT/NON SUPPORT,24
Feb, CRIMINAL MISCHIEF & RELATED OF,37715
Feb, CRIMINAL TRESPASS,7360
Feb, DANGEROUS DRUGS,30199
Feb, DANGEROUS WEAPONS,10481
Feb, DISORDERLY CONDUCT,72
Feb, DISRUPTION OF A RELIGIOUS SERV,2
Feb, ENDAN WELFARE INCOMP,14
Feb, ESCAPE 3,12
Feb, FELONY ASSAULT,12898
Feb, FORGERY,4645
Feb, FRAUDS,2868
Feb, FRAUDULENT ACCOSTING,217
Feb, GAMBLING,111
Feb, GRAND LARCENY,30441
Feb, GRAND LARCENY OF MOTOR VEHICLE,6787
Feb, HARRASSMENT 2,45838
Feb, HOMICIDE-NEGLIGENT-VEHICLE,10
Feb, HOMICIDE-NEGLIGENTUNCLASSIFIE,3
Feb, INTOXICATED & IMPAIRED DRIVING,6198
Feb, INTOXICATED/IMPAIRED DRIVING,6
Feb, JOSTLING,24
Feb, KIDNAPPING & RELATED OFFENSES,181
Feb, LOITERING,1
Feb, LOITERING/GAMBLING CARDS DIC,6
Feb, MISCELLANEOUS PENAL LAW,9304
Feb, NEW YORK CITY HEALTH CODE,8
Feb, NYS LAWS-UNCLASSIFIED FELONY,372
Feb, NYS LAWS-UNCLASSIFIED VIOLATION,2
Feb, OFF. AGNST PUB ORD SENSBLTY &,23562
Feb, OFFENSES AGAINST PUBLIC ADMINI,7656
Feb, OFFENSES AGAINST PUBLIC SAFETY,17
Feb, OFFENSES AGAINST THE PERSON,771
Feb, OFFENSES INVOLVING FRAUD,1472
Feb, OFFENSES RELATED TO CHILDREN,117
Feb, OTHER OFFENSES RELATED TO THEF,889
Feb, OTHER STATE LAWS,15
Feb, OTHER STATE LAWS NON PENAL LA,451
Feb, PETIT LARCENY,58160
Feb, PETIT LARCENY OF MOTOR VEHICLE,39
Feb, POSSESSION OF STOLEN PROPERTY,2258
Feb, PROSTITUTION & RELATED OFFENSES,58
Feb, ROBBERY,13408
Feb, SEX CRIMES,4
Feb, THEFT OF SERVICES,264
Feb, THEFT-FRAUD,5264
Feb, UNAUTHORIZED USE OF A VEHICLE,1090
Feb, UNLAWFUL POSS. WEAP. ON SCHOOL,2
Feb, VEHICLE AND TRAFFIC LAWS,4402
Jan, ABORTION,1
Jan, ADMINISTRATIVE CODE,1014
Jan, ADMINISTRATIVE CODES,2
Jan, AGRICULTURE & MRKTS LAW-UNCLASSIFIED,14
Jan, ALCOHOLIC BEVERAGE CONTROL LAW,62
Jan, ANTICIPATORY OFFENSES,7
Jan, ARSON,1453
Jan, ASSAULT 3 & RELATED OFFENSES,43053
Jan, "BURGLARS TOOLS",203
Jan, BURGLARY,16637
Jan, CHILD ABANDONMENT/NON SUPPORT,23
Jan, CRIMINAL MISCHIEF & RELATED OF,44986
Jan, CRIMINAL TRESPASS,7703
Jan, DANGEROUS DRUGS,31458
Jan, DANGEROUS WEAPONS,11851
Jan, DISORDERLY CONDUCT,64
Jan, DISRUPTION OF A RELIGIOUS SERV,1
Jan, ENDAN WELFARE INCOMP,15
Jan, ESCAPE 3,6
Jan, FELONY ASSAULT,14902
Jan, FORGERY,4730
Jan, FORTUNE TELLING,2
Jan, FRAUDS,3158
Jan, FRAUDULENT ACCOSTING,231
Jan, GAMBLING,83
Jan, GRAND LARCENY,35514
Jan, GRAND LARCENY OF MOTOR VEHICLE,8442
Jan, HARRASSMENT 2,51509
Jan, HOMICIDE-NEGLIGENT-VEHICLE,5
Jan, HOMICIDE-NEGLIGENTUNCLASSIFIE,2
Jan, INTOXICATED & IMPAIRED DRIVING,6033
Jan, INTOXICATED/IMPAIRED DRIVING,3
Jan, JOSTLING,28
Jan, KIDNAPPING,1
Jan, KIDNAPPING & RELATED OFFENSES,188
Jan, LOITERING,1
Jan, LOITERING FOR DRUG PURPOSES,8
Jan, LOITERING/GAMBLING CARDS DIC,9
Jan, MISCELLANEOUS PENAL LAW,10321
Jan, NEW YORK CITY HEALTH CODE,8
Jan, NYS LAWS-UNCLASSIFIED FELONY,372
Jan, NYS LAWS-UNCLASSIFIED VIOLATION,4
Jan, OFF. AGNST PUB ORD SENSBLTY &,26103
Jan, OFFENSES AGAINST MARRIAGE UNCL,1
Jan, OFFENSES AGAINST PUBLIC ADMINI,8008
Jan, OFFENSES AGAINST PUBLIC SAFETY,28
Jan, OFFENSES AGAINST THE PERSON,893
Jan, OFFENSES INVOLVING FRAUD,1521
Jan, OFFENSES RELATED TO CHILDREN,178
Jan, OTHER OFFENSES RELATED TO THEF,859
Jan, OTHER STATE LAWS,19
Jan, OTHER STATE LAWS NON PENAL LA,465
Jan, OTHER TRAFFIC INFRACTION,3
Jan, PETIT LARCENY,68301
Jan, PETIT LARCENY OF MOTOR VEHICLE,66
Jan, POSSESSION OF STOLEN PROPERTY,2584
Jan, PROSTITUTION & RELATED OFFENSES,51
Jan, ROBBERY,17898
Jan, SEX CRIMES,6
Jan, THEFT OF SERVICES,305
Jan, THEFT-FRAUD,5685
Jan, UNAUTHORIZED USE OF A VEHICLE,1144
Jan, UNLAWFUL POSS. WEAP. ON SCHOOL,5
Jan, VEHICLE AND TRAFFIC LAWS,4493
Jul, ADMINISTRATIVE CODE,1105
Jul, ADMINISTRATIVE CODES,1
Jul, AGRICULTURE & MRKTS LAW-UNCLASSIFIED,22
Jul, ALCOHOLIC BEVERAGE CONTROL LAW,76
Jul, ANTICIPATORY OFFENSES,9
Jul, ARSON,1152
Jul, ASSAULT 3 & RELATED OFFENSES,52385
Jul, "BURGLARS TOOLS",234
Jul, BURGLARY,18062
Jul, CHILD ABANDONMENT/NON SUPPORT,35
Jul, CRIMINAL MISCHIEF & RELATED OF,48911
Jul, CRIMINAL TRESPASS,4424
Jul, DANGEROUS DRUGS,29814
Jul, DANGEROUS WEAPONS,10891
Jul, DISORDERLY CONDUCT,63
Jul, DISRUPTION OF A RELIGIOUS SERV,5
Jul, ENDAN WELFARE INCOMP,10
Jul, ESCAPE 3,14
Jul, FELONY ASSAULT,19726
Jul, FORGERY,4245
Jul, FORTUNE TELLING,1
Jul, FRAUDS,2812
Jul, FRAUDULENT ACCOSTING,242
Jul, GAMBLING,256
Jul, GRAND LARCENY,40363
Jul, GRAND LARCENY OF MOTOR VEHICLE,9708
Jul, HARRASSMENT 2,59819
Jul, HOMICIDE-NEGLIGENT-VEHICLE,3
Jul, HOMICIDE-NEGLIGENTUNCLASSIFIE,3
Jul, INTOXICATED & IMPAIRED DRIVING,5710
Jul, INTOXICATED/IMPAIRED DRIVING,1
Jul, JOSTLING,31
Jul, KIDNAPPING,2
Jul, KIDNAPPING & RELATED OFFENSES,217
Jul, KIDNAPPING AND RELATED OFFENSES,1
Jul, LOITERING,4
Jul, LOITERING FOR DRUG PURPOSES,4
Jul, LOITERING/GAMBLING CARDS DIC,22
Jul, MISCELLANEOUS PENAL LAW,12114
Jul, NEW YORK CITY HEALTH CODE,11
Jul, NYS LAWS-UNCLASSIFIED FELONY,318
Jul, NYS LAWS-UNCLASSIFIED VIOLATION,2
Jul, OFF. AGNST PUB ORD SENSBLTY &,25487
Jul, OFFENSES AGAINST PUBLIC ADMINI,9648
Jul, OFFENSES AGAINST PUBLIC SAFETY,335
Jul, OFFENSES AGAINST THE PERSON,1703
Jul, OFFENSES INVOLVING FRAUD,1500
Jul, OFFENSES RELATED TO CHILDREN,104
Jul, OTHER OFFENSES RELATED TO THEF,875
Jul, OTHER STATE LAWS,31
Jul, OTHER STATE LAWS NON PENAL LA,516
Jul, OTHER STATE LAWS NON PENAL LAW,1
Jul, OTHER TRAFFIC INFRACTION,1
Jul, PETIT LARCENY,81179
Jul, PETIT LARCENY OF MOTOR VEHICLE,105
Jul, POSSESSION OF STOLEN PROPERTY,2642
Jul, PROSTITUTION & RELATED OFFENSES,70
Jul, ROBBERY,18387
Jul, SEX CRIMES,5
Jul, THEFT OF SERVICES,234
Jul, THEFT-FRAUD,4449
Jul, UNAUTHORIZED USE OF A VEHICLE,1487
Jul, UNDER THE INFLUENCE OF DRUGS,1
Jul, UNLAWFUL POSS. WEAP. ON SCHOOL,1
Jul, VEHICLE AND TRAFFIC LAWS,4961
Jun, ADMINISTRATIVE CODE,1029
Jun, ADMINISTRATIVE CODES,2
Jun, AGRICULTURE & MRKTS LAW-UNCLASSIFIED,19
Jun, ALCOHOLIC BEVERAGE CONTROL LAW,85
Jun, ANTICIPATORY OFFENSES,5
Jun, ARSON,1010
Jun, ASSAULT 3 & RELATED OFFENSES,51513
Jun, "BURGLARS TOOLS",226
Jun, BURGLARY,16523
Jun, CHILD ABANDONMENT/NON SUPPORT,56
Jun, CRIMINAL MISCHIEF & RELATED OF,47846
Jun, CRIMINAL TRESPASS,4788
Jun, DANGEROUS DRUGS,29079
Jun, DANGEROUS WEAPONS,10553
Jun, DISORDERLY CONDUCT,65
Jun, DISRUPTION OF A RELIGIOUS SERV,4
Jun, ENDAN WELFARE INCOMP,13
Jun, ESCAPE 3,19
Jun, FELONY ASSAULT,18791
Jun, FORGERY,4228
Jun, FORTUNE TELLING,1
Jun, FRAUDS,2814
Jun, FRAUDULENT ACCOSTING,180
Jun, GAMBLING,259
Jun, GRAND LARCENY,38946
Jun, GRAND LARCENY OF MOTOR VEHICLE,8830
Jun, HARRASSMENT 2,59760
Jun, HOMICIDE-NEGLIGENT-VEHICLE,6
Jun, HOMICIDE-NEGLIGENTUNCLASSIFIE,1
Jun, INTOXICATED & IMPAIRED DRIVING,5476
Jun, INTOXICATED/IMPAIRED DRIVING,5
Jun, JOSTLING,29
Jun, KIDNAPPING,1
Jun, KIDNAPPING & RELATED OFFENSES,219
Jun, LOITERING,1
Jun, LOITERING/DEVIATE SEX,2
Jun, LOITERING/GAMBLING CARDS DIC,26
Jun, MISCELLANEOUS PENAL LAW,11305
Jun, NEW YORK CITY HEALTH CODE,6
Jun, NYS LAWS-UNCLASSIFIED FELONY,333
Jun, NYS LAWS-UNCLASSIFIED VIOLATION,1
Jun, OFF. AGNST PUB ORD SENSBLTY &,25416
Jun, OFFENSES AGAINST PUBLIC ADMINI,9402
Jun, OFFENSES AGAINST PUBLIC SAFETY,189
Jun, OFFENSES AGAINST THE PERSON,1256
Jun, OFFENSES INVOLVING FRAUD,1507
Jun, OFFENSES RELATED TO CHILDREN,147
Jun, OTHER OFFENSES RELATED TO THEF,942
Jun, OTHER STATE LAWS,26
Jun, OTHER STATE LAWS NON PENAL LA,477
Jun, OTHER STATE LAWS NON PENAL LAW,2
Jun, OTHER TRAFFIC INFRACTION,1
Jun, PETIT LARCENY,77129
Jun, PETIT LARCENY OF MOTOR VEHICLE,90
Jun, POSSESSION OF STOLEN PROPERTY,2599
Jun, PROSTITUTION & RELATED OFFENSES,53
Jun, ROBBERY,16941
Jun, SEX CRIMES,3
Jun, THEFT OF SERVICES,236
Jun, THEFT-FRAUD,4570
Jun, UNAUTHORIZED USE OF A VEHICLE,1256
Jun, UNLAWFUL POSS. WEAP. ON SCHOOL,6
Jun, VEHICLE AND TRAFFIC LAWS,5124
Mar, ADMINISTRATIVE CODE,952
Mar, ADMINISTRATIVE CODES,1
Mar, AGRICULTURE & MRKTS LAW-UNCLASSIFIED,16
Mar, ALCOHOLIC BEVERAGE CONTROL LAW,69
Mar, ANTICIPATORY OFFENSES,5
Mar, ARSON,1308
Mar, ASSAULT 3 & RELATED OFFENSES,47598
Mar, "BURGLARS TOOLS",216
Mar, BURGLARY,14846
Mar, CHILD ABANDONMENT/NON SUPPORT,30
Mar, CRIMINAL MISCHIEF & RELATED OF,45850
Mar, CRIMINAL TRESPASS,7351
Mar, DANGEROUS DRUGS,32812
Mar, DANGEROUS WEAPONS,11613
Mar, DISORDERLY CONDUCT,70
Mar, DISRUPTION OF A RELIGIOUS SERV,6
Mar, ENDAN WELFARE INCOMP,18
Mar, ESCAPE 3,12
Mar, FELONY ASSAULT,15781
Mar, FORGERY,5310
Mar, FRAUDS,3256
Mar, FRAUDULENT ACCOSTING,269
Mar, GAMBLING,134
Mar, GRAND LARCENY,35005
Mar, GRAND LARCENY OF MOTOR VEHICLE,7707
Mar, HARRASSMENT 2,54238
Mar, HOMICIDE-NEGLIGENT-VEHICLE,3
Mar, HOMICIDE-NEGLIGENTUNCLASSIFIE,4
Mar, INTOXICATED & IMPAIRED DRIVING,7031
Mar, INTOXICATED/IMPAIRED DRIVING,3
Mar, JOSTLING,28
Mar, KIDNAPPING,1
Mar, KIDNAPPING & RELATED OFFENSES,199
Mar, LOITERING FOR DRUG PURPOSES,3
Mar, LOITERING/DEVIATE SEX,7
Mar, LOITERING/GAMBLING CARDS DIC,3
Mar, MISCELLANEOUS PENAL LAW,10937
Mar, NEW YORK CITY HEALTH CODE,5
Mar, NYS LAWS-UNCLASSIFIED FELONY,417
Mar, OFF. AGNST PUB ORD SENSBLTY &,26914
Mar, OFFENSES AGAINST PUBLIC ADMINI,9453
Mar, OFFENSES AGAINST PUBLIC SAFETY,41
Mar, OFFENSES AGAINST THE PERSON,1042
Mar, OFFENSES INVOLVING FRAUD,1768
Mar, OFFENSES RELATED TO CHILDREN,167
Mar, OTHER OFFENSES RELATED TO THEF,945
Mar, OTHER STATE LAWS,26
Mar, OTHER STATE LAWS NON PENAL LA,491
Mar, OTHER STATE LAWS NON PENAL LAW,1
Mar, PETIT LARCENY,68650
Mar, PETIT LARCENY OF MOTOR VEHICLE,67
Mar, POSSESSION OF STOLEN PROPERTY,2511
Mar, PROSTITUTION & RELATED OFFENSES,82
Mar, ROBBERY,15163
Mar, SEX CRIMES,4
Mar, THEFT OF SERVICES,301
Mar, THEFT-FRAUD,5670
Mar, UNAUTHORIZED USE OF A VEHICLE,1164
Mar, UNDER THE INFLUENCE OF DRUGS,1
Mar, UNLAWFUL POSS. WEAP. ON SCHOOL,7
Mar, VEHICLE AND TRAFFIC LAWS,4825
May, ADMINISTRATIVE CODE,1000
May, ADMINISTRATIVE CODES,1
May, AGRICULTURE & MRKTS LAW-UNCLASSIFIED,21
May, ALCOHOLIC BEVERAGE CONTROL LAW,59
May, ANTICIPATORY OFFENSES,8
May, ARSON,1201
May, ASSAULT 3 & RELATED OFFENSES,52959
May, "BURGLARS TOOLS",216
May, BURGLARY,16644
May, CHILD ABANDONMENT/NON SUPPORT,29
May, CRIMINAL MISCHIEF & RELATED OF,47796
May, CRIMINAL TRESPASS,5666
May, DANGEROUS DRUGS,31733
May, DANGEROUS WEAPONS,11546
May, DISORDERLY CONDUCT,94
May, DISRUPTION OF A RELIGIOUS SERV,3
May, ENDAN WELFARE INCOMP,16
May, ESCAPE 3,12
May, FELONY ASSAULT,18625
May, FORGERY,4669
May, FORTUNE TELLING,2
May, FRAUDS,2718
May, FRAUDULENT ACCOSTING,210
May, GAMBLING,229
May, GRAND LARCENY,38300
May, GRAND LARCENY OF MOTOR VEHICLE,8960
May, HARRASSMENT 2,59696
May, HOMICIDE-NEGLIGENT-VEHICLE,9
May, HOMICIDE-NEGLIGENTUNCLASSIFIE,3
May, INTOXICATED & IMPAIRED DRIVING,6548
May, INTOXICATED/IMPAIRED DRIVING,7
May, JOSTLING,39
May, KIDNAPPING & RELATED OFFENSES,222
May, LOITERING/DEVIATE SEX,1
May, LOITERING/GAMBLING CARDS DIC,20
May, MISCELLANEOUS PENAL LAW,11505
May, NEW YORK CITY HEALTH CODE,5
May, NYS LAWS-UNCLASSIFIED FELONY,351
May, NYS LAWS-UNCLASSIFIED VIOLATION,1
May, OFF. AGNST PUB ORD SENSBLTY &,26118
May, OFFENSES AGAINST PUBLIC ADMINI,9925
May, OFFENSES AGAINST PUBLIC SAFETY,55
May, OFFENSES AGAINST THE PERSON,1262
May, OFFENSES INVOLVING FRAUD,1647
May, OFFENSES RELATED TO CHILDREN,98
May, OTHER OFFENSES RELATED TO THEF,886
May, OTHER STATE LAWS,17
May, OTHER STATE LAWS NON PENAL LA,493
May, OTHER STATE LAWS NON PENAL LAW,1
May, OTHER TRAFFIC INFRACTION,1
May, PETIT LARCENY,76905
May, PETIT LARCENY OF MOTOR VEHICLE,80
May, POSSESSION OF STOLEN PROPERTY,2713
May, PROSTITUTION & RELATED OFFENSES,118
May, ROBBERY,17175
May, SEX CRIMES,9
May, THEFT OF SERVICES,296
May, THEFT-FRAUD,4867
May, UNAUTHORIZED USE OF A VEHICLE,1303
May, UNLAWFUL POSS. WEAP. ON SCHOOL,8
May, VEHICLE AND TRAFFIC LAWS,5201
Nov, ADMINISTRATIVE CODE,942
Nov, ADMINISTRATIVE CODES,3
Nov, AGRICULTURE & MRKTS LAW-UNCLASSIFIED,18
Nov, ALCOHOLIC BEVERAGE CONTROL LAW,80
Nov, ANTICIPATORY OFFENSES,8
Nov, ARSON,1223
Nov, ASSAULT 3 & RELATED OFFENSES,43287
Nov, "BURGLARS TOOLS",239
Nov, BURGLARY,17415
Nov, CHILD ABANDONMENT/NON SUPPORT,28
Nov, CRIMINAL MISCHIEF & RELATED OF,42136
Nov, CRIMINAL TRESPASS,5438
Nov, DANGEROUS DRUGS,27294
Nov, DANGEROUS WEAPONS,9990
Nov, DISORDERLY CONDUCT,79
Nov, DISRUPTION OF A RELIGIOUS SERV,5
Nov, ENDAN WELFARE INCOMP,7
Nov, ESCAPE 3,16
Nov, FELONY ASSAULT,15593
Nov, FORGERY,4284
Nov, FRAUDS,2488
Nov, FRAUDULENT ACCOSTING,235
Nov, GAMBLING,131
Nov, GRAND LARCENY,39112
Nov, GRAND LARCENY OF MOTOR VEHICLE,8616
Nov, HARRASSMENT 2,51655
Nov, HOMICIDE-NEGLIGENT-VEHICLE,8
Nov, HOMICIDE-NEGLIGENTUNCLASSIFIE,4
Nov, INTOXICATED & IMPAIRED DRIVING,6165
Nov, INTOXICATED/IMPAIRED DRIVING,7
Nov, JOSTLING,26
Nov, KIDNAPPING,1
Nov, KIDNAPPING & RELATED OFFENSES,150
Nov, LOITERING,1
Nov, LOITERING/DEVIATE SEX,2
Nov, LOITERING/GAMBLING CARDS DIC,11
Nov, MISCELLANEOUS PENAL LAW,9813
Nov, NEW YORK CITY HEALTH CODE,9
Nov, NYS LAWS-UNCLASSIFIED FELONY,321
Nov, NYS LAWS-UNCLASSIFIED VIOLATION,1
Nov, OFF. AGNST PUB ORD SENSBLTY &,23034
Nov, OFFENSES AGAINST PUBLIC ADMINI,8087
Nov, OFFENSES AGAINST PUBLIC SAFETY,28
Nov, OFFENSES AGAINST THE PERSON,852
Nov, OFFENSES INVOLVING FRAUD,1520
Nov, OFFENSES RELATED TO CHILDREN,100
Nov, OTHER OFFENSES RELATED TO THEF,934
Nov, OTHER STATE LAWS,15
Nov, OTHER STATE LAWS NON PENAL LA,402
Nov, OTHER TRAFFIC INFRACTION,1
Nov, PETIT LARCENY,71707
Nov, PETIT LARCENY OF MOTOR VEHICLE,66
Nov, POSSESSION OF STOLEN PROPERTY,2361
Nov, PROSTITUTION & RELATED OFFENSES,54
Nov, ROBBERY,18283
Nov, SEX CRIMES,5
Nov, THEFT OF SERVICES,236
Nov, THEFT-FRAUD,4277
Nov, UNAUTHORIZED USE OF A VEHICLE,1145
Nov, UNLAWFUL POSS. WEAP. ON SCHOOL,7
Nov, VEHICLE AND TRAFFIC LAWS,4815
Oct, ADMINISTRATIVE CODE,1089
Oct, ADMINISTRATIVE CODES,4
Oct, AGRICULTURE & MRKTS LAW-UNCLASSIFIED,18
Oct, ALCOHOLIC BEVERAGE CONTROL LAW,78
Oct, ANTICIPATORY OFFENSES,11
Oct, ARSON,1262
Oct, ASSAULT 3 & RELATED OFFENSES,46819
Oct, "BURGLARS TOOLS",251
Oct, BURGLARY,18712
Oct, CHILD ABANDONMENT/NON SUPPORT,27
Oct, CRIMINAL MISCHIEF & RELATED OF,47119
Oct, CRIMINAL TRESPASS,5491
Oct, DANGEROUS DRUGS,32292
Oct, DANGEROUS WEAPONS,11473
Oct, DISORDERLY CONDUCT,72
Oct, DISRUPTION OF A RELIGIOUS SERV,4
Oct, ENDAN WELFARE INCOMP,16
Oct, ESCAPE 3,15
Oct, FELONY ASSAULT,16977
Oct, FORGERY,4658
Oct, FRAUDS,2808
Oct, FRAUDULENT ACCOSTING,237
Oct, GAMBLING,217
Oct, GRAND LARCENY,41696
Oct, GRAND LARCENY OF MOTOR VEHICLE,9618
Oct, HARRASSMENT 2,57540
Oct, HOMICIDE-NEGLIGENT-VEHICLE,12
Oct, INTOXICATED & IMPAIRED DRIVING,6454
Oct, JOSTLING,35
Oct, KIDNAPPING,2
Oct, KIDNAPPING & RELATED OFFENSES,210
Oct, KIDNAPPING AND RELATED OFFENSES,1
Oct, LOITERING,3
Oct, LOITERING FOR DRUG PURPOSES,3
Oct, LOITERING/GAMBLING CARDS DIC,14
Oct, MISCELLANEOUS PENAL LAW,11004
Oct, NEW YORK CITY HEALTH CODE,4
Oct, NYS LAWS-UNCLASSIFIED FELONY,361
Oct, NYS LAWS-UNCLASSIFIED VIOLATION,1
Oct, OFF. AGNST PUB ORD SENSBLTY &,24667
Oct, OFFENSES AGAINST PUBLIC ADMINI,9278
Oct, OFFENSES AGAINST PUBLIC SAFETY,25
Oct, OFFENSES AGAINST THE PERSON,1025
Oct, OFFENSES INVOLVING FRAUD,1619
Oct, OFFENSES RELATED TO CHILDREN,121
Oct, OTHER OFFENSES RELATED TO THEF,970
Oct, OTHER STATE LAWS,20
Oct, OTHER STATE LAWS NON PENAL LA,488
Oct, PETIT LARCENY,78268
Oct, PETIT LARCENY OF MOTOR VEHICLE,82
Oct, POSSESSION OF STOLEN PROPERTY,2596
Oct, PROSTITUTION & RELATED OFFENSES,108
Oct, ROBBERY,20009
Oct, SEX CRIMES,7
Oct, THEFT OF SERVICES,259
Oct, THEFT-FRAUD,4595
Oct, UNAUTHORIZED USE OF A VEHICLE,1267
Oct, UNLAWFUL POSS. WEAP. ON SCHOOL,7
Oct, VEHICLE AND TRAFFIC LAWS,5177
Sep, ABORTION,1
Sep, ADMINISTRATIVE CODE,1091
Sep, ADMINISTRATIVE CODES,2
Sep, AGRICULTURE & MRKTS LAW-UNCLASSIFIED,23
Sep, ALCOHOLIC BEVERAGE CONTROL LAW,70
Sep, ANTICIPATORY OFFENSES,8
Sep, ARSON,1175
Sep, ASSAULT 3 & RELATED OFFENSES,47782
Sep, "BURGLARS TOOLS",258
Sep, BURGLARY,17660
Sep, CHILD ABANDONMENT/NON SUPPORT,32
Sep, CRIMINAL MISCHIEF & RELATED OF,44550
Sep, CRIMINAL TRESPASS,4534
Sep, DANGEROUS DRUGS,30969
Sep, DANGEROUS WEAPONS,10894
Sep, DISORDERLY CONDUCT,91
Sep, DISRUPTION OF A RELIGIOUS SERV,6
Sep, ENDAN WELFARE INCOMP,16
Sep, ESCAPE 3,16
Sep, FELONY ASSAULT,17483
Sep, FORGERY,4115
Sep, FORTUNE TELLING,1
Sep, FRAUDS,2699
Sep, FRAUDULENT ACCOSTING,228
Sep, GAMBLING,277
Sep, GRAND LARCENY,40085
Sep, GRAND LARCENY OF MOTOR VEHICLE,9795
Sep, HARRASSMENT 2,58863
Sep, HOMICIDE-NEGLIGENT-VEHICLE,9
Sep, HOMICIDE-NEGLIGENTUNCLASSIFIE,6
Sep, INTOXICATED & IMPAIRED DRIVING,5641
Sep, INTOXICATED/IMPAIRED DRIVING,1
Sep, JOSTLING,35
Sep, KIDNAPPING,1
Sep, KIDNAPPING & RELATED OFFENSES,170
Sep, LOITERING,1
Sep, LOITERING/DEVIATE SEX,2
Sep, LOITERING/GAMBLING CARDS DIC,21
Sep, MISCELLANEOUS PENAL LAW,11363
Sep, NEW YORK CITY HEALTH CODE,6
Sep, NYS LAWS-UNCLASSIFIED FELONY,350
Sep, NYS LAWS-UNCLASSIFIED VIOLATION,1
Sep, OFF. AGNST PUB ORD SENSBLTY &,25238
Sep, OFFENSES AGAINST PUBLIC ADMINI,9249
Sep, OFFENSES AGAINST PUBLIC SAFETY,26
Sep, OFFENSES AGAINST THE PERSON,1047
Sep, OFFENSES INVOLVING FRAUD,1425
Sep, OFFENSES RELATED TO CHILDREN,116
Sep, OTHER OFFENSES RELATED TO THEF,911
Sep, OTHER STATE LAWS,25
Sep, OTHER STATE LAWS NON PENAL LA,450
Sep, PETIT LARCENY,77206
Sep, PETIT LARCENY OF MOTOR VEHICLE,78
Sep, POSSESSION OF STOLEN PROPERTY,2533
Sep, PROSTITUTION & RELATED OFFENSES,75
Sep, ROBBERY,18704
Sep, SEX CRIMES,9
Sep, THEFT OF SERVICES,272
Sep, THEFT-FRAUD,4505
Sep, UNAUTHORIZED USE OF A VEHICLE,1314
Sep, UNLAWFUL POSS. WEAP. ON SCHOOL,3
Sep, VEHICLE AND TRAFFIC LAWS,5018
