Apr, ADMINISTRATIVE CODE,263
Apr, AGRICULTURE & MRKTS LAW-UNCLASSIFIED,6
Apr, ALCOHOLIC BEVERAGE CONTROL LAW,11
Apr, ANTICIPATORY OFFENSES,1
Apr, ARSON,196
Apr, ASSAULT 3 & RELATED OFFENSES,9259
Apr, "BURGLARS TOOLS",43
Apr, BURGLARY,3816
Apr, CHILD ABANDONMENT/NON SUPPORT,5
Apr, CRIMINAL MISCHIEF & RELATED OF,10799
Apr, CRIMINAL TRESPASS,763
Apr, DANGEROUS DRUGS,1894
Apr, DANGEROUS WEAPONS,2047
Apr, DISORDERLY CONDUCT,4
Apr, DISRUPTION OF A RELIGIOUS SERV,2
Apr, ENDAN WELFARE INCOMP,4
Apr, ESCAPE 3,2
Apr, FELONY ASSAULT,3056
Apr, FORGERY,1090
Apr, FRAUDS,513
Apr, FRAUDULENT ACCOSTING,6
Apr, GAMBLING,10
Apr, GRAND LARCENY,6501
Apr, GRAND LARCENY OF MOTOR VEHICLE,2551
Apr, HARRASSMENT 2,11055
Apr, HOMICIDE-NEGLIGENT-VEHICLE,2
Apr, HOMICIDE-NEGLIGENTUNCLASSIFIE,1
Apr, INTOXICATED & IMPAIRED DRIVING,1451
Apr, INTOXICATED/IMPAIRED DRIVING,1
Apr, JOSTLING,1
Apr, KIDNAPPING & RELATED OFFENSES,38
Apr, LOITERING/DEVIATE SEX,1
Apr, LOITERING/GAMBLING CARDS DIC,3
Apr, MISCELLANEOUS PENAL LAW,2356
Apr, NYS LAWS-UNCLASSIFIED FELONY,34
Apr, NYS LAWS-UNCLASSIFIED VIOLATION,2
Apr, OFF. AGNST PUB ORD SENSBLTY &,5281
Apr, OFFENSES AGAINST PUBLIC ADMINI,1402
Apr, OFFENSES AGAINST PUBLIC SAFETY,6
Apr, OFFENSES AGAINST THE PERSON,184
Apr, OFFENSES INVOLVING FRAUD,127
Apr, OFFENSES RELATED TO CHILDREN,34
Apr, OTHER OFFENSES RELATED TO THEF,209
Apr, OTHER STATE LAWS,3
Apr, OTHER STATE LAWS NON PENAL LA,25
Apr, PETIT LARCENY,13571
Apr, PETIT LARCENY OF MOTOR VEHICLE,17
Apr, POSSESSION OF STOLEN PROPERTY,483
Apr, PROSTITUTION & RELATED OFFENSES,4
Apr, ROBBERY,3089
Apr, THEFT OF SERVICES,15
Apr, THEFT-FRAUD,979
Apr, UNAUTHORIZED USE OF A VEHICLE,356
Apr, UNLAWFUL POSS. WEAP. ON SCHOOL,1
Apr, VEHICLE AND TRAFFIC LAWS,984
Aug, ABORTION,1
Aug, ADMINISTRATIVE CODE,284
Aug, AGRICULTURE & MRKTS LAW-UNCLASSIFIED,3
Aug, ALCOHOLIC BEVERAGE CONTROL LAW,2
Aug, ARSON,189
Aug, ASSAULT 3 & RELATED OFFENSES,10131
Aug, "BURGLARS TOOLS",47
Aug, BURGLARY,4613
Aug, CHILD ABANDONMENT/NON SUPPORT,4
Aug, CRIMINAL MISCHIEF & RELATED OF,11287
Aug, CRIMINAL TRESPASS,755
Aug, DANGEROUS DRUGS,1920
Aug, DANGEROUS WEAPONS,2030
Aug, DISORDERLY CONDUCT,1
Aug, ENDAN WELFARE INCOMP,3
Aug, ESCAPE 3,1
Aug, FELONY ASSAULT,3535
Aug, FORGERY,923
Aug, FRAUDS,456
Aug, FRAUDULENT ACCOSTING,10
Aug, GAMBLING,7
Aug, GRAND LARCENY,7452
Aug, GRAND LARCENY OF MOTOR VEHICLE,3105
Aug, HARRASSMENT 2,12299
Aug, INTOXICATED & IMPAIRED DRIVING,1362
Aug, INTOXICATED/IMPAIRED DRIVING,1
Aug, JOSTLING,3
Aug, KIDNAPPING & RELATED OFFENSES,37
Aug, LOITERING/GAMBLING CARDS DIC,2
Aug, MISCELLANEOUS PENAL LAW,2637
Aug, NYS LAWS-UNCLASSIFIED FELONY,42
Aug, NYS LAWS-UNCLASSIFIED VIOLATION,1
Aug, OFF. AGNST PUB ORD SENSBLTY &,5297
Aug, OFFENSES AGAINST PUBLIC ADMINI,1454
Aug, OFFENSES AGAINST PUBLIC SAFETY,6
Aug, OFFENSES AGAINST THE PERSON,198
Aug, OFFENSES INVOLVING FRAUD,112
Aug, OFFENSES RELATED TO CHILDREN,50
Aug, OTHER OFFENSES RELATED TO THEF,195
Aug, OTHER STATE LAWS,7
Aug, OTHER STATE LAWS NON PENAL LA,33
Aug, OTHER TRAFFIC INFRACTION,1
Aug, PETIT LARCENY,15170
Aug, PETIT LARCENY OF MOTOR VEHICLE,24
Aug, POSSESSION OF STOLEN PROPERTY,486
Aug, PROSTITUTION & RELATED OFFENSES,9
Aug, ROBBERY,3642
Aug, THEFT OF SERVICES,16
Aug, THEFT-FRAUD,867
Aug, UNAUTHORIZED USE OF A VEHICLE,474
Aug, UNLAWFUL POSS. WEAP. ON SCHOOL,1
Aug, VEHICLE AND TRAFFIC LAWS,1069
Dec, ADMINISTRATIVE CODE,235
Dec, ADMINISTRATIVE CODES,1
Dec, AGRICULTURE & MRKTS LAW-UNCLASSIFIED,1
Dec, ALCOHOLIC BEVERAGE CONTROL LAW,14
Dec, ANTICIPATORY OFFENSES,1
Dec, ARSON,196
Dec, ASSAULT 3 & RELATED OFFENSES,8545
Dec, "BURGLARS TOOLS",47
Dec, BURGLARY,4713
Dec, CHILD ABANDONMENT/NON SUPPORT,7
Dec, CRIMINAL MISCHIEF & RELATED OF,9428
Dec, CRIMINAL TRESPASS,606
Dec, DANGEROUS DRUGS,1545
Dec, DANGEROUS WEAPONS,1605
Dec, DISORDERLY CONDUCT,4
Dec, ENDAN WELFARE INCOMP,5
Dec, ESCAPE 3,2
Dec, FELONY ASSAULT,2891
Dec, FORGERY,798
Dec, FRAUDS,443
Dec, FRAUDULENT ACCOSTING,6
Dec, GAMBLING,1
Dec, GRAND LARCENY,7479
Dec, GRAND LARCENY OF MOTOR VEHICLE,2711
Dec, HARRASSMENT 2,10181
Dec, HOMICIDE-NEGLIGENT-VEHICLE,2
Dec, INTOXICATED & IMPAIRED DRIVING,1354
Dec, JOSTLING,2
Dec, KIDNAPPING & RELATED OFFENSES,32
Dec, MISCELLANEOUS PENAL LAW,2182
Dec, NYS LAWS-UNCLASSIFIED FELONY,20
Dec, OFF. AGNST PUB ORD SENSBLTY &,4689
Dec, OFFENSES AGAINST PUBLIC ADMINI,1151
Dec, OFFENSES AGAINST PUBLIC SAFETY,4
Dec, OFFENSES AGAINST THE PERSON,149
Dec, OFFENSES INVOLVING FRAUD,118
Dec, OFFENSES RELATED TO CHILDREN,36
Dec, OTHER OFFENSES RELATED TO THEF,217
Dec, OTHER STATE LAWS,4
Dec, OTHER STATE LAWS NON PENAL LA,27
Dec, OTHER STATE LAWS NON PENAL LAW,1
Dec, OTHER TRAFFIC INFRACTION,1
Dec, PETIT LARCENY,13820
Dec, PETIT LARCENY OF MOTOR VEHICLE,12
Dec, POSSESSION OF STOLEN PROPERTY,438
Dec, PROSTITUTION & RELATED OFFENSES,4
Dec, ROBBERY,3846
Dec, THEFT OF SERVICES,5
Dec, THEFT-FRAUD,939
Dec, UNAUTHORIZED USE OF A VEHICLE,361
Dec, UNLAWFUL POSS. WEAP. ON SCHOOL,2
Dec, VEHICLE AND TRAFFIC LAWS,1170
Feb, ABORTION,1
Feb, ADMINISTRATIVE CODE,223
Feb, ADMINISTRATIVE CODES,1
Feb, ALCOHOLIC BEVERAGE CONTROL LAW,13
Feb, ANTICIPATORY OFFENSES,1
Feb, ARSON,184
Feb, ASSAULT 3 & RELATED OFFENSES,7952
Feb, "BURGLARS TOOLS",43
Feb, BURGLARY,3899
Feb, CHILD ABANDONMENT/NON SUPPORT,5
Feb, CRIMINAL MISCHIEF & RELATED OF,8740
Feb, CRIMINAL TRESPASS,771
Feb, DANGEROUS DRUGS,1855
Feb, DANGEROUS WEAPONS,1945
Feb, DISORDERLY CONDUCT,2
Feb, ENDAN WELFARE INCOMP,3
Feb, ESCAPE 3,2
Feb, FELONY ASSAULT,2517
Feb, FORGERY,1008
Feb, FRAUDS,539
Feb, FRAUDULENT ACCOSTING,15
Feb, GAMBLING,10
Feb, GRAND LARCENY,5840
Feb, GRAND LARCENY OF MOTOR VEHICLE,2185
Feb, HARRASSMENT 2,9478
Feb, HOMICIDE-NEGLIGENT-VEHICLE,5
Feb, INTOXICATED & IMPAIRED DRIVING,1418
Feb, INTOXICATED/IMPAIRED DRIVING,4
Feb, JOSTLING,1
Feb, KIDNAPPING & RELATED OFFENSES,36
Feb, MISCELLANEOUS PENAL LAW,2146
Feb, NEW YORK CITY HEALTH CODE,2
Feb, NYS LAWS-UNCLASSIFIED FELONY,34
Feb, OFF. AGNST PUB ORD SENSBLTY &,5039
Feb, OFFENSES AGAINST PUBLIC ADMINI,1101
Feb, OFFENSES AGAINST PUBLIC SAFETY,2
Feb, OFFENSES AGAINST THE PERSON,116
Feb, OFFENSES INVOLVING FRAUD,106
Feb, OFFENSES RELATED TO CHILDREN,68
Feb, OTHER OFFENSES RELATED TO THEF,192
Feb, OTHER STATE LAWS,3
Feb, OTHER STATE LAWS NON PENAL LA,23
Feb, PETIT LARCENY,11438
Feb, PETIT LARCENY OF MOTOR VEHICLE,11
Feb, POSSESSION OF STOLEN PROPERTY,447
Feb, PROSTITUTION & RELATED OFFENSES,3
Feb, ROBBERY,2941
Feb, THEFT OF SERVICES,5
Feb, THEFT-FRAUD,1049
Feb, UNAUTHORIZED USE OF A VEHICLE,368
Feb, UNLAWFUL POSS. WEAP. ON SCHOOL,1
Feb, VEHICLE AND TRAFFIC LAWS,921
Jan, ABORTION,1
Jan, ADMINISTRATIVE CODE,265
Jan, ADMINISTRATIVE CODES,1
Jan, AGRICULTURE & MRKTS LAW-UNCLASSIFIED,5
Jan, ALCOHOLIC BEVERAGE CONTROL LAW,10
Jan, ANTICIPATORY OFFENSES,2
Jan, ARSON,227
Jan, ASSAULT 3 & RELATED OFFENSES,8523
Jan, "BURGLARS TOOLS",34
Jan, BURGLARY,4390
Jan, CHILD ABANDONMENT/NON SUPPORT,4
Jan, CRIMINAL MISCHIEF & RELATED OF,10709
Jan, CRIMINAL TRESPASS,767
Jan, DANGEROUS DRUGS,1995
Jan, DANGEROUS WEAPONS,2127
Jan, DISORDERLY CONDUCT,6
Jan, ENDAN WELFARE INCOMP,3
Jan, ESCAPE 3,1
Jan, FELONY ASSAULT,2818
Jan, FORGERY,1011
Jan, FORTUNE TELLING,1
Jan, FRAUDS,527
Jan, FRAUDULENT ACCOSTING,6
Jan, GAMBLING,16
Jan, GRAND LARCENY,6702
Jan, GRAND LARCENY OF MOTOR VEHICLE,2736
Jan, HARRASSMENT 2,10640
Jan, HOMICIDE-NEGLIGENT-VEHICLE,1
Jan, HOMICIDE-NEGLIGENTUNCLASSIFIE,1
Jan, INTOXICATED & IMPAIRED DRIVING,1431
Jan, INTOXICATED/IMPAIRED DRIVING,1
Jan, JOSTLING,2
Jan, KIDNAPPING,1
Jan, KIDNAPPING & RELATED OFFENSES,36
Jan, MISCELLANEOUS PENAL LAW,2231
Jan, NEW YORK CITY HEALTH CODE,2
Jan, NYS LAWS-UNCLASSIFIED FELONY,39
Jan, OFF. AGNST PUB ORD SENSBLTY &,5336
Jan, OFFENSES AGAINST PUBLIC ADMINI,1125
Jan, OFFENSES AGAINST PUBLIC SAFETY,8
Jan, OFFENSES AGAINST THE PERSON,148
Jan, OFFENSES INVOLVING FRAUD,118
Jan, OFFENSES RELATED TO CHILDREN,56
Jan, OTHER OFFENSES RELATED TO THEF,160
Jan, OTHER STATE LAWS,9
Jan, OTHER STATE LAWS NON PENAL LA,28
Jan, OTHER TRAFFIC INFRACTION,1
Jan, PETIT LARCENY,13106
Jan, PETIT LARCENY OF MOTOR VEHICLE,16
Jan, POSSESSION OF STOLEN PROPERTY,511
Jan, PROSTITUTION & RELATED OFFENSES,4
Jan, ROBBERY,3630
Jan, THEFT OF SERVICES,7
Jan, THEFT-FRAUD,1114
Jan, UNAUTHORIZED USE OF A VEHICLE,344
Jan, UNLAWFUL POSS. WEAP. ON SCHOOL,2
Jan, VEHICLE AND TRAFFIC LAWS,914
Jul, ADMINISTRATIVE CODE,297
Jul, ADMINISTRATIVE CODES,1
Jul, AGRICULTURE & MRKTS LAW-UNCLASSIFIED,4
Jul, ALCOHOLIC BEVERAGE CONTROL LAW,5
Jul, ANTICIPATORY OFFENSES,1
Jul, ARSON,192
Jul, ASSAULT 3 & RELATED OFFENSES,10656
Jul, "BURGLARS TOOLS",45
Jul, BURGLARY,4537
Jul, CHILD ABANDONMENT/NON SUPPORT,10
Jul, CRIMINAL MISCHIEF & RELATED OF,11387
Jul, CRIMINAL TRESPASS,708
Jul, DANGEROUS DRUGS,1725
Jul, DANGEROUS WEAPONS,2054
Jul, DISORDERLY CONDUCT,4
Jul, DISRUPTION OF A RELIGIOUS SERV,1
Jul, ENDAN WELFARE INCOMP,3
Jul, ESCAPE 3,4
Jul, FELONY ASSAULT,3722
Jul, FORGERY,945
Jul, FRAUDS,495
Jul, FRAUDULENT ACCOSTING,8
Jul, GAMBLING,11
Jul, GRAND LARCENY,7271
Jul, GRAND LARCENY OF MOTOR VEHICLE,3001
Jul, HARRASSMENT 2,12758
Jul, INTOXICATED & IMPAIRED DRIVING,1312
Jul, JOSTLING,5
Jul, KIDNAPPING,2
Jul, KIDNAPPING & RELATED OFFENSES,41
Jul, LOITERING FOR DRUG PURPOSES,1
Jul, MISCELLANEOUS PENAL LAW,2789
Jul, NEW YORK CITY HEALTH CODE,1
Jul, NYS LAWS-UNCLASSIFIED FELONY,38
Jul, NYS LAWS-UNCLASSIFIED VIOLATION,2
Jul, OFF. AGNST PUB ORD SENSBLTY &,5209
Jul, OFFENSES AGAINST PUBLIC ADMINI,1443
Jul, OFFENSES AGAINST PUBLIC SAFETY,38
Jul, OFFENSES AGAINST THE PERSON,225
Jul, OFFENSES INVOLVING FRAUD,99
Jul, OFFENSES RELATED TO CHILDREN,49
Jul, OTHER OFFENSES RELATED TO THEF,149
Jul, OTHER STATE LAWS,6
Jul, OTHER STATE LAWS NON PENAL LA,24
Jul, OTHER TRAFFIC INFRACTION,1
Jul, PETIT LARCENY,15442
Jul, PETIT LARCENY OF MOTOR VEHICLE,22
Jul, POSSESSION OF STOLEN PROPERTY,508
Jul, PROSTITUTION & RELATED OFFENSES,8
Jul, ROBBERY,3566
Jul, THEFT OF SERVICES,13
Jul, THEFT-FRAUD,898
Jul, UNAUTHORIZED USE OF A VEHICLE,488
Jul, UNDER THE INFLUENCE OF DRUGS,1
Jul, UNLAWFUL POSS. WEAP. ON SCHOOL,1
Jul, VEHICLE AND TRAFFIC LAWS,1150
Jun, ADMINISTRATIVE CODE,263
Jun, ADMINISTRATIVE CODES,2
Jun, AGRICULTURE & MRKTS LAW-UNCLASSIFIED,6
Jun, ALCOHOLIC BEVERAGE CONTROL LAW,7
Jun, ANTICIPATORY OFFENSES,1
Jun, ARSON,209
Jun, ASSAULT 3 & RELATED OFFENSES,10230
Jun, "BURGLARS TOOLS",47
Jun, BURGLARY,4200
Jun, CHILD ABANDONMENT/NON SUPPORT,10
Jun, CRIMINAL MISCHIEF & RELATED OF,10956
Jun, CRIMINAL TRESPASS,738
Jun, DANGEROUS DRUGS,1694
Jun, DANGEROUS WEAPONS,1971
Jun, DISORDERLY CONDUCT,4
Jun, DISRUPTION OF A RELIGIOUS SERV,1
Jun, ENDAN WELFARE INCOMP,5
Jun, ESCAPE 3,5
Jun, FELONY ASSAULT,3562
Jun, FORGERY,909
Jun, FRAUDS,491
Jun, FRAUDULENT ACCOSTING,6
Jun, GAMBLING,12
Jun, GRAND LARCENY,7106
Jun, GRAND LARCENY OF MOTOR VEHICLE,2701
Jun, HARRASSMENT 2,12531
Jun, HOMICIDE-NEGLIGENT-VEHICLE,1
Jun, INTOXICATED & IMPAIRED DRIVING,1116
Jun, INTOXICATED/IMPAIRED DRIVING,2
Jun, JOSTLING,3
Jun, KIDNAPPING & RELATED OFFENSES,37
Jun, LOITERING/DEVIATE SEX,2
Jun, LOITERING/GAMBLING CARDS DIC,1
Jun, MISCELLANEOUS PENAL LAW,2599
Jun, NEW YORK CITY HEALTH CODE,2
Jun, NYS LAWS-UNCLASSIFIED FELONY,26
Jun, OFF. AGNST PUB ORD SENSBLTY &,5331
Jun, OFFENSES AGAINST PUBLIC ADMINI,1477
Jun, OFFENSES AGAINST PUBLIC SAFETY,12
Jun, OFFENSES AGAINST THE PERSON,194
Jun, OFFENSES INVOLVING FRAUD,116
Jun, OFFENSES RELATED TO CHILDREN,75
Jun, OTHER OFFENSES RELATED TO THEF,187
Jun, OTHER STATE LAWS,4
Jun, OTHER STATE LAWS NON PENAL LA,27
Jun, PETIT LARCENY,14292
Jun, PETIT LARCENY OF MOTOR VEHICLE,17
Jun, POSSESSION OF STOLEN PROPERTY,514
Jun, PROSTITUTION & RELATED OFFENSES,7
Jun, ROBBERY,3467
Jun, THEFT OF SERVICES,5
Jun, THEFT-FRAUD,906
Jun, UNAUTHORIZED USE OF A VEHICLE,400
Jun, UNLAWFUL POSS. WEAP. ON SCHOOL,1
Jun, VEHICLE AND TRAFFIC LAWS,1180
Mar, ADMINISTRATIVE CODE,267
Mar, AGRICULTURE & MRKTS LAW-UNCLASSIFIED,3
Mar, ALCOHOLIC BEVERAGE CONTROL LAW,8
Mar, ARSON,210
Mar, ASSAULT 3 & RELATED OFFENSES,9267
Mar, "BURGLARS TOOLS",53
Mar, BURGLARY,4044
Mar, CHILD ABANDONMENT/NON SUPPORT,5
Mar, CRIMINAL MISCHIEF & RELATED OF,10448
Mar, CRIMINAL TRESPASS,815
Mar, DANGEROUS DRUGS,1968
Mar, DANGEROUS WEAPONS,2122
Mar, DISORDERLY CONDUCT,9
Mar, ENDAN WELFARE INCOMP,3
Mar, ESCAPE 3,1
Mar, FELONY ASSAULT,2983
Mar, FORGERY,1208
Mar, FRAUDS,567
Mar, FRAUDULENT ACCOSTING,6
Mar, GAMBLING,11
Mar, GRAND LARCENY,6543
Mar, GRAND LARCENY OF MOTOR VEHICLE,2628
Mar, HARRASSMENT 2,11140
Mar, HOMICIDE-NEGLIGENT-VEHICLE,1
Mar, HOMICIDE-NEGLIGENTUNCLASSIFIE,1
Mar, INTOXICATED & IMPAIRED DRIVING,1666
Mar, INTOXICATED/IMPAIRED DRIVING,2
Mar, JOSTLING,7
Mar, KIDNAPPING & RELATED OFFENSES,35
Mar, LOITERING/DEVIATE SEX,7
Mar, LOITERING/GAMBLING CARDS DIC,1
Mar, MISCELLANEOUS PENAL LAW,2391
Mar, NEW YORK CITY HEALTH CODE,2
Mar, NYS LAWS-UNCLASSIFIED FELONY,35
Mar, OFF. AGNST PUB ORD SENSBLTY &,5435
Mar, OFFENSES AGAINST PUBLIC ADMINI,1385
Mar, OFFENSES AGAINST PUBLIC SAFETY,7
Mar, OFFENSES AGAINST THE PERSON,189
Mar, OFFENSES INVOLVING FRAUD,128
Mar, OFFENSES RELATED TO CHILDREN,103
Mar, OTHER OFFENSES RELATED TO THEF,193
Mar, OTHER STATE LAWS,10
Mar, OTHER STATE LAWS NON PENAL LA,24
Mar, PETIT LARCENY,13381
Mar, PETIT LARCENY OF MOTOR VEHICLE,15
Mar, POSSESSION OF STOLEN PROPERTY,476
Mar, PROSTITUTION & RELATED OFFENSES,13
Mar, ROBBERY,3171
Mar, THEFT OF SERVICES,15
Mar, THEFT-FRAUD,1076
Mar, UNAUTHORIZED USE OF A VEHICLE,364
Mar, UNLAWFUL POSS. WEAP. ON SCHOOL,2
Mar, VEHICLE AND TRAFFIC LAWS,908
May, ADMINISTRATIVE CODE,277
May, AGRICULTURE & MRKTS LAW-UNCLASSIFIED,2
May, ALCOHOLIC BEVERAGE CONTROL LAW,3
May, ANTICIPATORY OFFENSES,1
May, ARSON,209
May, ASSAULT 3 & RELATED OFFENSES,10475
May, "BURGLARS TOOLS",39
May, BURGLARY,4244
May, CHILD ABANDONMENT/NON SUPPORT,7
May, CRIMINAL MISCHIEF & RELATED OF,11055
May, CRIMINAL TRESPASS,779
May, DANGEROUS DRUGS,1922
May, DANGEROUS WEAPONS,2160
May, DISORDERLY CONDUCT,2
May, DISRUPTION OF A RELIGIOUS SERV,2
May, ENDAN WELFARE INCOMP,7
May, ESCAPE 3,1
May, FELONY ASSAULT,3571
May, FORGERY,1039
May, FRAUDS,473
May, FRAUDULENT ACCOSTING,9
May, GAMBLING,14
May, GRAND LARCENY,6992
May, GRAND LARCENY OF MOTOR VEHICLE,2800
May, HARRASSMENT 2,12333
May, HOMICIDE-NEGLIGENT-VEHICLE,2
May, INTOXICATED & IMPAIRED DRIVING,1453
May, INTOXICATED/IMPAIRED DRIVING,4
May, JOSTLING,2
May, KIDNAPPING & RELATED OFFENSES,51
May, LOITERING/DEVIATE SEX,1
May, LOITERING/GAMBLING CARDS DIC,1
May, MISCELLANEOUS PENAL LAW,2572
May, NYS LAWS-UNCLASSIFIED FELONY,42
May, OFF. AGNST PUB ORD SENSBLTY &,5247
May, OFFENSES AGAINST PUBLIC ADMINI,1527
May, OFFENSES AGAINST PUBLIC SAFETY,10
May, OFFENSES AGAINST THE PERSON,177
May, OFFENSES INVOLVING FRAUD,139
May, OFFENSES RELATED TO CHILDREN,45
May, OTHER OFFENSES RELATED TO THEF,171
May, OTHER STATE LAWS,5
May, OTHER STATE LAWS NON PENAL LA,26
May, PETIT LARCENY,14739
May, PETIT LARCENY OF MOTOR VEHICLE,20
May, POSSESSION OF STOLEN PROPERTY,518
May, PROSTITUTION & RELATED OFFENSES,19
May, ROBBERY,3449
May, THEFT OF SERVICES,21
May, THEFT-FRAUD,1035
May, UNAUTHORIZED USE OF A VEHICLE,426
May, UNLAWFUL POSS. WEAP. ON SCHOOL,2
May, VEHICLE AND TRAFFIC LAWS,1165
Nov, ADMINISTRATIVE CODE,242
Nov, ADMINISTRATIVE CODES,2
Nov, AGRICULTURE & MRKTS LAW-UNCLASSIFIED,4
Nov, ALCOHOLIC BEVERAGE CONTROL LAW,17
Nov, ARSON,216
Nov, ASSAULT 3 & RELATED OFFENSES,8751
Nov, "BURGLARS TOOLS",50
Nov, BURGLARY,4551
Nov, CHILD ABANDONMENT/NON SUPPORT,5
Nov, CRIMINAL MISCHIEF & RELATED OF,9776
Nov, CRIMINAL TRESPASS,663
Nov, DANGEROUS DRUGS,1706
Nov, DANGEROUS WEAPONS,1816
Nov, DISORDERLY CONDUCT,7
Nov, DISRUPTION OF A RELIGIOUS SERV,2
Nov, ENDAN WELFARE INCOMP,4
Nov, ESCAPE 3,4
Nov, FELONY ASSAULT,2953
Nov, FORGERY,883
Nov, FRAUDS,458
Nov, FRAUDULENT ACCOSTING,4
Nov, GAMBLING,6
Nov, GRAND LARCENY,7187
Nov, GRAND LARCENY OF MOTOR VEHICLE,2706
Nov, HARRASSMENT 2,10675
Nov, HOMICIDE-NEGLIGENT-VEHICLE,3
Nov, INTOXICATED & IMPAIRED DRIVING,1465
Nov, INTOXICATED/IMPAIRED DRIVING,3
Nov, JOSTLING,2
Nov, KIDNAPPING & RELATED OFFENSES,21
Nov, LOITERING/GAMBLING CARDS DIC,2
Nov, MISCELLANEOUS PENAL LAW,2294
Nov, NEW YORK CITY HEALTH CODE,2
Nov, NYS LAWS-UNCLASSIFIED FELONY,31
Nov, OFF. AGNST PUB ORD SENSBLTY &,4706
Nov, OFFENSES AGAINST PUBLIC ADMINI,1259
Nov, OFFENSES AGAINST PUBLIC SAFETY,3
Nov, OFFENSES AGAINST THE PERSON,182
Nov, OFFENSES INVOLVING FRAUD,90
Nov, OFFENSES RELATED TO CHILDREN,51
Nov, OTHER OFFENSES RELATED TO THEF,179
Nov, OTHER STATE LAWS,6
Nov, OTHER STATE LAWS NON PENAL LA,30
Nov, PETIT LARCENY,13778
Nov, PETIT LARCENY OF MOTOR VEHICLE,19
Nov, POSSESSION OF STOLEN PROPERTY,435
Nov, PROSTITUTION & RELATED OFFENSES,3
Nov, ROBBERY,3770
Nov, THEFT OF SERVICES,4
Nov, THEFT-FRAUD,869
Nov, UNAUTHORIZED USE OF A VEHICLE,355
Nov, UNLAWFUL POSS. WEAP. ON SCHOOL,1
Nov, VEHICLE AND TRAFFIC LAWS,1125
Oct, ADMINISTRATIVE CODE,285
Oct, ADMINISTRATIVE CODES,2
Oct, AGRICULTURE & MRKTS LAW-UNCLASSIFIED,4
Oct, ALCOHOLIC BEVERAGE CONTROL LAW,7
Oct, ANTICIPATORY OFFENSES,2
Oct, ARSON,201
Oct, ASSAULT 3 & RELATED OFFENSES,9493
Oct, "BURGLARS TOOLS",62
Oct, BURGLARY,4721
Oct, CHILD ABANDONMENT/NON SUPPORT,5
Oct, CRIMINAL MISCHIEF & RELATED OF,10666
Oct, CRIMINAL TRESPASS,734
Oct, DANGEROUS DRUGS,2000
Oct, DANGEROUS WEAPONS,2095
Oct, DISORDERLY CONDUCT,10
Oct, DISRUPTION OF A RELIGIOUS SERV,2
Oct, ENDAN WELFARE INCOMP,4
Oct, ESCAPE 3,2
Oct, FELONY ASSAULT,3149
Oct, FORGERY,951
Oct, FRAUDS,489
Oct, FRAUDULENT ACCOSTING,11
Oct, GAMBLING,8
Oct, GRAND LARCENY,7797
Oct, GRAND LARCENY OF MOTOR VEHICLE,2960
Oct, HARRASSMENT 2,11850
Oct, HOMICIDE-NEGLIGENT-VEHICLE,3
Oct, INTOXICATED & IMPAIRED DRIVING,1537
Oct, JOSTLING,6
Oct, KIDNAPPING & RELATED OFFENSES,46
Oct, LOITERING,1
Oct, LOITERING/GAMBLING CARDS DIC,1
Oct, MISCELLANEOUS PENAL LAW,2498
Oct, NEW YORK CITY HEALTH CODE,2
Oct, NYS LAWS-UNCLASSIFIED FELONY,34
Oct, OFF. AGNST PUB ORD SENSBLTY &,5152
Oct, OFFENSES AGAINST PUBLIC ADMINI,1356
Oct, OFFENSES AGAINST PUBLIC SAFETY,2
Oct, OFFENSES AGAINST THE PERSON,188
Oct, OFFENSES INVOLVING FRAUD,121
Oct, OFFENSES RELATED TO CHILDREN,48
Oct, OTHER OFFENSES RELATED TO THEF,190
Oct, OTHER STATE LAWS,2
Oct, OTHER STATE LAWS NON PENAL LA,21
Oct, PETIT LARCENY,14957
Oct, PETIT LARCENY OF MOTOR VEHICLE,30
Oct, POSSESSION OF STOLEN PROPERTY,463
Oct, PROSTITUTION & RELATED OFFENSES,10
Oct, ROBBERY,4001
Oct, THEFT OF SERVICES,7
Oct, THEFT-FRAUD,895
Oct, UNAUTHORIZED USE OF A VEHICLE,392
Oct, UNLAWFUL POSS. WEAP. ON SCHOOL,1
Oct, VEHICLE AND TRAFFIC LAWS,1136
Sep, ADMINISTRATIVE CODE,278
Sep, ADMINISTRATIVE CODES,1
Sep, AGRICULTURE & MRKTS LAW-UNCLASSIFIED,2
Sep, ALCOHOLIC BEVERAGE CONTROL LAW,4
Sep, ANTICIPATORY OFFENSES,1
Sep, ARSON,227
Sep, ASSAULT 3 & RELATED OFFENSES,9576
Sep, "BURGLARS TOOLS",59
Sep, BURGLARY,4296
Sep, CHILD ABANDONMENT/NON SUPPORT,3
Sep, CRIMINAL MISCHIEF & RELATED OF,10244
Sep, CRIMINAL TRESPASS,659
Sep, DANGEROUS DRUGS,1708
Sep, DANGEROUS WEAPONS,1909
Sep, DISORDERLY CONDUCT,4
Sep, DISRUPTION OF A RELIGIOUS SERV,2
Sep, ENDAN WELFARE INCOMP,2
Sep, FELONY ASSAULT,3338
Sep, FORGERY,908
Sep, FORTUNE TELLING,1
Sep, FRAUDS,496
Sep, FRAUDULENT ACCOSTING,8
Sep, GAMBLING,10
Sep, GRAND LARCENY,7473
Sep, GRAND LARCENY OF MOTOR VEHICLE,3065
Sep, HARRASSMENT 2,12253
Sep, HOMICIDE-NEGLIGENT-VEHICLE,3
Sep, HOMICIDE-NEGLIGENTUNCLASSIFIE,2
Sep, INTOXICATED & IMPAIRED DRIVING,1281
Sep, JOSTLING,6
Sep, KIDNAPPING,1
Sep, KIDNAPPING & RELATED OFFENSES,33
Sep, LOITERING/DEVIATE SEX,1
Sep, LOITERING/GAMBLING CARDS DIC,1
Sep, MISCELLANEOUS PENAL LAW,2583
Sep, NYS LAWS-UNCLASSIFIED FELONY,21
Sep, NYS LAWS-UNCLASSIFIED VIOLATION,1
Sep, OFF. AGNST PUB ORD SENSBLTY &,5130
Sep, OFFENSES AGAINST PUBLIC ADMINI,1450
Sep, OFFENSES AGAINST PUBLIC SAFETY,4
Sep, OFFENSES AGAINST THE PERSON,205
Sep, OFFENSES INVOLVING FRAUD,100
Sep, OFFENSES RELATED TO CHILDREN,32
Sep, OTHER OFFENSES RELATED TO THEF,182
Sep, OTHER STATE LAWS,6
Sep, OTHER STATE LAWS NON PENAL LA,28
Sep, PETIT LARCENY,14395
Sep, PETIT LARCENY OF MOTOR VEHICLE,14
Sep, POSSESSION OF STOLEN PROPERTY,449
Sep, PROSTITUTION & RELATED OFFENSES,12
Sep, ROBBERY,3752
Sep, THEFT OF SERVICES,7
Sep, THEFT-FRAUD,881
Sep, UNAUTHORIZED USE OF A VEHICLE,418
Sep, UNLAWFUL POSS. WEAP. ON SCHOOL,1
Sep, VEHICLE AND TRAFFIC LAWS,1107
