ADMINISTRATIVE CODE, P.O. SERRANO PLAYGROUND,1
AGRICULTURE & MRKTS LAW-UNCLASSIFIED, JOYCE KILMER PARK,1
AGRICULTURE & MRKTS LAW-UNCLASSIFIED, MACOMBS DAM PARK,1
AGRICULTURE & MRKTS LAW-UNCLASSIFIED, WILLIAMSBRIDGE OVAL,1
ARSON, RICHMAN ECHO PARK,1
ARSON, VAN CORTLANDT PARK,1
ASSAULT 3 & RELATED OFFENSES, AQUEDUCT WALK,2
ASSAULT 3 & RELATED OFFENSES, ARCILLA PLAYGROUND,2
ASSAULT 3 & RELATED OFFENSES, BARRETTO PARK,1
ASSAULT 3 & RELATED OFFENSES, BATHGATE PLAYGROUND,1
ASSAULT 3 & RELATED OFFENSES, BENJAMIN GLADSTONE SQUARE,1
ASSAULT 3 & RELATED OFFENSES, BRONX PARK,6
ASSAULT 3 & RELATED OFFENSES, BUFANO PARK,2
ASSAULT 3 & RELATED OFFENSES, BURNS PLAYGROUND,1
ASSAULT 3 & RELATED OFFENSES, CASTLE HILL PLAYGROUND,1
ASSAULT 3 & RELATED OFFENSES, CEDAR PLAYGROUND,2
ASSAULT 3 & RELATED OFFENSES, CLAREMONT PARK,10
ASSAULT 3 & RELATED OFFENSES, CLEOPATRA PLAYGROUND,1
ASSAULT 3 & RELATED OFFENSES, COLGATE CLOSE,1
ASSAULT 3 & RELATED OFFENSES, CROTONA PARK,10
ASSAULT 3 & RELATED OFFENSES, CROTONA PARKWAY MALLS,1
ASSAULT 3 & RELATED OFFENSES, "DAURIA-MURPHY TRIANGLE",1
ASSAULT 3 & RELATED OFFENSES, DAWSON PLAYGROUND,1
ASSAULT 3 & RELATED OFFENSES, DEVOE PARK,2
ASSAULT 3 & RELATED OFFENSES, DREW PLAYGROUND,4
ASSAULT 3 & RELATED OFFENSES, EASTCHESTER PLAYGROUND,1
ASSAULT 3 & RELATED OFFENSES, ECHO TRIANGLE,2
ASSAULT 3 & RELATED OFFENSES, EDENWALD PLAYGROUND,1
ASSAULT 3 & RELATED OFFENSES, EWEN PARK,1
ASSAULT 3 & RELATED OFFENSES, FERRY POINT PARK,2
ASSAULT 3 & RELATED OFFENSES, FLYNN PLAYGROUND,1
ASSAULT 3 & RELATED OFFENSES, FOX PLAYGROUND BRONX,3
ASSAULT 3 & RELATED OFFENSES, FRANZ SIGEL PARK,4
ASSAULT 3 & RELATED OFFENSES, GALILEO PLAYGROUND,1
ASSAULT 3 & RELATED OFFENSES, GOBLE PLAYGROUND,1
ASSAULT 3 & RELATED OFFENSES, GOUVERNEUR PLAYGROUND,1
ASSAULT 3 & RELATED OFFENSES, HAFFEN PARK,1
ASSAULT 3 & RELATED OFFENSES, HARRIS PARK,1
ASSAULT 3 & RELATED OFFENSES, HINES PARK,2
ASSAULT 3 & RELATED OFFENSES, JEROME PARK,2
ASSAULT 3 & RELATED OFFENSES, JEROME SLOPE,1
ASSAULT 3 & RELATED OFFENSES, JOSEPH RODMAN DRAKE PARK,1
ASSAULT 3 & RELATED OFFENSES, JOYCE KILMER PARK,6
ASSAULT 3 & RELATED OFFENSES, LYONS SQUARE PLAYGROUND,1
ASSAULT 3 & RELATED OFFENSES, MACOMBS DAM PARK,7
ASSAULT 3 & RELATED OFFENSES, MATTHEWS MULINER PLAYGROUND,2
ASSAULT 3 & RELATED OFFENSES, MCKINLEY SQUARE,1
ASSAULT 3 & RELATED OFFENSES, MOUNT HOPE PLAYGROUND,1
ASSAULT 3 & RELATED OFFENSES, MULLALY PARK,14
ASSAULT 3 & RELATED OFFENSES, NELSON PLAYGROUND,2
ASSAULT 3 & RELATED OFFENSES, NOBLE PLAYGROUND,1
ASSAULT 3 & RELATED OFFENSES, OGDEN PLIMPTON PLAYGROUND,1
ASSAULT 3 & RELATED OFFENSES, P.O. SERRANO PLAYGROUND,1
ASSAULT 3 & RELATED OFFENSES, PELHAM BAY PARK,2
ASSAULT 3 & RELATED OFFENSES, PELHAM PARKWAY,1
ASSAULT 3 & RELATED OFFENSES, "PEOPLES PARK",1
ASSAULT 3 & RELATED OFFENSES, PLAYGROUND 52 LII,3
ASSAULT 3 & RELATED OFFENSES, POE PARK,1
ASSAULT 3 & RELATED OFFENSES, "PRINTERS PARK",2
ASSAULT 3 & RELATED OFFENSES, RAINEY PARK BRONX,9
ASSAULT 3 & RELATED OFFENSES, RANAQUA PARK,1
ASSAULT 3 & RELATED OFFENSES, RICHMAN ECHO PARK,2
ASSAULT 3 & RELATED OFFENSES, RIVER AVENUE PARKS,1
ASSAULT 3 & RELATED OFFENSES, ROCK GARDEN PARK,1
ASSAULT 3 & RELATED OFFENSES, SETON PARK,3
ASSAULT 3 & RELATED OFFENSES, SLATTERY PLAYGROUND,2
ASSAULT 3 & RELATED OFFENSES, SOUNDVIEW PARK,4
ASSAULT 3 & RELATED OFFENSES, ST. JAMES PARK,12
ASSAULT 3 & RELATED OFFENSES, "ST. MARYS PARK BRONX",13
ASSAULT 3 & RELATED OFFENSES, TAYLOR PLAYGROUND,1
ASSAULT 3 & RELATED OFFENSES, THE PEARLY GATES,1
ASSAULT 3 & RELATED OFFENSES, TIFFANY PLAYGROUND,1
ASSAULT 3 & RELATED OFFENSES, TREMONT PARK,5
ASSAULT 3 & RELATED OFFENSES, UNNAMED PARK ON BRUCKNER EXPRESSWAY WEST OF MORRISON AVENUE,2
ASSAULT 3 & RELATED OFFENSES, VAN CORTLANDT PARK,5
ASSAULT 3 & RELATED OFFENSES, WALTON PARK,1
ASSAULT 3 & RELATED OFFENSES, WATSON GLEASON PLAYGROUND,2
ASSAULT 3 & RELATED OFFENSES, WAVE HILL,1
ASSAULT 3 & RELATED OFFENSES, WEBSTER PLAYGROUND,1
ASSAULT 3 & RELATED OFFENSES, WILLIAMSBRIDGE OVAL,17
ASSAULT 3 & RELATED OFFENSES, WILLIS PLAYGROUND,1
ASSAULT 3 & RELATED OFFENSES, ZIMMERMAN PLAYGROUND,2
BURGLARY, CROTONA PARK,1
BURGLARY, EL BATEY BORINCANO GARDEN,1
BURGLARY, FERRY POINT PARK,1
BURGLARY, HUNTS POINT PLAYGROUND,1
BURGLARY, MOUNT EDEN MALLS,1
BURGLARY, PELHAM BAY LITTLE LEAGUE,1
BURGLARY, POE PARK,1
BURGLARY, "ST. MARYS PARK BRONX",2
BURGLARY, UNNAMED PARK ON E 175TH STREET,1
BURGLARY, VAN CORTLANDT PARK,5
CRIMINAL MISCHIEF & RELATED OF, ADMIRAL FARRAGUT PLAYGROUND,1
CRIMINAL MISCHIEF & RELATED OF, BEHAGEN PLAYGROUND,1
CRIMINAL MISCHIEF & RELATED OF, BRONX PARK,8
CRIMINAL MISCHIEF & RELATED OF, BRONX RIVER PARKWAY,2
CRIMINAL MISCHIEF & RELATED OF, CASTLE HILL LITTLE LEAGUE FIELD,1
CRIMINAL MISCHIEF & RELATED OF, CLAREMONT PARK,3
CRIMINAL MISCHIEF & RELATED OF, CROTONA PARK,7
CRIMINAL MISCHIEF & RELATED OF, "DAURIA-MURPHY TRIANGLE",1
CRIMINAL MISCHIEF & RELATED OF, DEVOE PARK,1
CRIMINAL MISCHIEF & RELATED OF, EAE J MITCHELL PARK,1
CRIMINAL MISCHIEF & RELATED OF, FERRY POINT PARK,1
CRIMINAL MISCHIEF & RELATED OF, GIVANS CREEK WOODS,1
CRIMINAL MISCHIEF & RELATED OF, GOUVERNEUR PLAYGROUND,1
CRIMINAL MISCHIEF & RELATED OF, HAFFEN PARK,1
CRIMINAL MISCHIEF & RELATED OF, HILTON WHITE PLAYGROUND,1
CRIMINAL MISCHIEF & RELATED OF, JOYCE KILMER PARK,1
CRIMINAL MISCHIEF & RELATED OF, LORETO PLAYGROUND,1
CRIMINAL MISCHIEF & RELATED OF, MACOMBS DAM PARK,2
CRIMINAL MISCHIEF & RELATED OF, MOSHOLU PARKWAY,2
CRIMINAL MISCHIEF & RELATED OF, MOSHOLU PLAYGROUND,1
CRIMINAL MISCHIEF & RELATED OF, MULLALY PARK,1
CRIMINAL MISCHIEF & RELATED OF, PELHAM BAY PARK,3
CRIMINAL MISCHIEF & RELATED OF, PELHAM PARKWAY,2
CRIMINAL MISCHIEF & RELATED OF, "PEOPLES PARK",1
CRIMINAL MISCHIEF & RELATED OF, PUGSLEY CREEK PARK,1
CRIMINAL MISCHIEF & RELATED OF, RAINEY PARK BRONX,1
CRIMINAL MISCHIEF & RELATED OF, SETON FALLS PARK,2
CRIMINAL MISCHIEF & RELATED OF, SETON PARK,2
CRIMINAL MISCHIEF & RELATED OF, SOUNDVIEW PARK,1
CRIMINAL MISCHIEF & RELATED OF, ST. JAMES PARK,1
CRIMINAL MISCHIEF & RELATED OF, "ST. MARYS PARK BRONX",3
CRIMINAL MISCHIEF & RELATED OF, STARLIGHT PARK,1
CRIMINAL MISCHIEF & RELATED OF, UNNAMED PARK ON CROSS BRONX EXPRESSWAY & ANTHONY AVENUE,1
CRIMINAL MISCHIEF & RELATED OF, UNNAMED PARK ON SOUNDVIEW AVENUE,1
CRIMINAL MISCHIEF & RELATED OF, VAN CORTLANDT PARK,4
CRIMINAL MISCHIEF & RELATED OF, WILLIAMSBRIDGE OVAL,3
CRIMINAL MISCHIEF & RELATED OF, WILLIS PLAYGROUND,2
CRIMINAL TRESPASS, ARCILLA PLAYGROUND,5
CRIMINAL TRESPASS, BAILEY PLAYGROUND,1
CRIMINAL TRESPASS, BEHAGEN PLAYGROUND,1
CRIMINAL TRESPASS, BRONX PARK,1
CRIMINAL TRESPASS, CHIEF DENNIS L. DEVLIN PARK,4
CRIMINAL TRESPASS, CICCARONE PARK,1
CRIMINAL TRESPASS, CLAREMONT PARK,34
CRIMINAL TRESPASS, CONCRETE PLANT PARK,1
CRIMINAL TRESPASS, CROTONA PARK,3
CRIMINAL TRESPASS, FRANZ SIGEL PARK,15
CRIMINAL TRESPASS, GOBLE PLAYGROUND,2
CRIMINAL TRESPASS, GRANT PARK,2
CRIMINAL TRESPASS, HAVEMEYER PLAYGROUND,1
CRIMINAL TRESPASS, HIGHBRIDGE PARK BRONX SIDE,2
CRIMINAL TRESPASS, INWOOD PARK,3
CRIMINAL TRESPASS, JOYCE KILMER PARK,7
CRIMINAL TRESPASS, MACOMBS DAM PARK,3
CRIMINAL TRESPASS, MAGENTA PLAYGROUND,1
CRIMINAL TRESPASS, MAPES POOL,1
CRIMINAL TRESPASS, MERRIAM PLAYGROUND,18
CRIMINAL TRESPASS, MOTT PLAYGROUND,6
CRIMINAL TRESPASS, MULLALY PARK,27
CRIMINAL TRESPASS, OGDEN PLIMPTON PLAYGROUND,1
CRIMINAL TRESPASS, PATTERSON PLAYGROUND,1
CRIMINAL TRESPASS, PLIMPTON PLAYGROUND,7
CRIMINAL TRESPASS, "PRINTERS PARK",1
CRIMINAL TRESPASS, QUARRY BALLFIELDS,1
CRIMINAL TRESPASS, RAILROAD PARK BRONX,1
CRIMINAL TRESPASS, RIVER AVENUE PARKS,4
CRIMINAL TRESPASS, ST. JAMES PARK,1
CRIMINAL TRESPASS, "ST. MARYS PARK BRONX",4
CRIMINAL TRESPASS, STARLIGHT PARK,2
CRIMINAL TRESPASS, TREMONT PARK,4
CRIMINAL TRESPASS, UNNAMED PARK ON E 170TH STREET,1
CRIMINAL TRESPASS, UNNAMED PARK ON WEST MOUNT EDEN AVENUE,1
CRIMINAL TRESPASS, WATSON GLEASON PLAYGROUND,1
DANGEROUS DRUGS, ABIGAIL PLAYGROUND,1
DANGEROUS DRUGS, ADMIRAL FARRAGUT PLAYGROUND,1
DANGEROUS DRUGS, AGNES HAYWOOD PLAYGROUND,2
DANGEROUS DRUGS, ALLERTON PLAYGROUND,2
DANGEROUS DRUGS, AQUEDUCT WALK,31
DANGEROUS DRUGS, ARCILLA PLAYGROUND,2
DANGEROUS DRUGS, BEANSTALK PLAYGROUND,2
DANGEROUS DRUGS, BEATTY PLAZA,1
DANGEROUS DRUGS, BEHAGEN PLAYGROUND,2
DANGEROUS DRUGS, BELMONT PLAYGROUND BRONX,4
DANGEROUS DRUGS, BICENTENNIAL VETERANS MEMORIAL PARK,1
DANGEROUS DRUGS, BRONX PARK,31
DANGEROUS DRUGS, BRONX RIVER PARKWAY,16
DANGEROUS DRUGS, BRUST PARK,1
DANGEROUS DRUGS, BUFANO PARK,2
DANGEROUS DRUGS, CAPTAIN RIVERA PLAYGROUND,1
DANGEROUS DRUGS, CASERTA PLAYGROUND,1
DANGEROUS DRUGS, CASTLE HILL PLAYGROUND,1
DANGEROUS DRUGS, CEDAR PLAYGROUND,1
DANGEROUS DRUGS, CHIEF DENNIS L. DEVLIN PARK,5
DANGEROUS DRUGS, CLAREMONT PARK,52
DANGEROUS DRUGS, CONCRETE PLANT PARK,6
DANGEROUS DRUGS, CROTONA PARK,29
DANGEROUS DRUGS, CROTONA PARKWAY MALLS,3
DANGEROUS DRUGS, DEVANNEY TRIANGLE,1
DANGEROUS DRUGS, DEVOE PARK,8
DANGEROUS DRUGS, EASTCHESTER PLAYGROUND,1
DANGEROUS DRUGS, ECHO TRIANGLE,20
DANGEROUS DRUGS, ESTELLA DIGGS PARK,5
DANGEROUS DRUGS, EWEN PARK,28
DANGEROUS DRUGS, FAIRMOUNT PLAYGROUND,8
DANGEROUS DRUGS, FORDHAM BEDFORD LOT BUSTERS,1
DANGEROUS DRUGS, FORDHAM LANDING PLAYGROUND,1
DANGEROUS DRUGS, FORT INDEPENDENCE PLAYGROUND,1
DANGEROUS DRUGS, FOX PLAYGROUND BRONX,1
DANGEROUS DRUGS, FRANZ SIGEL PARK,39
DANGEROUS DRUGS, GOBLE PLAYGROUND,2
DANGEROUS DRUGS, GRAND PLAYGROUND,1
DANGEROUS DRUGS, GRANT PARK,8
DANGEROUS DRUGS, GROVE HILL PLAYGROUND,2
DANGEROUS DRUGS, HACKETT PARK,1
DANGEROUS DRUGS, HAFFEN PARK,1
DANGEROUS DRUGS, HALF-NELSON PLAYGROUND,2
DANGEROUS DRUGS, HARRIS PARK,5
DANGEROUS DRUGS, HAVEMEYER PLAYGROUND,1
DANGEROUS DRUGS, HENRY HUDSON PARK,1
DANGEROUS DRUGS, HIGHBRIDGE PARK BRONX SIDE,2
DANGEROUS DRUGS, HINES PARK,1
DANGEROUS DRUGS, HORSESHOE PLAYGROUND,1
DANGEROUS DRUGS, HUNTS POINT PLAYGROUND,2
DANGEROUS DRUGS, INWOOD PARK,4
DANGEROUS DRUGS, JOYCE KILMER PARK,3
DANGEROUS DRUGS, LORETO PLAYGROUND,2
DANGEROUS DRUGS, LOZADA PLAYGROUND,1
DANGEROUS DRUGS, LYONS SQUARE PLAYGROUND,9
DANGEROUS DRUGS, MACOMBS DAM PARK,94
DANGEROUS DRUGS, MAGENTA PLAYGROUND,2
DANGEROUS DRUGS, MARBLE HILL PLAYGROUND,4
DANGEROUS DRUGS, MERRIAM PLAYGROUND,13
DANGEROUS DRUGS, MILLBROOK PLAYGROUND,1
DANGEROUS DRUGS, MORRIS GARDEN,2
DANGEROUS DRUGS, MORRIS MESA,1
DANGEROUS DRUGS, MOSHOLU PARKWAY,19
DANGEROUS DRUGS, MOSHOLU PLAYGROUND,5
DANGEROUS DRUGS, MOTT PLAYGROUND,3
DANGEROUS DRUGS, MOUNT EDEN MALLS,2
DANGEROUS DRUGS, MOUNT HOPE GARDEN,1
DANGEROUS DRUGS, MULLALY PARK,11
DANGEROUS DRUGS, NELSON PLAYGROUND,3
DANGEROUS DRUGS, OGDEN PLIMPTON PLAYGROUND,1
DANGEROUS DRUGS, P.O. SERRANO PLAYGROUND,3
DANGEROUS DRUGS, PARKSIDE PLAYGROUND BRONX,1
DANGEROUS DRUGS, PATTERSON PLAYGROUND,5
DANGEROUS DRUGS, PELHAM BAY PARK,4
DANGEROUS DRUGS, PELHAM PARKWAY,7
DANGEROUS DRUGS, PLAYGROUND 52 LII,4
DANGEROUS DRUGS, PLAYGROUND ONE THIRTY FOUR CXXXIV,1
DANGEROUS DRUGS, PLIMPTON PLAYGROUND,4
DANGEROUS DRUGS, PONTIAC PLAYGROUND,3
DANGEROUS DRUGS, "PRINTERS PARK",2
DANGEROUS DRUGS, PUGSLEY CREEK PARK,2
DANGEROUS DRUGS, PULASKI PARK,3
DANGEROUS DRUGS, QUARRY BALLFIELDS,9
DANGEROUS DRUGS, RAILROAD PARK BRONX,1
DANGEROUS DRUGS, RAINEY PARK BRONX,8
DANGEROUS DRUGS, RAOUL WALLENBERG FOREST,1
DANGEROUS DRUGS, REV J POLITE PLAYGROUND,1
DANGEROUS DRUGS, REV LENA IRONS UNITY PARK,1
DANGEROUS DRUGS, RICHMAN ECHO PARK,25
DANGEROUS DRUGS, RIVER AVENUE PARKS,12
DANGEROUS DRUGS, RIVERDALE PARK,2
DANGEROUS DRUGS, RIVERDALE PLAYGROUND,1
DANGEROUS DRUGS, ROCK GARDEN PARK,1
DANGEROUS DRUGS, SAW MILL PLAYGROUND,2
DANGEROUS DRUGS, SETON FALLS PARK,6
DANGEROUS DRUGS, SETON PARK,5
DANGEROUS DRUGS, SLATTERY PLAYGROUND,4
DANGEROUS DRUGS, SOUNDVIEW PARK,7
DANGEROUS DRUGS, ST. JAMES PARK,26
DANGEROUS DRUGS, "ST. MARYS PARK BRONX",47
DANGEROUS DRUGS, STARLIGHT PARK,6
DANGEROUS DRUGS, STARS & STRIPES PLAYGROUND,1
DANGEROUS DRUGS, STORY PLAYGROUND,1
DANGEROUS DRUGS, THE PEARLY GATES,1
DANGEROUS DRUGS, TREMONT PARK,29
DANGEROUS DRUGS, UNIVERSITY WOODS,3
DANGEROUS DRUGS, UNNAMED PARK ON CROSS BRONX EXPRESSWAY & ANTHONY AVENUE,1
DANGEROUS DRUGS, UNNAMED PARK ON CROSS BRONX EXPRESSWAY SERVICE RD & ROSEDALE AVENUE,1
DANGEROUS DRUGS, UNNAMED PARK ON E 170TH STREET,1
DANGEROUS DRUGS, UNNAMED PARK ON E 177TH STREET,1
DANGEROUS DRUGS, UNNAMED PARK ON FETHERBED LANE,1
DANGEROUS DRUGS, UNNAMED PARK ON MAJOR DEEGAN EXPRESSWAY,1
DANGEROUS DRUGS, UNNAMED PARK ON NELSON AVENUE,1
DANGEROUS DRUGS, UNNAMED PARK ON SUMMIT AVENUE,6
DANGEROUS DRUGS, VAN CORTLANDT PARK,75
DANGEROUS DRUGS, VIDALIA PARK,2
DANGEROUS DRUGS, VINMONT VETERAN PARK,1
DANGEROUS DRUGS, VIRGINIA PARK,1
DANGEROUS DRUGS, WAKEFIELD PLAYGROUND,1
DANGEROUS DRUGS, WALTON PARK,2
DANGEROUS DRUGS, WASHINGTON PARK BRONX,1
DANGEROUS DRUGS, "WASHINGTONS WALK",12
DANGEROUS DRUGS, WATSON GLEASON PLAYGROUND,2
DANGEROUS DRUGS, WHALEN PARK,5
DANGEROUS DRUGS, WILLIAMSBRIDGE OVAL,7
DANGEROUS DRUGS, WILLIS PLAYGROUND,2
DANGEROUS DRUGS, WOOD PARK,1
DANGEROUS WEAPONS, ALLERTON PLAYGROUND,1
DANGEROUS WEAPONS, AQUEDUCT WALK,2
DANGEROUS WEAPONS, BEHAGEN PLAYGROUND,2
DANGEROUS WEAPONS, BELMONT PLAYGROUND BRONX,2
DANGEROUS WEAPONS, BRONX PARK,6
DANGEROUS WEAPONS, CAPTAIN RIVERA PLAYGROUND,3
DANGEROUS WEAPONS, CASTLE HILL PARK,1
DANGEROUS WEAPONS, CHARLTON GARDEN,1
DANGEROUS WEAPONS, CHIEF DENNIS L. DEVLIN PARK,2
DANGEROUS WEAPONS, CLAREMONT NEIGHBORHOOD GARDEN,1
DANGEROUS WEAPONS, CLAREMONT PARK,19
DANGEROUS WEAPONS, COLUCCI PLAYGROUND,3
DANGEROUS WEAPONS, CROTONA PARK,15
DANGEROUS WEAPONS, DEVOE PARK,3
DANGEROUS WEAPONS, ECHO TRIANGLE,2
DANGEROUS WEAPONS, EWEN PARK,2
DANGEROUS WEAPONS, FRANZ SIGEL PARK,12
DANGEROUS WEAPONS, GOBLE PLAYGROUND,2
DANGEROUS WEAPONS, GRANT PARK,3
DANGEROUS WEAPONS, HAFFEN PARK,1
DANGEROUS WEAPONS, HARDING PARK,1
DANGEROUS WEAPONS, HARRIS PARK,1
DANGEROUS WEAPONS, HILTON WHITE PLAYGROUND,1
DANGEROUS WEAPONS, HORSESHOE PLAYGROUND,1
DANGEROUS WEAPONS, JOYCE KILMER PARK,13
DANGEROUS WEAPONS, MACOMBS DAM PARK,3
DANGEROUS WEAPONS, MCKINLEY SQUARE,1
DANGEROUS WEAPONS, MERRIAM PLAYGROUND,3
DANGEROUS WEAPONS, MOTT PLAYGROUND,1
DANGEROUS WEAPONS, MULLALY PARK,10
DANGEROUS WEAPONS, PATTERSON PLAYGROUND,1
DANGEROUS WEAPONS, PELHAM BAY PARK,3
DANGEROUS WEAPONS, "PEOPLES PARK",1
DANGEROUS WEAPONS, PLAYGROUND 174,1
DANGEROUS WEAPONS, PLIMPTON PLAYGROUND,1
DANGEROUS WEAPONS, PONTIAC PLAYGROUND,1
DANGEROUS WEAPONS, "PRINTERS PARK",1
DANGEROUS WEAPONS, PUGSLEY CREEK PARK,3
DANGEROUS WEAPONS, QUARRY BALLFIELDS,4
DANGEROUS WEAPONS, RAINEY PARK BRONX,3
DANGEROUS WEAPONS, RICHMAN ECHO PARK,1
DANGEROUS WEAPONS, RIVER AVENUE PARKS,1
DANGEROUS WEAPONS, RIVERDALE PARK,1
DANGEROUS WEAPONS, SAW MILL PLAYGROUND,2
DANGEROUS WEAPONS, SETON PARK,2
DANGEROUS WEAPONS, SLATTERY PLAYGROUND,1
DANGEROUS WEAPONS, SOUNDVIEW PARK,4
DANGEROUS WEAPONS, ST. JAMES PARK,5
DANGEROUS WEAPONS, "ST. MARYS PARK BRONX",28
DANGEROUS WEAPONS, STARLIGHT PARK,1
DANGEROUS WEAPONS, TREMONT PARK,4
DANGEROUS WEAPONS, UNIVERSITY WOODS,1
DANGEROUS WEAPONS, UNNAMED PARK ON BRUCKNER EXPRESSWAY WEST OF MORRISON AVENUE,1
DANGEROUS WEAPONS, UNNAMED PARK ON SUMMIT AVENUE,1
DANGEROUS WEAPONS, VAN CORTLANDT PARK,15
DANGEROUS WEAPONS, "WASHINGTONS WALK",2
DANGEROUS WEAPONS, WEBSTER PLAYGROUND,1
DANGEROUS WEAPONS, WHALEN PARK,1
DANGEROUS WEAPONS, WILLIAMSBRIDGE OVAL,3
DANGEROUS WEAPONS, WILLIS PLAYGROUND,3
DISORDERLY CONDUCT, CROTONA PARK,1
FELONY ASSAULT, AQUEDUCT WALK,2
FELONY ASSAULT, BARRETTO POINT PARK,1
FELONY ASSAULT, BRONX PARK,8
FELONY ASSAULT, BRONX RIVER PARKWAY,1
FELONY ASSAULT, BUFANO PARK,1
FELONY ASSAULT, BURNS PLAYGROUND,1
FELONY ASSAULT, CAPTAIN RIVERA PLAYGROUND,1
FELONY ASSAULT, CASERTA PLAYGROUND,1
FELONY ASSAULT, CITY ISLAND WETLANDS,1
FELONY ASSAULT, CLAREMONT PARK,14
FELONY ASSAULT, CROTONA PARK,12
FELONY ASSAULT, DEVANNEY TRIANGLE,1
FELONY ASSAULT, DEVOE PARK,4
FELONY ASSAULT, EAE J MITCHELL PARK,1
FELONY ASSAULT, ECHO TRIANGLE,1
FELONY ASSAULT, EDENWALD PLAYGROUND,1
FELONY ASSAULT, EWEN PARK,1
FELONY ASSAULT, FERRY POINT PARK,3
FELONY ASSAULT, FRANZ SIGEL PARK,7
FELONY ASSAULT, GALILEO PLAYGROUND,1
FELONY ASSAULT, GOUVERNEUR PLAYGROUND,1
FELONY ASSAULT, GRANT PARK,1
FELONY ASSAULT, GUN HILL PLAYGROUND,1
FELONY ASSAULT, HAFFEN PARK,3
FELONY ASSAULT, HALF-NELSON PLAYGROUND,1
FELONY ASSAULT, HOE AVE NORTH TOT LOTS,1
FELONY ASSAULT, HUNTS POINT PLAYGROUND,1
FELONY ASSAULT, JAMES BURKE BALLFIELD,1
FELONY ASSAULT, JOYCE KILMER PARK,3
FELONY ASSAULT, KELTCH PARK,1
FELONY ASSAULT, LYONS SQUARE PLAYGROUND,2
FELONY ASSAULT, MACOMBS DAM PARK,2
FELONY ASSAULT, MATTHEWS MULINER PLAYGROUND,1
FELONY ASSAULT, MILL POND PARK,1
FELONY ASSAULT, "MODEL T SENIOR CITIZENS GARDEN",1
FELONY ASSAULT, MOSHOLU PARKWAY,1
FELONY ASSAULT, MOUNT HOPE PLAYGROUND,1
FELONY ASSAULT, MULLALY PARK,11
FELONY ASSAULT, NELSON PLAYGROUND,2
FELONY ASSAULT, NOBLE PLAYGROUND,1
FELONY ASSAULT, P.O. SERRANO PLAYGROUND,1
FELONY ASSAULT, PELHAM BAY PARK,3
FELONY ASSAULT, "PEOPLES PARK",2
FELONY ASSAULT, POE PARK,2
FELONY ASSAULT, PONTIAC PLAYGROUND,1
FELONY ASSAULT, PUGSLEY CREEK PARK,1
FELONY ASSAULT, QUARRY BALLFIELDS,1
FELONY ASSAULT, RAINEY PARK BRONX,9
FELONY ASSAULT, RICHMAN ECHO PARK,3
FELONY ASSAULT, RIENZI PLAYGROUND,1
FELONY ASSAULT, RIVER AVENUE PARKS,2
FELONY ASSAULT, SETON FALLS PARK,2
FELONY ASSAULT, SIREN SLOPE,1
FELONY ASSAULT, SOUNDVIEW PARK,2
FELONY ASSAULT, SPACE TIME PLAYGROUND,2
FELONY ASSAULT, ST. JAMES PARK,14
FELONY ASSAULT, "ST. MARYS PARK BRONX",7
FELONY ASSAULT, TAYLOR PLAYGROUND,1
FELONY ASSAULT, TIFFANY PLAYGROUND,1
FELONY ASSAULT, UNNAMED PARK ON E 170TH STREET,1
FELONY ASSAULT, UNNAMED PARK ON NELSON AVENUE,1
FELONY ASSAULT, VAN CORTLANDT PARK,9
FELONY ASSAULT, VIRGINIA PARK,1
FELONY ASSAULT, "WASHINGTONS WALK",1
FELONY ASSAULT, WATSON GLEASON PLAYGROUND,1
FELONY ASSAULT, WILLIAMSBRIDGE OVAL,8
FELONY ASSAULT, WILLIS PLAYGROUND,3
FELONY ASSAULT, WOOD PARK,2
FORGERY, CLAREMONT PARK,1
FRAUDS, BATHGATE PLAYGROUND,1
FRAUDS, CAPTAIN RIVERA PLAYGROUND,1
FRAUDS, CLAREMONT PARK,6
FRAUDS, CLARK PLAYGROUND,1
FRAUDS, CONCRETE PLANT PARK,2
FRAUDS, CROTONA PARK,1
FRAUDS, EDENWALD PLAYGROUND,1
FRAUDS, FRANZ SIGEL PARK,1
FRAUDS, GRANT PARK,1
FRAUDS, GUN HILL PLAYGROUND,1
FRAUDS, HALF-NELSON PLAYGROUND,1
FRAUDS, HUNTS POINT PLAYGROUND,2
FRAUDS, INWOOD PARK,1
FRAUDS, LOZADA PLAYGROUND,1
FRAUDS, MOTT PLAYGROUND,2
FRAUDS, MULLALY PARK,2
FRAUDS, PARKSIDE PLAYGROUND BRONX,1
FRAUDS, PATTERSON PLAYGROUND,2
FRAUDS, "PEOPLES PARK",2
FRAUDS, PULASKI PARK,2
FRAUDS, QUARRY BALLFIELDS,1
FRAUDS, RAILROAD PARK BRONX,1
FRAUDS, RAINEY PARK BRONX,1
FRAUDS, RANAQUA PARK,1
FRAUDS, RICHMAN ECHO PARK,1
FRAUDS, SAW MILL PLAYGROUND,1
FRAUDS, SPACE TIME PLAYGROUND,1
FRAUDS, ST. JAMES PARK,1
FRAUDS, "ST. MARYS PARK BRONX",30
FRAUDS, TREMONT PARK,2
FRAUDS, UNNAMED PARK ON E 170TH STREET,1
FRAUDS, VIDALIA PARK,1
FRAUDS, WILLIS PLAYGROUND,5
GAMBLING, BEHAGEN PLAYGROUND,1
GAMBLING, CASERTA PLAYGROUND,1
GAMBLING, CLAREMONT PARK,1
GAMBLING, FRANZ SIGEL PARK,1
GAMBLING, GOBLE PLAYGROUND,1
GAMBLING, GRANT PARK,1
GAMBLING, HALF-NELSON PLAYGROUND,1
GAMBLING, SPACE TIME PLAYGROUND,2
GAMBLING, TREMONT PARK,2
GAMBLING, WILLIAMSBRIDGE OVAL,1
GAMBLING, ZIMMERMAN PLAYGROUND,2
GRAND LARCENY, ALLERTON PLAYGROUND,1
GRAND LARCENY, AQUEDUCT WALK,1
GRAND LARCENY, ARCILLA PLAYGROUND,1
GRAND LARCENY, BELMONT PLAYGROUND BRONX,1
GRAND LARCENY, BRONX PARK,8
GRAND LARCENY, BRYAN PARK,1
GRAND LARCENY, CLAREMONT PARK,7
GRAND LARCENY, CROTONA PARK,14
GRAND LARCENY, DAWSON PLAYGROUND,1
GRAND LARCENY, DEVOE PARK,2
GRAND LARCENY, DUNBAR PLAYGROUND,1
GRAND LARCENY, ECHO TRIANGLE,2
GRAND LARCENY, EWEN PARK,1
GRAND LARCENY, FAIRMOUNT PLAYGROUND,1
GRAND LARCENY, FERRY POINT PARK,1
GRAND LARCENY, FLYNN PLAYGROUND,1
GRAND LARCENY, FOX PLAYGROUND BRONX,1
GRAND LARCENY, FRANZ SIGEL PARK,1
GRAND LARCENY, HARDING PARK,1
GRAND LARCENY, HARRIS PARK,1
GRAND LARCENY, HIGHBRIDGE PARK BRONX SIDE,1
GRAND LARCENY, HORSESHOE PLAYGROUND,1
GRAND LARCENY, HUNTS POINT PLAYGROUND,1
GRAND LARCENY, JOYCE KILMER PARK,4
GRAND LARCENY, LORETO PLAYGROUND,1
GRAND LARCENY, LOZADA PLAYGROUND,1
GRAND LARCENY, LYONS SQUARE PLAYGROUND,2
GRAND LARCENY, MACOMBS DAM PARK,32
GRAND LARCENY, MATTHEWS MULINER PLAYGROUND,1
GRAND LARCENY, MOSHOLU PARKWAY,1
GRAND LARCENY, MOUNT HOPE PLAYGROUND,1
GRAND LARCENY, MULLALY PARK,10
GRAND LARCENY, NOBLE PLAYGROUND,2
GRAND LARCENY, PELHAM BAY PARK,4
GRAND LARCENY, RAINEY PARK BRONX,2
GRAND LARCENY, RIENZI PLAYGROUND,2
GRAND LARCENY, RIVER AVENUE PARKS,4
GRAND LARCENY, ROCK GARDEN PARK,1
GRAND LARCENY, SEABURY PARK,1
GRAND LARCENY, SEDGWICK PLAYGROUND,1
GRAND LARCENY, SETON FALLS PARK,1
GRAND LARCENY, SLATTERY PLAYGROUND,2
GRAND LARCENY, SOUNDVIEW PARK,8
GRAND LARCENY, SPUYTEN DUYVIL PLAYGROUND,1
GRAND LARCENY, ST. JAMES PARK,3
GRAND LARCENY, "ST. MARYS PARK BRONX",8
GRAND LARCENY, THE PEARLY GATES,1
GRAND LARCENY, TREMONT PARK,1
GRAND LARCENY, UNIVERSITY MALLS,1
GRAND LARCENY, UNNAMED PARK ON BAILEY AVENUE,1
GRAND LARCENY, UNNAMED PARK ON CROSS BRONX EXPRESSWAY & ARTHUR AVENUE TO BELMONT AVENUE,1
GRAND LARCENY, VAN CORTLANDT PARK,16
GRAND LARCENY, VINMONT VETERAN PARK,1
GRAND LARCENY, WATSON GLEASON PLAYGROUND,9
GRAND LARCENY, WILLIAMSBRIDGE OVAL,3
GRAND LARCENY, ZIMMERMAN PLAYGROUND,1
GRAND LARCENY OF MOTOR VEHICLE, CROTONA PARK,1
GRAND LARCENY OF MOTOR VEHICLE, HARRIS PARK,1
GRAND LARCENY OF MOTOR VEHICLE, MILL POND PARK,1
HARRASSMENT 2, BARRETTO POINT PARK,2
HARRASSMENT 2, BATHGATE PLAYGROUND,1
HARRASSMENT 2, BRONX PARK,1
HARRASSMENT 2, BRONX RIVER PARKWAY,1
HARRASSMENT 2, CLAREMONT PARK,1
HARRASSMENT 2, COURTLANDT AVENUE ASSOCIATION GARDEN,1
HARRASSMENT 2, CROTONA PARK,6
HARRASSMENT 2, CROTONA PARKWAY MALLS,1
HARRASSMENT 2, DAVIDSON PLAYGROUND,1
HARRASSMENT 2, DEVOE PARK,1
HARRASSMENT 2, EAE J MITCHELL PARK,1
HARRASSMENT 2, ECHO TRIANGLE,1
HARRASSMENT 2, FERRY POINT PARK,2
HARRASSMENT 2, FOX PLAYGROUND BRONX,1
HARRASSMENT 2, FRANZ SIGEL PARK,1
HARRASSMENT 2, GALILEO PLAYGROUND,2
HARRASSMENT 2, GRANT PARK,1
HARRASSMENT 2, HAFFEN PARK,1
HARRASSMENT 2, HALF-NELSON PLAYGROUND,1
HARRASSMENT 2, HIGHBRIDGE PARK BRONX SIDE,1
HARRASSMENT 2, JOYCE KILMER PARK,3
HARRASSMENT 2, JULIO CARBALLO FIELDS,1
HARRASSMENT 2, MACOMBS DAM PARK,2
HARRASSMENT 2, MATTHEWS MULINER PLAYGROUND,1
HARRASSMENT 2, MERRIAM PLAYGROUND,1
HARRASSMENT 2, MOUNT HOPE GARDEN,1
HARRASSMENT 2, MULLALY PARK,3
HARRASSMENT 2, NELSON PLAYGROUND,1
HARRASSMENT 2, NOBLE PLAYGROUND,1
HARRASSMENT 2, PELHAM BAY PARK,3
HARRASSMENT 2, "PEOPLES PARK",1
HARRASSMENT 2, PUGSLEY CREEK PARK,1
HARRASSMENT 2, RAINBOW GARDEN,1
HARRASSMENT 2, RAINEY PARK BRONX,3
HARRASSMENT 2, REV J POLITE PLAYGROUND,1
HARRASSMENT 2, RIVER AVENUE PARKS,1
HARRASSMENT 2, ROSE HILL PARK,1
HARRASSMENT 2, SLATTERY PLAYGROUND,3
HARRASSMENT 2, SOUNDVIEW PARK,1
HARRASSMENT 2, ST. JAMES PARK,6
HARRASSMENT 2, "ST. MARYS PARK BRONX",5
HARRASSMENT 2, STARLIGHT PARK,2
HARRASSMENT 2, THROGS NECK PARK,1
HARRASSMENT 2, UNNAMED PARK ON BRUCKNER EXPRESSWAY WEST OF MORRISON AVENUE,2
HARRASSMENT 2, UNNAMED PARK ON NELSON AVENUE,1
HARRASSMENT 2, VAN CORTLANDT PARK,4
HARRASSMENT 2, VAN NEST PARK,1
HARRASSMENT 2, VIRGINIA PLAYGROUND,1
HARRASSMENT 2, WATSON GLEASON PLAYGROUND,2
HARRASSMENT 2, WILLIAMSBRIDGE OVAL,1
INTOXICATED & IMPAIRED DRIVING, FERRY POINT PARK,1
INTOXICATED & IMPAIRED DRIVING, VAN CORTLANDT PARK,1
KIDNAPPING & RELATED OFFENSES, PELHAM BAY PARK,1
KIDNAPPING & RELATED OFFENSES, WEBSTER PLAYGROUND,1
MISCELLANEOUS PENAL LAW, AQUEDUCT WALK,2
MISCELLANEOUS PENAL LAW, ARCILLA PLAYGROUND,1
MISCELLANEOUS PENAL LAW, BEHAGEN PLAYGROUND,1
MISCELLANEOUS PENAL LAW, BRONX PARK,3
MISCELLANEOUS PENAL LAW, CLAREMONT PARK,1
MISCELLANEOUS PENAL LAW, CROTONA PARK,1
MISCELLANEOUS PENAL LAW, ECHO TRIANGLE,1
MISCELLANEOUS PENAL LAW, FRANZ SIGEL PARK,2
MISCELLANEOUS PENAL LAW, GRANT PARK,1
MISCELLANEOUS PENAL LAW, HARRIS PARK,1
MISCELLANEOUS PENAL LAW, JOYCE KILMER PARK,1
MISCELLANEOUS PENAL LAW, MACLAUGHLIN PLAYGROUND,1
MISCELLANEOUS PENAL LAW, MOTT PLAYGROUND,1
MISCELLANEOUS PENAL LAW, MULLALY PARK,1
MISCELLANEOUS PENAL LAW, RAILROAD PARK BRONX,1
MISCELLANEOUS PENAL LAW, RAINEY PARK BRONX,1
MISCELLANEOUS PENAL LAW, SETON FALLS PARK,1
MISCELLANEOUS PENAL LAW, ST. JAMES PARK,1
MISCELLANEOUS PENAL LAW, "ST. MARYS PARK BRONX",2
MISCELLANEOUS PENAL LAW, TREMONT PARK,2
MISCELLANEOUS PENAL LAW, UNIVERSITY MALLS,1
MISCELLANEOUS PENAL LAW, UNNAMED PARK ON SUMMIT AVENUE,2
MISCELLANEOUS PENAL LAW, VAN CORTLANDT PARK,1
MISCELLANEOUS PENAL LAW, WILLIAMSBRIDGE OVAL,3
MISCELLANEOUS PENAL LAW, ZIMMERMAN PLAYGROUND,1
NYS LAWS-UNCLASSIFIED FELONY, CONCRETE PLANT PARK,1
NYS LAWS-UNCLASSIFIED FELONY, "ST. MARYS PARK BRONX",1
NYS LAWS-UNCLASSIFIED FELONY, TREMONT PARK,1
NYS LAWS-UNCLASSIFIED FELONY, WILLIAMSBRIDGE OVAL,1
OFF. AGNST PUB ORD SENSBLTY &, BRONX RIVER PARKWAY,1
OFF. AGNST PUB ORD SENSBLTY &, BRYANT TRIANGLE,1
OFF. AGNST PUB ORD SENSBLTY &, CLAREMONT PARK,2
OFF. AGNST PUB ORD SENSBLTY &, CROTONA PARK,2
OFF. AGNST PUB ORD SENSBLTY &, CROTONA PARKWAY MALLS,1
OFF. AGNST PUB ORD SENSBLTY &, ESTELLA DIGGS PARK,1
OFF. AGNST PUB ORD SENSBLTY &, FOUNTAIN OF YOUTH PLAYGROUND,1
OFF. AGNST PUB ORD SENSBLTY &, HAFFEN PARK,1
OFF. AGNST PUB ORD SENSBLTY &, MACOMBS DAM PARK,3
OFF. AGNST PUB ORD SENSBLTY &, MOTT PLAYGROUND,1
OFF. AGNST PUB ORD SENSBLTY &, MULLALY PARK,1
OFF. AGNST PUB ORD SENSBLTY &, PELHAM BAY PARK,1
OFF. AGNST PUB ORD SENSBLTY &, "PEOPLES PARK",1
OFF. AGNST PUB ORD SENSBLTY &, RAINEY PARK BRONX,2
OFF. AGNST PUB ORD SENSBLTY &, RISSE STREET PARK,1
OFF. AGNST PUB ORD SENSBLTY &, ST. JAMES PARK,1
OFF. AGNST PUB ORD SENSBLTY &, "ST. MARYS PARK BRONX",1
OFF. AGNST PUB ORD SENSBLTY &, VAN CORTLANDT PARK,6
OFFENSES AGAINST PUBLIC ADMINI, ARCILLA PLAYGROUND,1
OFFENSES AGAINST PUBLIC ADMINI, BRONX PARK,2
OFFENSES AGAINST PUBLIC ADMINI, BROOK PARK,1
OFFENSES AGAINST PUBLIC ADMINI, CAPTAIN RIVERA PLAYGROUND,1
OFFENSES AGAINST PUBLIC ADMINI, CHIEF DENNIS L. DEVLIN PARK,1
OFFENSES AGAINST PUBLIC ADMINI, CICCARONE PARK,1
OFFENSES AGAINST PUBLIC ADMINI, CLAREMONT PARK,1
OFFENSES AGAINST PUBLIC ADMINI, CROTONA PARK,5
OFFENSES AGAINST PUBLIC ADMINI, DEVANNEY TRIANGLE,1
OFFENSES AGAINST PUBLIC ADMINI, JOYCE KILMER PARK,3
OFFENSES AGAINST PUBLIC ADMINI, MACOMBS DAM PARK,1
OFFENSES AGAINST PUBLIC ADMINI, MERRIAM PLAYGROUND,1
OFFENSES AGAINST PUBLIC ADMINI, MOSHOLU PARKWAY,2
OFFENSES AGAINST PUBLIC ADMINI, MOTT PLAYGROUND,1
OFFENSES AGAINST PUBLIC ADMINI, MOUNT HOPE PLAYGROUND,1
OFFENSES AGAINST PUBLIC ADMINI, NELSON PLAYGROUND,1
OFFENSES AGAINST PUBLIC ADMINI, PONTIAC PLAYGROUND,1
OFFENSES AGAINST PUBLIC ADMINI, RAINEY PARK BRONX,1
OFFENSES AGAINST PUBLIC ADMINI, RIVER AVENUE PARKS,1
OFFENSES AGAINST PUBLIC ADMINI, SETON PARK,1
OFFENSES AGAINST PUBLIC ADMINI, SOUNDVIEW PARK,1
OFFENSES AGAINST PUBLIC ADMINI, ST. LAWRENCE TRIANGLE,2
OFFENSES AGAINST PUBLIC ADMINI, "ST. MARYS PARK BRONX",2
OFFENSES AGAINST PUBLIC ADMINI, TRIANGLE AT E175TH STREET,1
OFFENSES AGAINST PUBLIC ADMINI, UNNAMED PARK ON CROSS BRONX EXPRESSWAY & FEATHERBED LANE,1
OFFENSES AGAINST PUBLIC ADMINI, VAN CORTLANDT PARK,2
OFFENSES AGAINST PUBLIC ADMINI, WILLIAMSBRIDGE OVAL,1
OFFENSES AGAINST PUBLIC ADMINI, ZIMMERMAN PLAYGROUND,1
OFFENSES AGAINST THE PERSON, BRONX RIVER PARKWAY,1
OFFENSES AGAINST THE PERSON, CROTONA PARK,1
OFFENSES AGAINST THE PERSON, HAFFEN PARK,1
OFFENSES AGAINST THE PERSON, MAGENTA PLAYGROUND,1
OFFENSES AGAINST THE PERSON, ST. JAMES PARK,1
OFFENSES AGAINST THE PERSON, "ST. MARYS PARK BRONX",1
OFFENSES AGAINST THE PERSON, VAN CORTLANDT PARK,2
OFFENSES AGAINST THE PERSON, WAKEFIELD PLAYGROUND,1
OFFENSES AGAINST THE PERSON, WILLIAMSBRIDGE OVAL,1
OFFENSES INVOLVING FRAUD, CAPTAIN RIVERA PLAYGROUND,1
OFFENSES INVOLVING FRAUD, FRANZ SIGEL PARK,1
OFFENSES INVOLVING FRAUD, MACOMBS DAM PARK,13
OFFENSES INVOLVING FRAUD, RAILROAD PARK BRONX,1
OFFENSES INVOLVING FRAUD, RIVER AVENUE PARKS,1
OFFENSES INVOLVING FRAUD, "ST. MARYS PARK BRONX",1
OTHER OFFENSES RELATED TO THEF, CROTONA PARK,1
OTHER STATE LAWS NON PENAL LA, BRONX PARK,1
OTHER STATE LAWS NON PENAL LA, MACOMBS DAM PARK,1
OTHER STATE LAWS NON PENAL LA, VAN CORTLANDT PARK,1
PETIT LARCENY, ABIGAIL PLAYGROUND,1
PETIT LARCENY, ADMIRAL FARRAGUT PLAYGROUND,1
PETIT LARCENY, ALLERTON PLAYGROUND,1
PETIT LARCENY, ARCILLA PLAYGROUND,1
PETIT LARCENY, BARRETTO POINT PARK,2
PETIT LARCENY, BATHGATE PLAYGROUND,1
PETIT LARCENY, BELMONT PLAYGROUND BRONX,1
PETIT LARCENY, BENJAMIN GLADSTONE SQUARE,1
PETIT LARCENY, BERGEN TRIANGLE,1
PETIT LARCENY, BOSTON GARDEN,1
PETIT LARCENY, BRONX PARK,6
PETIT LARCENY, BRONX RIVER PARKWAY,4
PETIT LARCENY, BUFANO PARK,1
PETIT LARCENY, CAPTAIN RIVERA PLAYGROUND,2
PETIT LARCENY, CASTLE HILL PARK,1
PETIT LARCENY, CLAREMONT PARK,9
PETIT LARCENY, CONCRETE PLANT PARK,1
PETIT LARCENY, CROTONA PARK,5
PETIT LARCENY, CROTONA PARKWAY MALLS,1
PETIT LARCENY, DAWSON PLAYGROUND,2
PETIT LARCENY, DEVANNEY TRIANGLE,1
PETIT LARCENY, DEVOE PARK,5
PETIT LARCENY, DUNBAR PLAYGROUND,1
PETIT LARCENY, EAGLE SLOPE,1
PETIT LARCENY, ECHO TRIANGLE,1
PETIT LARCENY, FLYNN PLAYGROUND,4
PETIT LARCENY, FOX PLAYGROUND BRONX,2
PETIT LARCENY, FRANZ SIGEL PARK,1
PETIT LARCENY, GOUVERNEUR PLAYGROUND,1
PETIT LARCENY, GRANT PARK,2
PETIT LARCENY, GUN HILL PLAYGROUND,3
PETIT LARCENY, HAFFEN PARK,2
PETIT LARCENY, HARDING PARK,2
PETIT LARCENY, HUNTS POINT PLAYGROUND,3
PETIT LARCENY, HUNTS POINT RIVERSIDE PARK,1
PETIT LARCENY, INWOOD PARK,1
PETIT LARCENY, JEROME PLAYGROUND SOUTH,1
PETIT LARCENY, JOYCE KILMER PARK,4
PETIT LARCENY, KELTCH PARK,1
PETIT LARCENY, LORETO PLAYGROUND,3
PETIT LARCENY, LYONS SQUARE PLAYGROUND,1
PETIT LARCENY, MACOMBS DAM PARK,28
PETIT LARCENY, MARBLE HILL PLAYGROUND,1
PETIT LARCENY, MATTHEWS MULINER PLAYGROUND,1
PETIT LARCENY, MERRIAM PLAYGROUND,1
PETIT LARCENY, MILL POND PARK,2
PETIT LARCENY, MOSHOLU PARKWAY,2
PETIT LARCENY, MOUNT HOPE PLAYGROUND,6
PETIT LARCENY, MULLALY PARK,14
PETIT LARCENY, NELSON PLAYGROUND,1
PETIT LARCENY, NOBLE PLAYGROUND,1
PETIT LARCENY, P.O. SERRANO PLAYGROUND,1
PETIT LARCENY, PELHAM BAY PARK,17
PETIT LARCENY, PLAYGROUND 174,1
PETIT LARCENY, PLAYGROUND 52 LII,1
PETIT LARCENY, PROSPECT PLAYGROUND,2
PETIT LARCENY, RAINEY PARK BRONX,5
PETIT LARCENY, RANDALL PLAYGROUND,1
PETIT LARCENY, RICHMAN ECHO PARK,3
PETIT LARCENY, RIVER AVENUE PARKS,1
PETIT LARCENY, SETON FALLS PARK,1
PETIT LARCENY, SLATTERY PLAYGROUND,4
PETIT LARCENY, SOUNDVIEW PARK,4
PETIT LARCENY, ST. JAMES PARK,3
PETIT LARCENY, "ST. MARYS PARK BRONX",9
PETIT LARCENY, STEBBINS PLAYGROUND,1
PETIT LARCENY, STORY PLAYGROUND,1
PETIT LARCENY, TAYLOR PLAYGROUND,1
PETIT LARCENY, THE PEARLY GATES,2
PETIT LARCENY, TREMONT PARK,3
PETIT LARCENY, UNNAMED PARK ON BRUCKNER EXPRESSWAY & ZEREGA AVENUE,1
PETIT LARCENY, UNNAMED PARK ON E 164TH STREET,1
PETIT LARCENY, UNNAMED PARK ON E 170TH STREET,1
PETIT LARCENY, VAN CORTLANDT PARK,15
PETIT LARCENY, "VAN CORTLANDTS TAIL",1
PETIT LARCENY, VIDALIA PARK,1
PETIT LARCENY, VIRGINIA PLAYGROUND,1
PETIT LARCENY, WALTON PARK,1
PETIT LARCENY, WATSON GLEASON PLAYGROUND,5
PETIT LARCENY, WILLIAMSBRIDGE OVAL,17
PETIT LARCENY, ZIMMERMAN PLAYGROUND,1
POSSESSION OF STOLEN PROPERTY, MELROSE PLAYGROUND,1
POSSESSION OF STOLEN PROPERTY, PARKSIDE PLAYGROUND BRONX,1
POSSESSION OF STOLEN PROPERTY, RAINEY PARK BRONX,1
PROSTITUTION & RELATED OFFENSES, "ST. MARYS PARK BRONX",2
PROSTITUTION & RELATED OFFENSES, UNNAMED PARK ON E 177TH STREET,1
ROBBERY, AGNES HAYWOOD PLAYGROUND,2
ROBBERY, ALLERTON PLAYGROUND,1
ROBBERY, AQUEDUCT WALK,2
ROBBERY, ARCILLA PLAYGROUND,1
ROBBERY, BEHAGEN PLAYGROUND,4
ROBBERY, BELMONT PLAYGROUND BRONX,3
ROBBERY, BERGEN TRIANGLE,1
ROBBERY, BRIDGE PLAYGROUND,1
ROBBERY, BRONX PARK,12
ROBBERY, BRONX RIVER PARKWAY,1
ROBBERY, BROOK PARK,1
ROBBERY, BRYAN PARK,1
ROBBERY, BURNS PLAYGROUND,1
ROBBERY, CAPTAIN RIVERA PLAYGROUND,2
ROBBERY, CASERTA PLAYGROUND,1
ROBBERY, CEDAR PLAYGROUND,1
ROBBERY, CICCARONE PARK,2
ROBBERY, CLAREMONT PARK,24
ROBBERY, CLARK PLAYGROUND,2
ROBBERY, CONCRETE PLANT PARK,5
ROBBERY, CROTONA PARK,38
ROBBERY, DAWSON PLAYGROUND,3
ROBBERY, DEVOE PARK,4
ROBBERY, DUNBAR PLAYGROUND,1
ROBBERY, EAGLE SLOPE,2
ROBBERY, ECHO TRIANGLE,2
ROBBERY, EWEN PARK,4
ROBBERY, FERRY POINT PARK,1
ROBBERY, FLYNN PLAYGROUND,1
ROBBERY, FOUNTAIN OF YOUTH PLAYGROUND,1
ROBBERY, FOX PLAYGROUND BRONX,1
ROBBERY, FRANZ SIGEL PARK,11
ROBBERY, GOBLE PLAYGROUND,1
ROBBERY, GOUVERNEUR PLAYGROUND,1
ROBBERY, GRANT PARK,1
ROBBERY, GROVE HILL PLAYGROUND,1
ROBBERY, GUN HILL PLAYGROUND,1
ROBBERY, HAFFEN PARK,3
ROBBERY, HARRIS PARK,1
ROBBERY, HAVEMEYER PLAYGROUND,1
ROBBERY, HENRY HUDSON PARK,1
ROBBERY, HORSESHOE PLAYGROUND,1
ROBBERY, HUNTS POINT RIVERSIDE PARK,1
ROBBERY, JOYCE KILMER PARK,16
ROBBERY, KELTCH PARK,1
ROBBERY, LORETO PLAYGROUND,1
ROBBERY, MACOMBS DAM PARK,12
ROBBERY, MAGENTA PLAYGROUND,3
ROBBERY, MARBLE HILL PLAYGROUND,3
ROBBERY, MATTHEWS MULINER PLAYGROUND,1
ROBBERY, MELROSE PLAYGROUND,2
ROBBERY, MERRIAM PLAYGROUND,1
ROBBERY, MOSHOLU PARKWAY,6
ROBBERY, MOTT PLAYGROUND,2
ROBBERY, MOUNT HOPE PLAYGROUND,2
ROBBERY, MULLALY PARK,19
ROBBERY, NOBLE PLAYGROUND,1
ROBBERY, OWEN F. DOLEN PARK,1
ROBBERY, P.O. SERRANO PLAYGROUND,1
ROBBERY, PELHAM BAY PARK,7
ROBBERY, PLAYGROUND ONE THIRTY FOUR CXXXIV,1
ROBBERY, POE PARK,3
ROBBERY, PONTIAC PLAYGROUND,1
ROBBERY, PUGSLEY CREEK PARK,1
ROBBERY, QUARRY BALLFIELDS,3
ROBBERY, RAINEY PARK BRONX,7
ROBBERY, RICHMAN ECHO PARK,1
ROBBERY, RIVER AVENUE PARKS,1
ROBBERY, SEDGWICK PLAYGROUND,1
ROBBERY, SETON FALLS PARK,3
ROBBERY, SETON PARK,2
ROBBERY, SOUNDVIEW PARK,1
ROBBERY, ST. JAMES PARK,5
ROBBERY, "ST. MARYS PARK BRONX",17
ROBBERY, STARLIGHT PARK,5
ROBBERY, STARS & STRIPES PLAYGROUND,2
ROBBERY, STORY PLAYGROUND,2
ROBBERY, THE PEARLY GATES,1
ROBBERY, TIFFANY PLAYGROUND,2
ROBBERY, UNIVERSITY WOODS,1
ROBBERY, UNNAMED PARK ON CROSS BRONX EXPRESSWAY & ARTHUR AVENUE TO BELMONT AVENUE,1
ROBBERY, VAN CORTLANDT PARK,9
ROBBERY, "VAN CORTLANDTS TAIL",1
ROBBERY, VINMONT VETERAN PARK,1
ROBBERY, VIRGINIA PLAYGROUND,1
ROBBERY, "WASHINGTONS WALK",2
ROBBERY, WATSON GLEASON PLAYGROUND,5
ROBBERY, WEBSTER PLAYGROUND,1
ROBBERY, WILLIAMSBRIDGE OVAL,18
ROBBERY, WILLIS PLAYGROUND,1
ROBBERY, ZIMMERMAN PLAYGROUND,1
VEHICLE AND TRAFFIC LAWS, BRONX PARK,1
VEHICLE AND TRAFFIC LAWS, FERRY POINT PARK,1
VEHICLE AND TRAFFIC LAWS, JOYCE KILMER PARK,1
VEHICLE AND TRAFFIC LAWS, MOSHOLU PARKWAY,1
VEHICLE AND TRAFFIC LAWS, SOUNDVIEW PARK,1
